ID Маркета;Исход первого входа;Цена первого входа;Признак Risk-Free;PnL (Сумма);PnL (%);Вложено всего
0x002e245fd3475a5e1b13677c9547ca01743d34fb3713500fdd629fc22cc3f0e6;Up;0,56;Нет;-2221,00;-11,81;18803,39
0x005333f0656144d60b92a99703257cb71e5672c81b03f21095e01850c2fdc030;Down;0,45;Нет;-251,79;-10,04;2508,01
0x00c72b51747cbdaae3da039447f0be805bb88f776c245b9deead36d23801161b;Down;0,60;Да;307,03;25,48;1205,12
0x014238ff4c593978c81be0de4fedebd2251a335fa7e2bf41fb058ff361587b89;Up;0,53;Да;196,20;89,20;219,97
0x0142aa9da9562390cfad2a250a9e099431e2eae23256a2ec3cf5a13105e7b229;Down;0,69;Да;148,44;9,84;1508,51
0x01cafca7d845c173524f280c91ef303622ca6bb3e578cf10a787a4255dbb5c29;Down;0,40;Нет;-17,25;-9,20;187,51
0x01e135daf300c2b74adef8483919567a9e9031e91f27526ae40f8e519656c09e;Up;0,50;Да;145,10;23,10;628,03
0x01e26c29b0cdb3e893fdc0f25bd9f72268cca17c4407652d870c76eca6e7b18d;Down;0,49;Да;844,30;8,85;9544,72
0x02271a45bb2bf26ac429f846984dda6b3093d270a7830c988ecb04d1ee51f5be;Up;0,43;Нет;-79,04;-3,94;2004,96
0x02510fd85b64ed1c7ec74086f2ed1a43d2bf73210ccfed77dcc0dc0e802a33c3;Down;0,54;Нет;-182,16;-23,14;787,04
0x0375741885c5be654d8fa64e06296d9c2da848eab2ea29e75cb743a35fec3d94;Up;0,56;Нет;-511,03;-6,47;7897,56
0x039cf7600541bacb0b459501f31a8a802bc11141de94b41c698276780468c890;Up;0,53;Нет;241,35;6,53;3694,67
0x03bbeaed02b50db683071066deddaefa1df8d22b8a970f64627a9a1279c7810f;Down;0,52;Да;620,70;19,66;3157,09
0x03c7383c82925745c9def1f02afb03274ef2281214e07baf7c2b78b380d2e56a;Up;0,37;Да;300,37;12,52;2398,95
0x042402ea3e03279d7ce2ed561f5ee7f7efe32c86be292ee1bbacceeb9214bd94;Up;0,49;Да;280,54;2,90;9677,01
0x047bf121383a63c9525c0d153e38f1923f565dbeb582ce7ec916206a142012ed;Down;0,42;Нет;-28,15;-10,17;276,79
0x04dd32fbf8363f9bac3297a154a47e0f680a6e162c5d3febed377e34b5f031dc;Down;0,65;Нет;-40,01;-11,51;347,51
0x0554ab7698b2825fdf43885c729757a95689fa0f054d75618e1c614fc4fc1a49;Up;0,40;Да;-3,80;-1,47;257,99
0x063387e08cbe0cdcf131d08e2bfcb936943e4b12cced8687bf5755b708b4a6a3;Down;0,52;Да;606,75;5,42;11198,36
0x067c286cd0a731f9a20570e463227052cbb1cc3aea0a3ad2f9cc37f4828f759f;Down;0,55;Нет;40,04;18,24;219,52
0x06b92a28bb45098da3e9d3ba7484b94656c2bc28af1db6f14a9d10f924b0d70a;Up;0,37;Нет;-50,71;-15,23;332,96
0x06c20b6a73a4064834adb32efbd89ae52aeda980cd669d5fda4026c3da684bfa;Up;0,55;Да;73,52;11,10;662,33
0x07744d587a66e1f27c355438312a097d8ccec8aa1a286d796566e34b2476ff1e;Up;0,54;Нет;-27,12;-0,52;5181,07
0x07afeeb74e5a60ebe07127253ef2766867fd5ec623eff2499438486900ffc320;Up;0,20;Нет;-116,04;-3,38;3437,29
0x07ce66d4f3a350987bbd62f53fe8e1d7a732b116d6ab225e9fb46f3e531980e9;Up;0,47;Да;-14,27;-4,88;292,52
0x0821fd539b8748c4c14f4a8624abd290bfd2f84d951330a4aa4246208849d38f;Up;0,59;Да;81,97;14,13;580,05
0x083dcc57808df720705c51c4c1017b3c2dbcb792f76cd23f9e35d3ba50705c54;Down;0,57;Нет;157,34;48,13;326,89
0x0927b2fe8a84cd948dc7941f6a324791c3c5e98b865f30946ee56ee53cf9852a;Up;0,58;Да;623,68;12,84;4858,23
0x096086af5eacf99a878d725042106ad85988a46a8926cee42f4af82744ecf6f3;Up;0,55;Да;30,49;7,96;382,94
0x0994d30255f190c71a2c88f539f1af80457d75c88d448b108b14589bd5f30c26;Up;0,49;Да;463,37;19,28;2403,91
0x0a0dd1a4321d11e1cddad99aafc1bf6123dde47f54a604bda0b3389c33fc3401;Down;0,50;Да;357,39;3,94;9067,28
0x0a1f3374e6e865d5468d890fbedc70914125936eb65a1adc5e24623d8fd7279e;Up;0,47;Да;21,33;12,94;164,80
0x0a6b31df1cddc12c47401f7aa65e13e3854609fb1cad94ef02e8ae7228bdcd55;Down;0,57;Нет;-77,38;-1,97;3921,96
0x0a810746d770f03f9cb3cce532e50c2faf1dc636c0b01031305d1e4a9006cc3a;Down;0,66;Нет;462,04;10,09;4580,74
0x0b648aecf576c193c1868fb7d67d468953391a4311b82d4f28ea4936e8a6b510;Down;0,48;Да;-23,92;-10,97;217,95
0x0b77ec14bb6a29350de6825f6d36ca208714fe8a0d9bf6ee861c37d161e719b4;Up;0,51;Нет;46,45;14,26;325,71
0x0bd3594a0b49022f611c89234763d0db93205f7a0a74171cbfe9543498c7a86f;Up;0,38;Да;10,05;0,44;2286,04
0x0c705fc66f2d9011abb40c18927313fcab077752c733adc0c96989b1ba392c1f;Down;0,55;Нет;-296,56;-7,33;4045,74
0x0c7ed4aec04ce85c7ea0fcab7a618015b000b50b603e84a94284a4967ecdc228;Down;0,60;Да;438,32;13,63;3216,88
0x0c8eb86147db015cdc6b9c538e90aa0441d648904ebf434a1a652eafee9424ff;Up;0,54;Нет;-314,37;-9,37;3354,16
0x0c93d1c81f8e6c3abf8bc2f65eec51bc5f3023b3e142d5476a1c16147b3ad5fb;Up;0,50;Да;122,66;5,09;2411,86
0x0cfd3a709ece83367c5e05cb0c01336bb0fb77456af5a615a9a00de9265abeca;Up;0,55;Нет;-54,97;-7,79;705,67
0x0d5b27d0ae7be3a4d0abd75e543572109719b692d1cc3545ae7e83082d823cc1;Up;0,61;Да;-449,55;-8,24;5453,04
0x0e540d6e8a4f074c79da5746b2e396b6a62b97598cfbfce6435dcb37a3dc02c4;Down;0,69;Нет;-43,16;-9,88;436,63
0x0eb976907f0a59b711dffee2e31bb22fa4bbc18d25e3243cad5fde945cde83ce;Down;0,38;Нет;10,06;1,67;602,84
0x0eee58af56d1e8d3869cfaa478e825e0a12ff7e52688d34233280d68114353d3;Down;0,46;Да;687,09;30,47;2254,72
0x0f3cf3a6d07ed150a1e4ed59425d59ad4bf604c4663a5cd40527f06a2574c98b;Up;0,46;Нет;-152,24;-19,33;787,65
0x0fbe6cc636e8103ed1d1405d07575f76236f8d704c37fb84a1e2071f41e35766;Down;0,48;Нет;467,54;22,66;2063,16
0x0fc2f085a3f76378710fbefd7fb1745f9dbf18494ef35b0358682d7ef4dd0a64;Up;0,65;Нет;1445,46;41,41;3490,19
0x0fe7f770801aeea49cc7325961c816e59b4ba82b5e770d3286766fb465498595;Up;0,48;Нет;-429,85;-10,35;4153,94
0x1053f5bc426d43b9d033dee1fab6f8c07d7c5bd7babfcd21e9864a783f8f468f;Up;0,36;Нет;-49,04;-10,66;459,99
0x1088183ce0267646c63235b6f7fc96e4d1890caa5c7a9cce5da5b7d74781809a;Up;0,42;Нет;-34,94;-4,12;848,64
0x11767d138275b8bd1d992b9a04c978f8369d935af509222778b512a5ce8eb694;Down;0,21;Да;2,28;1,73;131,70
0x117e0b87c42961aecaed5cc0232b1843452c7ca324b3530fd0252e8fb7d73def;Down;0,01;Нет;-12,06;-100,00;12,06
0x122d6cd0d42cb974f5d7c61ade6462648f331f9d9217103d0c1ae11257643bc0;Down;0,85;Нет;181,52;12,42;1461,09
0x145073596cc306f4d1c8fd9c3d7e119f624fe43b4808747b211d8030cbba7072;Up;0,62;Да;11,57;7,16;161,64
0x15003c07ae2d5883108e9b1e57ec60b1d28c472075d5f49e312c26c133bd0b68;Up;0,47;Нет;-37,16;-6,56;566,19
0x15e9fcced0fde595b112ebf70bcbd98af9eb74930e7508600ffd5a5910528b93;Up;0,57;Нет;-115,48;-5,72;2018,15
0x16870ee1609a4173fd130179d8483b6328c634bf4775bfe4aa971c5799430cc4;Down;0,47;Да;73,76;1,78;4144,10
0x175e6fae9d3d1fddb07df06a60dfe7ac6fe4fe1891167a3276606bcd3022fd2d;Down;0,50;Да;63,90;21,38;298,86
0x189d6569c1d091ddddeb9b52a66b46240418c5ad961037075b435d76b2ef5672;Down;0,52;Нет;366,16;15,08;2428,81
0x1907a18fcf628f3dc2e993d6c1e1315b579dcdea6d64d3b3f0378143512682e6;Up;0,29;Да;4,22;1,52;277,18
0x192f8a45845d571ea85f32d2a5a4584fa8fc7a72118bc2cea50e7f79b6338af8;Down;0,55;Да;13,68;6,94;197,19
0x194bc96be8d692e1938405ce845f0990b15d16dba9ceb536925f5b2393d19f85;Down;0,57;Нет;-641,27;-27,23;2355,21
0x1a2980cd10d3c07f5dfc8eb41a4adaf79012167ca00d98bced248a03ad5f55da;Up;0,22;Нет;-119,93;-20,32;590,16
0x1b8c7e2b61a80edf8da81684105e2e742a7da056872b0942173adef0f1a43356;Down;0,47;Да;103,03;8,12;1268,96
0x1b9ed7ae401c844abd47bd4abc0bea0efbe92c0bcc14b819eb043832f6c10e8f;Down;0,39;Да;59,80;19,71;303,33
0x1c0849e32c14c027b20cd5cad067be858d15e6fa6b5e5ae9b5089cc648435675;Down;0,48;Да;986,66;31,73;3109,71
0x1c9a6200c257913b17127ddcdab1cb5f2aa6140c9f934a98eab11f480fe67351;Up;0,50;Нет;30,92;6,82;453,53
0x1c9b88798b0b72c8e4e0c2f4e759d82b5f124eabdecea075816c3f226d5ae020;Up;0,56;Да;-4,93;-0,79;623,46
0x1cc1d001dea391050195642d503ef93461aa9263ce010be79d987389141b9b09;Up;0,39;Нет;-25,38;-22,19;114,38
0x1dde7fb80193d2c3c1bc047b1c5767e230a7cc0cdff36fb5a3e80e6b2dab48b9;Down;0,30;Да;68,26;17,99;379,37
0x1e0d28570c2fb29f423e1e2ec1bec327bcde9400f9d4c6dd6bfa1a5aea69aff9;Up;0,34;Да;2,35;0,04;5449,15
0x1eb726ad8b7a0b97cb74d71d2c72fa435caba5b57c8bb0e0cba356819c4eb329;Down;0,42;Нет;-50,58;-12,14;416,74
0x1ec44cc49a85f4413ca2d853749b476cdcea21ace4f8ae83890191cb6dacf1dd;Up;0,56;Нет;-282,00;-27,62;1020,85
0x1f4d1214d47abd9fc3b7888458fe04de21562fbc9601a3b3c701354965313883;Up;0,80;Да;-9,35;-5,14;182,00
0x20394a0e2d349d9cc25ad7072cdee3dffaf934fe174c4cb684e77e9004a82e1c;Up;0,22;Да;-152,71;-5,46;2794,66
0x203cf5089d8cdbc398d1d04b93967094e01d4e5694da07ce03e599288c232fc1;Down;0,96;Нет;10,47;4,96;211,02
0x211c89c9e6e169d2f8e4215fc4a2a6390424e18752fd995da0efc20efa9116cf;Down;0,51;Да;-32,26;-0,43;7547,58
0x219bdcaa802dde57f51a470fbca31bc42b89e9d191707691f8733bf1c433a37a;Up;0,49;Нет;-182,77;-37,14;492,15
0x22a405b5631d98677e8831613bbdd6855ff5a3aed4c6bfa9ad67c57b5ead881e;Up;0,52;Нет;-135,62;-17,55;772,75
0x23955e2bf3e67ba50f6293c356a3e169048569a06642492b3a4d75c427ca7b54;Up;0,49;Да;306,39;26,77;1144,50
0x239d776d9a2f92aed6a5f80fce37bde8d0d8d628907d0a124f5d069915b7106a;Down;0,51;Да;123,82;3,35;3697,71
0x23cabc988062854d7899049b47a0b5bdfb2536dc638e58995709b867c5e2232d;Up;0,42;Нет;-3486,89;-37,52;9293,39
0x23f19895d7ba926f286803b2f65d6c419b844dcde9443da07a15fec817903595;Up;0,46;Нет;-63,59;-14,64;434,42
0x23f34f15531227775fe3ae4f9f0bd596afb875146ca0feb6a12a8c48ded65123;Up;0,51;Нет;1211,76;51,90;2334,79
0x245b26d2524a31ba20a0f55581ed11f24d086969002084d376637fcb463e403b;Up;0,57;Нет;141,73;5,66;2503,77
0x2486077252b4f709e7642ed77c1813f917545703a87c897cd4334197f398d339;Down;0,80;Да;221,20;12,40;1784,47
0x249c63bb4955f90c2c50ccb9d3d0609c44dfe1dba6068c2e912bba7dcb63771e;Up;0,67;Нет;535,21;13,01;4114,62
0x25ea01f1ed8d652290c7c1838c67a8009de902443638ddadba1719101346052a;Down;0,34;Нет;-163,76;-31,61;518,07
0x26531de1c8505f8b73619f788cc96422c9f7af0873d83f02403d405face78128;Up;0,35;Да;-12,17;-1,62;751,86
0x26aac9e39a3cc77c08d5378d3e8070497d8cf0c146ce829bbe4ecf03ce410775;Down;0,54;Нет;216,59;43,16;501,87
0x270adab3597b919e123b2492c0b834e6a286ab869fef744e928cc25b90414ee5;Up;0,53;Нет;260,85;34,69;751,86
0x28599792044b4f020f9ba05966e559e7feaa1d9d449ddf8e30a7783f60e950c4;Down;0,43;Нет;-214,73;-8,97;2394,14
0x2874fb4c1ef9628727edfb306f9fa424d5fdfc861829c5b9f06cdc535058fe5c;Up;0,41;Да;48,36;12,45;388,59
0x2950accf605984923beb7deb05faa30f7fa3fa05211079d3956fc9f0704b5407;Down;0,34;Нет;-8,58;-1,64;522,97
0x29c74e930ae4581c6298607208e194713da81469f49c9086741e670f3d340eff;Up;0,56;Нет;-97,57;-1,49;6554,15
0x2a04b795d0bd29790969adf322aa2aaab2b4728f7deef0524290aa65950f48b8;Up;0,56;Да;1287,76;67,47;1908,51
0x2a21a1947e008eaff586876e59f5c17985f3485cf4bc587a1a89ad871a871fac;Down;0,54;Нет;-2031,40;-16,04;12663,62
0x2b340b0c8b57ea08170f145f0ee97c1e84fd7ffb9863e0c09191f03d2de0ba73;Up;0,43;Да;218,93;7,68;2850,60
0x2b4beca5623e27f405b5955e3941e562b52271ceea245b0c995557bacf225a61;Down;0,41;Нет;1041,46;16,18;6435,38
0x2bac1e5e7e474454dc3d5fa40ce6a7fc33f587fcaf3fd092e5bc77d2ed0a3d20;Down;0,47;Нет;7,62;2,22;343,72
0x2c08b482e7866c6af995d63b5c98b930221cc836d0a73254809395b9f0b9ee0b;Down;0,51;Нет;15,71;4,42;355,59
0x2c5bcfadcf455a667f4759786116732067366be2f1be0dc29a7fd81013f2a468;Up;0,44;Да;201,33;36,46;552,23
0x2cba55242f855d7d52b3f1fa8bdfed7309b8a17fa5ed98d8dfdd787d7fec8f0b;Up;0,53;Нет;-62,90;-2,54;2481,40
0x2cc8ec38aaecca3b9b909f18a938592b187052ee2cc2f685b7a0129ba0296329;Up;0,61;Нет;-13,19;-4,29;307,31
0x2ceec481d5ea74e30145ae8e5854fbaf0f8f8758cbf586bb08e91f14ab739c70;Up;0,48;Нет;-28,72;-3,85;745,79
0x2d24332a891b62a5b1d32cae1032a084c5e1e6026927c72794b75a14f0240296;Up;0,45;Да;29,29;2,35;1246,44
0x2d43cc367568e054c0eb087e90b0af1c789c08b2359f0533fa68b494bb2084c2;Up;0,54;Да;-83,22;-9,69;858,94
0x2d515131012a908a7cc24ff34ea522dfca2a7c1179a43563d5e8733a7f633738;Down;0,45;Нет;17,79;11,42;155,69
0x2e91893de34aa13340122b7b5239e70c76beb186f424102cadc51741784ca74f;Down;0,52;Да;442,37;49,24;898,38
0x2efeb54558c54d1b1c3c9df78fa7f62e7f717c015d0f41540d6d4323edbf4505;Up;0,52;Да;-4937,42;-43,42;11371,63
0x2f07d996841a11b6473631c2d090dd46d626c00d8c9ba2ba696605bda07cbb87;Down;0,52;Да;69,73;30,25;230,52
0x2f26ce3dbd9a382d495d27759a3ccb0d53b782a82a0322090fac5f2a0a98f7dc;Up;0,61;Да;380,89;7,51;5069,79
0x3032be18f6483c4f0ccfb2e41d371440b9bd6c1af0455d8166404c6c053bf88c;Up;0,32;Да;106,12;21,61;491,08
0x30d6ce8abe35e278912f7a1a525c8f708432baa5eb060d2d5f1b03f831192048;Up;0,50;Нет;249,95;24,25;1030,71
0x313f9af716626bcbfbacc6fa3b404c4c69d7c654a30f926d2492c180801fb3de;Down;0,55;Нет;241,41;2,23;10803,70
0x31da28e8f2c9b985ddd9f8175e41bed731f0d62e8b033f398b90a9c75f609fa0;Down;0,62;Да;1148,55;30,82;3726,49
0x326f53949919af3d944f94e7ef68aaaba498fe903b7b81bc04038535f9a9dc32;Up;0,28;Да;15,99;7,74;206,68
0x32bb99f8f5f756fb59aac56b8a333407d3ba648ac7e52c8538829a97cbb1801d;Down;0,38;Да;119,34;28,63;416,84
0x332de29543f4820ee5c706f8fadf9f1c1b2ff77ceb9130ee83149f9fe1b4339c;Down;0,60;Да;-448,43;-2,92;15382,31
0x333a7f04b40e90e0e34d7678005cf3cc1b30855fee0af2350dbe8125dfcfea47;Down;0,60;Да;113,92;4,54;2508,91
0x33564eb8fc787520c13c5192c69dd9958aefe885ba85be9ad539a6de04671a2c;Down;0,52;Нет;83,01;24,05;345,22
0x339465569789c7840410fb9c88cf75d4da1d041fc762ae4b0cde71fcbcad0d86;Down;0,55;Нет;396,98;65,03;610,48
0x33955c25d37ddd564145f1202dad12afcafe6df9c564dffbdbe420589cd42dc4;Up;0,46;Да;-17,32;-2,56;675,53
0x33b1c085d851d50a34e022814bf71a429c02e07f530a16fe8061784f7288cfbe;Down;0,35;Да;93,60;16,57;564,91
0x34224c8ebd5f6a95fad488d5bfabeb035a5a7eaeb53e78bbfd2de89f64f8b8b9;Down;0,42;Да;-23,06;-0,36;6337,93
0x3426b1b30d9dd0d876f63214c1159ebb4a4b70926ea6e70641d51c88278d579e;Down;0,44;Нет;-58,59;-2,21;2647,67
0x347baf9fd5b9a336ae49e5cf6d89f11002f82158651f52c0b62d118e3079f059;Down;0,54;Нет;-54,98;-4,18;1314,86
0x349aacc2ea9bedd1c790c5c9b2f353ff687e460df0df495c4007d343bcf9f744;Down;0,26;Да;2,88;1,65;173,91
0x350869692ace49c9af45ff018e71b95f2eddadc7b92c4c0183057886444e21a4;Down;0,59;Нет;-194,38;-21,20;917,02
0x36269556347d0a869072c98af6aaf59791f130563053e8757640f539c5b616b4;Down;0,53;Да;113,48;8,19;1385,28
0x364b4f74c4cbc9c06a71eaa9b42d2b2980326d6b2e101f251a9531c1aad21b51;Up;0,27;Да;34,42;3,58;961,11
0x367630900a32e6050521fb0d36dd5ccb6aee931a66da28936fb61387dc384489;Down;0,51;Да;131,74;3,69;3568,51
0x36766e7bd78801b7d457c1af28d2a2dce3787929b3d0ecaedcc5d2af2027457a;Down;0,55;Да;46,42;12,07;384,55
0x36aa575759f8cb8333a339e3378ac4d0d05a5a096625ca7e473eb18e814e537c;Down;0,56;Да;-232,54;-11,14;2088,15
0x36ae5d1b7d9e882e9ccd2f98a25a80c9c09c0724294dec055e78b539e5bfff26;Down;0,44;Да;1076,90;26,00;4141,98
0x374443eba1f7fbab9c506f3d98ae038b3a481c551674f1c2b7d2632bd2d250b8;Up;0,54;Нет;-37,53;-0,55;6862,74
0x378663ca8d8ee5b3caebb4a5e2bd506adb310b8fbbf1bca1910f25a3ffbe74c4;Down;0,90;Нет;27,00;7,05;382,70
0x378ad2d2b8cf22b9af1d5dc6547dcedbb03b73aa18317106a1a6c041dded36bd;Down;0,42;Нет;-56,14;-9,98;562,60
0x37940f4f71de7c509040a6e3f91a91592a30911b2277244f3244fde9b3acce0c;Down;0,39;Да;43,58;19,59;222,45
0x388648c23a60b26c751228dce38e409ab124d4c6369d68efb276d831055d5c38;Up;0,38;Да;-11,39;-6,52;174,54
0x38c961ddf910fbe10f34415550c3edf3d867d8510bcf4885001903106f997228;Down;0,50;Нет;-424,81;-7,23;5873,88
0x3a9c52c30169521d6aa5aed69ffc76391110cb3091587592a9496884cf54f63f;Up;0,48;Нет;-264,62;-67,96;389,38
0x3aa1c2129153e51c44d2c5dfad5448c9f988f1fe4afdfce95a3882410550b781;Up;0,50;Да;319,84;18,73;1707,80
0x3b16d52a85a85906b3927e1364cf6201c6b54d91ab2e1c1faf41fa3651288bee;Down;0,42;Да;1052,43;36,95;2848,31
0x3b68bff12b3a4ca9f6d70c2d337335ba4adf4334092f955e69801b0d66ed604d;Up;0,54;Да;274,25;16,29;1683,68
0x3b9540b187a1c25081a67af5fee68bd41667f39bd001df7c0e82771ebe663c7c;Up;0,55;Нет;-27,36;-10,81;253,21
0x3bcc0e5d74f5bd688c957dc2e47f21a1c61b69b2a1fbebf5e296cc98779722e1;Up;0,55;Нет;-65,31;-18,10;360,86
0x3c16bf52aba5aa063a2775e3bc7f0c435f0e9d7fa82a9fe10419468110d9b72b;Down;0,35;Да;-115,54;-4,14;2789,50
0x3c247103542f24105ad46c0e7dfb36cbcf613547fa05277b3f3fdde1b722d319;Down;0,59;Да;931,13;31,49;2957,08
0x3c363169c459f614a04f888e0aae353b5c9ab687edea018a8ca9771d078fa56b;Down;0,95;Да;12,51;5,17;241,78
0x3ce038ba2e90ebfc13e1b228e8a17f8f3ebcae5e3458884f4ba3051a6c35c114;Down;0,45;Да;-48,36;-31,47;153,67
0x3cedf9c7a225dc31eabf27ef637438d6c1b9de9e36b06410c196a491b8df91f8;Down;0,37;Да;283,77;20,98;1352,40
0x3d11764d793cff11a8f13602db0be785b35697158b37be8b2b6935da02a69def;Down;0,53;Нет;247,70;21,86;1133,07
0x3d6f22d86a52b079c17f4ae001c392f58c9a6dd7b1b0e7394dd2d6f994ab6119;Up;0,58;Да;65,20;3,94;1654,45
0x3dd843f689116898b888c3212b71accb406c52bf4371b0e1c00c71f00737f2ed;Up;0,42;Нет;-182,38;-15,46;1179,72
0x3ebb4b0f02968a54c9cb7e7f36b33dd6e80256655470f6c6053a29dffb96eab7;Up;0,51;Да;1216,62;49,82;2442,11
0x3f059868264d215aa989622bd282a7b683ee73e233395d787f8c6fd2c62eedbd;Up;0,34;Да;316,42;7,63;4149,75
0x4017080353734d63b473c6dcdf582e29964afdce5df953aa90be8b56d5243881;Down;0,49;Нет;-65,20;-16,42;397,07
0x402bf5f3ebb992a12c4148d829182915b41e1bc487bec6d5183353a94b6f7e1f;Down;0,42;Нет;-41,48;-9,97;416,19
0x41d60749ee22fa56d2b144ddf18e5ea4aebad1366c58c19f6413a1611eda55e2;Up;0,54;Нет;-314,82;-28,90;1089,44
0x42418d68f10246b4c6e6b3056b7297c809bdea8e11fc45741a1cdeef50ae6b3a;Down;0,54;Да;53,54;23,71;225,78
0x4319b39f034740e845217549ea065993a465325c6567259b0ed593a4cd84aab9;Down;0,42;Нет;-4,46;-2,04;218,56
0x434ecc896fdefb478c8c303c05be42168778321428f4ceaf407db13573db651a;Up;0,35;Да;500,98;42,63;1175,25
0x43b5104097f6aff6207a2bf9ebbfdf0f2397e6d2e501cc5fc5d0929b89f579cc;Down;0,39;Да;561,33;10,42;5388,46
0x44d24b40bbfe26722388160fe88f4de85d3519c4462662ee0eb4051dfa9a098d;Down;0,50;Нет;-1256,00;-15,01;8368,02
0x450d2b760dd1eecb1e3255adda1049be053b035511b6c17c331b0742bd469f07;Down;0,50;Да;55,42;23,66;234,20
0x451ca3b7a412a32f4e60785f735b05cb9d0a496c681ddb4e16aeb0a54796e591;Up;0,41;Да;-148,96;-10,59;1406,89
0x462fbd57f0ca07ad5cfe31fc796ba11f161cfc2094a5411b7af879dda886974d;Down;0,51;Да;303,27;43,94;690,24
0x46320e7134892f30233543ab6aff490423eb887c4c984214148d4abdf67f7524;Down;0,52;Нет;-13,33;-0,93;1434,75
0x46702375115ba7e4f9de7b3609fdfb8738785d05a62b484f241df4b464628c03;Up;0,39;Да;648,02;32,44;1997,67
0x468a96863a2da09cbff6b3d7df7cd50571a578164671f6d8c2de8c6724214902;Down;0,38;Да;132,21;5,46;2420,41
0x4723b9c733f25ae1b9f76c62fbde8a107586a6d2d0d7ea6caf5bb50f336dd7b6;Up;0,31;Нет;-120,29;-13,50;891,09
0x4762b0f35c5cc38c8aa31d6fad479696bf344296a5b130c1e3d89c0bace5ae5d;Down;0,59;Нет;-881,12;-12,40;7108,59
0x47a9accbfba0827cc8f01a9053854dd28e3aa880211e452139cbdb2eef5f1a30;Down;0,63;Нет;-162,32;-14,06;1154,70
0x47eefd5e17bf3b5a587c2856a7d298e75e8badd348d904e9079d4792ea364a6d;Up;0,57;Нет;181,54;8,01;2267,31
0x484b4985da8713a8082bcf14aeb42c1a0a2f8290af07f1330858c90d9e765576;Down;0,39;Нет;-26,05;-3,92;663,91
0x48552563921680dfe6b2269cadb73de41ffafa9429dfb181e8bfa488f78287b1;Down;0,49;Нет;-56,02;-36,80;152,23
0x486975689c3f2d1fc79ed1891ab39368eb7bd36b946930fc1c60240cbecf2373;Up;0,55;Нет;-90,83;-18,59;488,72
0x48729a2b7a6a54a1c0623ab7f60b7fde099817768c8975cb413901849c5d6cef;Up;0,57;Да;448,21;7,89;5682,53
0x4947c04a783310cc8b0839e2ad23bfba40435aa9ae8768bbea34204c7ac527dd;Up;0,53;Да;86,69;17,91;484,19
0x4a08bd7cb3a5470cb4722765e4cc2edfbc7c633d4b401aa6f2c6df826deb8b5a;Down;0,44;Нет;44,19;8,35;529,25
0x4a7b2382a8993a148f2cdba09a5cfef5a396785921915c49bffccf93a3e571de;Down;0,50;Да;-258,30;-3,60;7180,21
0x4ac4f401526866cb90f0d0c513fb2a28dd9a4e113610b4b215fa021ba5e9069a;Up;0,59;Нет;2771,30;79,35;3492,32
0x4b509b4cb884a84f72f9119c10046743c1ab95a38e77408ffc1a0d13fa44953c;Down;0,51;Да;551,06;36,80;1497,29
0x4b68de0470be9664727efa697f4c3254e190810a5f5343ef09f6da665baf7d12;Up;0,50;Да;-23,79;-0,89;2672,34
0x4b89e1aa35afebab93dcafdd5fc2f03c4b9dea17cb8f4efc98a9eb8d70cd31fc;Down;0,27;Нет;-35,35;-28,29;124,93
0x4d067aaddcbf00aee24f488a0139677e51a71832e89a8f2914ae8f402fe5477b;Down;0,52;Да;48,56;3,50;1386,51
0x4d6de6cc11a5470080e7afaaf5d1dd79ae0019478a0bff793bead8b358b7e0c8;Down;0,72;Нет;-1613,86;-18,71;8625,97
0x4db619c13c00bec1b625e2489cd0e6ddda545adc7f1fd6dec2f1899d32abd935;Down;0,37;Нет;-36,28;-6,72;540,18
0x4e017e08a63ad6141dbd23838c3fbbff77ddb6647b131b256e77ba05bd4998d5;Down;0,44;Да;27,32;11,77;232,21
0x4e2582378b26eb6b9d6059cd188eac7a0dafcf4e648c5e134913a84caccbca76;Down;0,47;Нет;14,28;1,40;1022,45
0x4e93c8667df747517a5a00876d6feef697a468db3ab0955042f90f8f38bb929b;Up;0,79;Да;2047,90;19,53;10483,69
0x4f03c4a6ad9de2ac8fed770427e223a7243618cb0cebd9b249d3ab18babca09e;Down;0,61;Да;78,29;21,68;361,12
0x4feb8e6d4a8678e529938da3f294384c7bf26ae651ba25fcf89acfba29d5ac35;Up;0,61;Нет;-32,42;-3,96;817,85
0x501dc3e74c48ae45d1102ec18df3b1384981a914a57d7a062d49c2c8701d1e4d;Down;0,16;Нет;-28,33;-14,96;189,33
0x505842304902eaefdb84eb314639516470ead7dd3c4168af0137e7ad15ea9b2a;Up;0,54;Да;411,63;45,51;904,54
0x5066b276ced94f9f6d559107e51238babe3ceee2737cd210fdfec8add9af290f;Up;0,22;Нет;-487,15;-30,50;1597,00
0x5081253a03de0e4621e85a99cf2b8a0db183a198b620cdd5e21d726eee8c7c73;Down;0,54;Нет;-33,32;-7,10;469,39
0x5190e658d0ec974885053cf2694697037a786bcb17c4df4b86b5e62052055941;Down;0,45;Нет;-72,93;-26,76;272,52
0x5235ead0cc0e5e8b93ad7a0c32a28b1146bc5b0d0b1ce76ab9dd8f9185b5bf69;Up;0,27;Да;-1,59;-0,76;210,03
0x523bb1a94dab9632960745ba1e33b82b8d558588c4a9c723bf2ba3128a201bba;Down;0,56;Нет;190,03;5,54;3428,65
0x5249194c0af1afb82de78ee9e4bfb3339986e9cb88de893973706595c4efc372;Down;0,61;Нет;-330,11;-13,81;2389,73
0x52693340a6836ac69d8e2b06fa93a6fce18c5f9b58bc2905a8fa9fe69404594f;Down;0,42;Да;524,86;41,61;1261,44
0x52c069c9703a85ec9bc809fd2ec28005d6b08aa1edf43fa80f44ec9012b51063;Down;0,55;Нет;344,09;14,49;2374,65
0x5332ec2593739971fae84899a7dc8bbae10a80082713d5e1cc298f2990b15c40;Down;0,01;Нет;638,54;9900,00;6,45
0x53655ad05488d68c498259c921ab8d78f7494d733bae3cf92305a6cf1fee5e71;Down;0,40;Нет;-12,14;-9,11;133,35
0x54598111fecdad2e1d1232e328112e7f1b281796a2a5a90361400dfc1014cbab;Up;0,47;Да;259,12;16,30;1589,86
0x549f2795c38b240f9ab8ebddc8fa0c178e30a96ff732fcb9e9e711973a071dc7;Up;0,28;Да;-30,67;-4,71;650,84
0x55693fd7e55ec7ee554ade30f0d72b30a8e8f3bfd503ce4b8397e4ff3906096f;Down;0,39;Да;-90,43;-15,82;571,76
0x56234b5b90815d78db3ddcaa1d1f1035a18a78ad5fd447d9ea1394ddb5bb2078;Up;0,70;Нет;61,82;15,96;387,40
0x56c14e725c6b04b0990ba52124c2081afa3e643a362f002314261cf90ff39542;Down;0,46;Да;38,06;5,15;739,58
0x570df221831f92673f79ed426c8a5e261a0bd4232ea05a0225f8fd576784b910;Down;0,44;Нет;732,67;39,69;1845,94
0x5725472f5a702223cb9ea0df221967be7295214065361cb00eb5cb8ed26bfc49;Up;0,44;Да;-4,32;-1,18;364,91
0x5800ad70483108204f206615ff42db667742bda427f1dd70c5410c1ea7bb1f7a;Up;0,35;Нет;-13,03;-12,09;107,81
0x580288c832698ff9c13a137a3deaa29a5a39b76a89f8746e0679fbe88eeb85cc;Down;0,51;Нет;689,88;49,78;1385,91
0x5863874e003c49a9070fda6286ea016bdb81537bd3a89d7ed6971e6dd92d979e;Down;0,30;Нет;32,56;8,17;398,80
0x58759fece5f1dbe265fd9a29bbe1dbbc198736dc9c7009fcba047da314006cfd;Down;0,55;Да;5,49;2,11;260,32
0x58e2abc428eca6323e1f2de66dd2446e1bdf3123ba17b7bd256d19229b453d34;Up;0,65;Да;30,13;10,57;285,06
0x58efc0ca62bc89b9074007b15403286367b61d9588dc065978c01f13cf151559;Up;0,01;Нет;-3,60;-100,00;3,60
0x5a2461fabbade01b0924f7ddd0a2297b05d0881a3ec8d0bed488a426629648be;Up;0,72;Да;36,06;6,31;571,05
0x5a737e5db6aa851293aed10a4678c9b2ce76368fdc73fc4e192599af84bd2af1;Up;0,50;Да;443,49;33,52;1323,26
0x5acebeb45ce47744b5e0172547e369c06d2c69a4cc71025f38fb064bcfb3bba1;Up;0,54;Да;373,59;5,42;6888,52
0x5b31074db63bcec9191a882e8ac97686692f354e7645e5ef4f095460c0d0f357;Up;0,39;Да;89,84;5,60;1605,11
0x5b35b972f95d8195a0c47af8d9ed25846d42166d6a9e1edca9ef2bc96b3be0b8;Down;0,01;Нет;-3,60;-100,00;3,60
0x5b8f0dddb9e1555219e62d382a726484b6f76868579c42c15448650fedcf32dd;Down;0,96;Нет;3,65;2,48;147,33
0x5bddbd169e27fe1b6eb2c21db29da612afa06405084841f1e97c8ac622647bef;Down;0,48;Да;37,33;10,84;344,41
0x5c120a54734c76cc757d55028bc62208a8a203e1606ad2925206e2669993e42b;Down;0,88;Да;216,53;7,23;2995,78
0x5c20cea28867f9c0a02ec8c68472f57f169bec104ecc5d44c5fb17fbbaa76aae;Down;0,54;Нет;-61,07;-4,23;1442,46
0x5c287bbadd0be9927fd392c282aa55b63f4647c8dd466d5a1ca11d7feff5b4a0;Up;0,41;Нет;-295,61;-5,15;5738,56
0x5c44c152b93227c33f5762fde15fc8cc5a1692399e59215c6dcdbfca440956c7;Down;0,86;Нет;52,12;16,28;320,17
0x5c638b6ad3dcfda04e626975bd1d42159ec4262e98c2c47002c5d9acb6d781eb;Down;0,52;Нет;873,67;22,02;3967,54
0x5cc256eb470d34347c561ebdcc9078a293650c3a357616f4ee5d83389b5bb389;Up;0,59;Да;1700,86;193,72;877,99
0x5da8e4e3ba0bb146c880b642fde2e4855eaf158e5a3931f82e7501cc0d8223d1;Up;0,55;Нет;173,40;35,52;488,15
0x5dc9bdf94fd98ebec48a782e417f46ec965d85423f416e2f960cd9ab689fb1cb;Down;0,48;Нет;-69,15;-17,81;388,33
0x5de7f89ad684220c778f43aa68f524ef613c86f85d6bc91e5f29bd752d956fe5;Down;0,58;Нет;-116,74;-13,97;835,70
0x5e25446693fdbddf62618dd6b21282c35e9a01c5862d23b917688e744d0b81b1;Down;0,40;Нет;-244,81;-3,27;7480,20
0x5e44d99ed77cdc2ff9168e288c06b4cd2c9aea1f82b3ffa64de899621b97bcc0;Up;0,46;Да;-4,62;-2,71;170,32
0x5e482feb8e1c06401dd2a6bed1edab002a9c51e0dc32d156817a0ee7966147fe;Up;0,70;Нет;-47,70;-6,80;701,77
0x5fd51b81b7998195429232531296b101479c03529fb0658a884001f2417b911a;Down;0,29;Нет;-59,35;-6,42;924,63
0x60906013c0daf2f47a4d0dd57f1106cb949f67101870167f3ebadf2700e46b64;Up;0,57;Да;55,56;22,77;243,98
0x60a15710f65e4c734027cdc6319b2145432379f041e0933dea942c28e1cecc14;Down;0,41;Да;179,09;11,59;1545,11
0x60a4179066bdd0113e03994a6f4f67dcefbe109c1b86f35ee6ed9f1a7d8ac0b2;Down;0,50;Нет;36,12;8,28;436,43
0x60be43ac3743ed0c9e73eb37d711f631648401a17a3b170f622d0d009cee9dc7;Down;0,65;Да;-52,11;-21,32;244,47
0x613eb4a1e29987d8761c963df55bb4bf8d7fa0970d52f16440f3c2d4654cb0f2;Down;0,43;Нет;273,72;68,28;400,89
0x6142f287bd6001d07cceae0b64e8c68b21295ef9367831f5b59949f07cb14018;Down;0,06;Да;-814,70;-21,06;3868,93
0x616a0a3dc52fbec92ed3355c6eced9195a8ed114720279f0e12b71fae728473f;Down;0,56;Да;181,11;6,19;2925,70
0x61ad1c525eeae49e7a08c6d2b730f3a4d1afb62e5eb45da2fa41e47ecb11cd33;Down;0,60;Да;91,60;4,89;1872,87
0x62370177e40d53226eb3466d50a40ac20664140c0e0fdd8aab14e92d22d1d07b;Up;0,36;Да;717,27;24,04;2983,86
0x62392e2d9fa5f66c14004fd14e7c5b0ca5d40da1aede98774d6537650b47e525;Up;0,53;Да;526,80;12,76;4129,99
0x628d0f46bf2d486e8d9307fb8faa4d7dbea5f189fc8a8ca411952b87e6bbb72b;Up;0,43;Нет;-105,09;-22,57;465,66
0x6311036050d3807eb1d1d50389f20ae0331539d05592907a31a933f4e95e8e43;Down;0,54;Нет;-114,07;-3,83;2975,72
0x63190f7578ff415277cde26b9915f639b92b16adedaa399fc92dfe0804b0e836;Down;0,56;Нет;-280,75;-25,16;1115,81
0x637361704e1e4dfc0ebd56e425891a0b634eb7ec18c2a3fe26b492aa67c3013c;Down;0,28;Нет;-12,14;-25,22;48,14
0x63cae29fc44c3792bb872f972bfa54cc3088f5575af96c366fec2b49ca0f880e;Down;0,62;Нет;-149,21;-2,88;5186,05
0x63efb1e92256cf27573b88bce21a89cd64d0ab8665d66761454f6d8d4da5c764;Down;0,31;Нет;54,86;11,96;458,66
0x6427d947b8dba3bcf618118772b4f905de22f542bfdfde56090321c2f5d5679f;Up;0,43;Да;-89,61;-15,55;576,41
0x649eba44d9714f93e5d5fdd2de95587301fe5e8101a5917f034ea37daf037724;Down;0,56;Нет;-223,19;-10,07;2215,66
0x653562e3ecf37a61389e42a3d5b45d2b92d8046a1eaf8ec8430c834c896e5556;Down;0,53;Нет;62,80;4,58;1370,20
0x656246d7add7a076fdbe94b60388d39531b33280c912ddca260796d1bf416c0d;Down;0,49;Нет;-20,02;-14,83;135,01
0x65b7cac912f6f5cc3c40d54ed223c51ea943689f50bed838e81e7ad65a2b8b49;Up;0,55;Нет;-631,15;-7,08;8908,49
0x663251667c78f96dfdbcc6a7289de7655401afaef359ac6766df9d467b39ff82;Down;0,46;Нет;-9,17;-4,94;185,76
0x66b68dcea438e5576d7ac5a8ad0bc655d9016e5157946725731263b0ae0ce61c;Down;0,36;Да;38,93;7,67;507,38
0x66b6db5e5bafaa2ca7090065cc09bd331fd4e611996f223ffb167091f8423f57;Up;0,34;Да;-4,22;-1,30;324,28
0x66e331476bddfabc0ed268cced0ea2dfbb5bc11d8fc643fca7e0ed20ed33f189;Up;0,60;Нет;-2069,45;-22,62;9148,89
0x67259fe3690c4ac15e99c64d7cc25692c8b41aabd2743b9386687e65ec1d1adc;Down;0,97;Нет;-1,57;-4,20;37,44
0x672dbdd2e020ec07f08f05aad2d4bf7f3771f8525068381614984faa7820b7b1;Down;0,53;Да;167,14;63,11;264,85
0x6730927d08b14425fca8ed739b8fd9b732d07e11e842ca738beabeed006bb870;Up;0,57;Да;415,27;10,98;3783,66
0x67b580b98859f7b359732a407a1d6daa36c2515c6dc61dfc06436c1ef6a148e1;Down;0,38;Да;64,21;18,48;347,46
0x67ba3d3fe138b9f7c48791166c1c192deb277433c784b35d9ed21f3f183220a6;Up;0,34;Нет;-104,89;-14,76;710,83
0x67c8f600d8b5cf133cfa9e3189256661e7c847b10ca6c2fc8eca2052dbc10201;Down;0,28;Нет;79,43;15,78;503,27
0x687e7fe80f59f306987360f73c4b856fbb2e4d41e402c49bcf242f9b8ddca113;Up;0,33;Нет;-3246,46;-41,07;7904,18
0x688ec1132ffca3feeb889501338f99777035ef048ae34084fe5ccd78515402bc;Down;0,59;Нет;-54,28;-15,64;347,09
0x68e006a428aacd93e7dac7acf31b34daa3a1ee54b575e4831c8908c161ebdd31;Up;0,51;Нет;93,76;5,73;1635,67
0x6929b31a53b3b15ac835cdecb2723de210b4df1a8cb730cdce8715b4cd23db7b;Up;0,36;Да;9,31;2,96;314,60
0x695a3df6b68347cb2954d536a0e89866d81e8b8495338635d6a6a5c485ef9ba5;Down;0,53;Да;80,52;3,04;2644,55
0x6a28e02981ca4bc69cdc1ba803f60e2070fc6342a659f5e04c7dfbb250b0246c;Up;0,50;Да;18,96;4,26;445,56
0x6a714412bb9d30542f0450d9f5451628cd401fdaefd7f1534dd23d32b2c75798;Up;0,41;Нет;28,02;35,99;77,85
0x6aacb663db7aa0bace71f211bb39af0610b15f1373a137c0ca0d70461a05b10b;Down;0,55;Нет;-491,35;-33,47;1468,19
0x6ab0dc1fabcd4ec66252b07a78dbcbf1c08f31df85f1cdafda6e78d95c921893;Down;0,54;Нет;-162,27;-4,11;3952,03
0x6b1add23f6372a67d3fece9a8248d2dc87aa2347d0e548ff24329ce12d5833c2;Up;0,61;Да;962,05;20,43;4709,74
0x6b5fd99759de6c1bca379b1fa37c125969641afe9cb3dbfbf8570df60e6c3e67;Up;0,50;Нет;115,28;19,51;590,89
0x6ba6c25bf59c5a5f0db19d8794c017df2827ee24d3357edcb3d4e3a60dba9ac5;Down;0,68;Да;113,21;11,80;959,28
0x6bc0cfe3df3e561e8e9655fbccd3d3a908202acc2751f871400dd7489b2ddced;Down;0,37;Да;47,36;21,11;224,39
0x6c61ba8cc328bdbebcc4026322b22fb0c6faeef762c65c3dfafdb4fd40b3722e;Up;0,30;Нет;-329,97;-25,23;1307,68
0x6c732324f20ab9af87885665bfaee4f3ede335c45340a81f2683f6e9f9a38774;Up;0,37;Да;16,39;7,26;225,88
0x6cd4cdc8d3bb2a404456c4803eebbd08fa77505f86a7f086233364542b5b113c;Down;0,48;Да;226,35;23,09;980,43
0x6cda8379e72c3aae69c4844da42e338cdb99c6bd97a042d902f87b62b75099dc;Down;0,58;Нет;-139,26;-23,04;604,50
0x6d062a1e6d5f0296354d1d084dc5a85537962a4cfa9bb5a216b237b09c60b8d1;Down;0,48;Да;211,83;39,41;537,46
0x6d6ffc5f4b36fbf948a56676a12057c0da7e4f2c667209281d2f0ae6733282a5;Up;0,39;Да;-46,70;-3,28;1424,70
0x6db1a476b8932d9d017fb460664c813b29c3aa3a49a18376d3483a4e15eb5f7b;Up;0,27;Нет;-18,79;-2,17;867,53
0x6e6774ae85b60c11d3d5ae4bf2caa6db94661ca39283dec9a7b3429cde3f7f1f;Down;0,70;Да;667,23;12,34;5405,14
0x6f1fdbe99e5e5c0b6aac6bc6bb5b984160e2ba3b95a314aef8c847c58046721c;Down;0,56;Да;237,82;50,73;468,76
0x6f5f755e9afa94633f481abdbb7ddd2c784a3668d0cc5ab61ce86ec12c63d391;Up;0,53;Нет;-191,23;-7,53;2540,50
0x6f9b7c0f0ae15e28fc9591d8498fda9d825b44d94584f47a90719be2ad4082d3;Up;0,48;Нет;-249,89;-19,65;1271,81
0x7027dfb1b1c571dd4ae9c1bf252fdba8c02dd17172d5756a7dc73905e600427d;Up;0,34;Нет;-173,24;-19,88;871,21
0x70c54a7fd5ac782b901b3adb1f3837611af6717a754b73387edf6a89e2cac505;Down;0,44;Нет;163,44;45,12;362,20
0x72432a75a501cbd51ad5a4262f0e5169cb5c30d22f2271db6655e67f17df76ec;Down;0,55;Нет;-73,09;-9,48;771,20
0x728515edbb42fb952f89ecf867c5112e4c79fcfe60cf7c6080d25e8637d91bea;Up;0,40;Нет;-1431,78;-12,50;11452,55
0x72ad5c1f876e7e29b909b82c6bc3693fee712079e176b25804930274650913a9;Down;0,49;Нет;-120,64;-8,50;1418,78
0x72ced488a6261743ecf1ae7508589d9d38e50439e60d0156894ad6935924cac3;Down;0,50;Нет;1707,23;33,78;5053,87
0x72d62b2cad907909ca58cbea35bd7134539badb8b672efc9b7f03e02a18a74b0;Down;0,61;Нет;34,40;11,56;297,45
0x737ef3cfd42cc95531b59b2bae522e8b10de79dd3a220569fa253fd522a66e50;Down;0,02;Нет;-28,76;-100,00;28,76
0x73e0e853450d538708940ebb82d815444da455879e6cb5647a50898fcc63ac15;Down;0,43;Да;178,57;16,45;1085,47
0x741ed93f19b15f522943bbc56108f9991e8ef735baabbefe2ae72b946ecd04d3;Up;0,66;Да;316,28;26,67;1185,71
0x74a0dcd3e6efaf2a42ad6c2d950f23f65b2fecfd33e8d97fdc07c51723988ff0;Up;0,51;Нет;500,26;33,92;1474,65
0x7565d9742d1a4473861f8fcebe7e039133a0f57423c31a0ae805043833ab4991;Up;0,82;Да;-1,00;-1,10;90,43
0x75a8a240dd5bb20fbbd6a894811c0a8044411ae2b329c6b4aa9d5a171db5282a;Up;0,65;Нет;-339,98;-16,55;2054,35
0x76c9d98f9dbcc3fe23fd3c2b28745bfd11bce8bb76288b84c5f13c40234d2b7e;Up;0,40;Нет;-1720,35;-28,57;6020,95
0x76ec59e820525cf02fac74af35638d94eefd89669ffb1ba7762b960fa3f4ddba;Up;0,52;Нет;-44,54;-18,37;242,48
0x777a0d0a133a57bbd05416267f7c5eeb785ad29357bf3d4ca6a1ad69c188da27;Down;0,01;Нет;-6,63;-100,00;6,63
0x77aac7ba3a68261fa36297c03cb254bc82f429a6a7b0ffb958bba1339ea0c634;Down;0,49;Нет;151,98;2,04;7445,41
0x77ceade4551a30e17a4d4f1ff4d9c5f77aeef70b3e354c714ae79ae19c36b064;Down;0,53;Да;167,25;7,43;2252,28
0x77f76b1c8ed122967bb587305058e2d0b82870943f30f1dd3162fb93d20aab62;Down;0,54;Нет;-18,45;-1,68;1096,48
0x7869ef4c0e60fc1b0efd734ff567c916d22ae5e27f1d256bd2d2828920186e92;Up;0,56;Нет;-126,29;-18,89;668,65
0x78bb00695fb61bb523cf535c8f226e3a3a61eb75be972c3fea8189e6591189d2;Down;0,28;Да;53,18;40,52;131,25
0x7958590a4566c5c1006522c2c7dd829464ed1825f2058f1fd25df6c0336445de;Up;0,46;Нет;239,35;11,62;2060,25
0x79c4f5330e1fd2047e5b069222d413c7169a1a5965ae89999e2d7cfcb82d98ad;Up;0,56;Да;8141,72;36,52;22291,19
0x7a55d3a1503192832b819a32f34c91934baf676ad5734fa04735b387a3c76fa1;Down;0,45;Нет;-159,28;-29,32;543,18
0x7ad1d5178e9e0f3db41f4e668a46607aea626a99a470aa10b5d359e56f14a04a;Down;0,54;Да;19,46;38,23;50,89
0x7ae1291d463bf1f2b1f25760982aba5ed9f396d1d267268a36668a6e1af5f0ae;Up;0,56;Нет;-15,89;-0,87;1829,60
0x7af9bc3752f96a8a7a5d1792ca52390b688c7520d82b0d3e5cf876302a87b9d4;Down;0,64;Да;12,86;9,08;141,63
0x7b8f038af9ae9c69df204b6c2b73a280eb0ccc5618834ccf36318ee34325259f;Up;0,75;Нет;26,21;13,21;198,38
0x7bcb895ea94928c08c3e9e581ae26c8cc0977dd2821aa9cd5793074725a65018;Down;0,52;Да;416,94;63,12;660,59
0x7bd3391e69fdb840a3eaac59d36b651497cbdbcd799949088574446fca0066ab;Down;0,59;Да;229,58;22,04;1041,87
0x7c75abee871f7263b397bf65e06baea487350d82f8fb37d608e975f59b280b0b;Down;0,45;Да;96,69;25,49;379,39
0x7cc9adb20b96b9d720551fc0118e91267a093eaac204eb00a20fdd7d124d7420;Yes;0,98;Нет;219,89;2,25;9775,22
0x7d2ddd460fb39d837d33f1e8d0b191d3521d197787135423a091780ade56d24e;Down;0,54;Нет;2,22;0,32;687,54
0x7d5549ab9ffbab53f2b2dc7d5b5de52f85f44859aaf583601c91d2b0ad6a95d9;Down;0,55;Нет;203,67;20,17;1009,85
0x7d7a0db757c557eaf91cbe47ae1013f02a5f4cabdbf221c88b6587afa54c528e;Up;0,72;Да;46,80;4,00;1170,18
0x7d92d07abc987fbb5d55d0b13b1e7e97954eb4c6deea4346f868883416a57eac;Down;0,53;Нет;15,53;3,73;416,83
0x7dd7ae338b942d124e1d44f8e50c6ffc321843f44e9f84da2699f3b68748d5c4;Up;0,66;Нет;-42,66;-16,54;258,02
0x7f44f216ccbf1d46ffd2ef52469a7a5a556b970579cee5164f7a8444280a1c4a;Up;0,60;Нет;100,97;37,00;272,88
0x7f697cc93d4bcaee89d94115b8faf76060bd8ffa9a22567189f1489847905e28;Up;0,53;Нет;-1348,73;-32,23;4184,93
0x7fbd81c163bbfcaed8ece21f7d49d54cc7c20f94b6b3e3ec33b46d8817f85a07;Up;0,55;Нет;-382,36;-22,73;1682,14
0x7fd4ae2901bc37739fa42a2cae97fb4d43d1138c636d582a529c7759b4888f95;Up;0,49;Да;490,61;9,84;4986,00
0x8020fd7be0907652c9f1c86e5bced2f064563bb6f14f100bbe06857934909567;Down;0,40;Нет;829,19;7,93;10458,96
0x8058cfd94ed5da4322af49ae809dfe39d608912dda3776f1999546ad79d458e0;Up;0,40;Да;55,28;5,31;1040,44
0x807709c489b3c6a9b23089599a4aa7c47046498ff8a96874c5ab0c98da893373;Down;0,69;Да;502,86;31,95;1573,76
0x808c8b0ce9768ebaa1ae8278839d6c3a435366af3c19fc640771a8e64aa15293;Down;0,47;Да;-184,90;-14,63;1264,22
0x80c99a3d35a90c669127e6d585e0c84f3dd253cf434e10dc48beba041e47059d;Up;0,32;Да;118,32;13,30;889,47
0x822b6b63ceefede9f3ee1227d3cab1647f5d559992e33b042af8e0613a26ea52;Up;0,77;Да;653,34;245,27;266,38
0x828872bb3707aa6dfd039c73660fc7f9cade4d977a24956236a42945483a2ebd;Down;0,46;Да;7,61;3,85;197,37
0x8296a192bc7f8df78b9df129269770f0a2aaa39792d6760f90ed9db412e7e7a8;Up;0,56;Да;916,98;26,59;3449,23
0x8302f23078e2dedad32d1ade051295ad0b5b1a8b16fbcc8251ad9a253e527580;Down;0,34;Да;9,42;4,35;216,40
0x831d96563cefe0000cce406f16e1878ed82ef34055fc91504400e74ab4069de6;Up;0,40;Да;4,97;1,88;265,01
0x8386c52c8be8b6d31fa34f799ce124fbcf5f200a24334f818efd59f036cbcf4c;Up;0,58;Да;284,94;10,44;2729,99
0x841ee813d2660541adec1a085db38f164d38b0f2eb7cf34861bdb7a332f4cfe3;Up;0,54;Да;-234,00;-3,62;6469,53
0x84a180525646d6a52c7f9a556a9c89a3badc7a246149c7085423a991216f8833;Up;0,40;Нет;-36,75;-9,64;381,15
0x84b621da4ae397e40e559b7b267280a06184bfa81b4e83dc44f98bff75467e9a;Up;0,67;Нет;-179,81;-8,81;2040,25
0x850be5625844679a38ee3b2e3b2d6ec4f521489e280efdd5698534f0949735bd;Down;0,64;Да;9,43;7,05;133,65
0x85374297e14bb1cbce86d0ec3e0f479cb30cced08a736c385d39110c376d4393;Up;0,32;Нет;-57,92;-17,62;328,62
0x8570c81049d68721c730c01c0dde1c2e47a7d4cf56c6b150ae358938b3b164ea;Down;0,65;Нет;324,01;21,05;1538,99
0x857733032c9ed3e681d83cbf845ccb27508624022a472561a35b4b8e28bc9f28;Down;0,40;Нет;-1125,19;-15,41;7299,55
0x85b4b0167f2bbfe06821ee0bf5ae11b595d5b2e773dca6c33320408e0399b7bc;Down;0,45;Нет;-124,98;-8,48;1474,28
0x860e46a6e647afa99715f046b40db02c0f621737b6f3f50fd33887b9e691c4b6;Up;0,40;Нет;-83,69;-23,97;349,20
0x8644f6bcc96a0990cf47a3ea2928ed35579c1086ac0852ba054eab0f5b4742bb;Up;0,49;Нет;181,32;55,59;326,20
0x86a85c9dd9adc10440b259cbec03f37a59b71f80be6da55683601f34a16c7a28;Down;0,57;Да;383,08;29,49;1299,24
0x86fe9fccd2bdc0d29e75203e47224af1b50e7f947b3d6ff3e20f2a1075d34907;Up;0,36;Нет;-28,26;-19,87;142,24
0x8704a3f47ecd030d01cd7f4c884246763e509667f04f3901b53e8db111ecb942;Down;0,47;Нет;-381,63;-19,54;1952,71
0x87190237aeb3eb2395c3ff4ce6015f25c47f3b6a5c43da68971f4e370136f588;Down;0,50;Да;255,31;9,56;2669,81
0x87e938f3fb4f6ee212bbd2fd0676fa8ec864930d9dddbb08fb3135fa80f5b4a6;Down;0,55;Да;-52,63;-2,13;2473,76
0x87f33000fe7ee8d74a4a2e165340e41fb643c40a1bf4232352a740f70f55b262;Down;0,22;Да;22,36;11,54;193,84
0x87fd81401ce6ad9aaa931c56e87668de93d269c00bf1492398a3c337ddcd32fb;Up;0,52;Нет;29,53;2,45;1207,57
0x8806bdc6f6296b8ab470c4f65ccfcb8603770b79cf6e78b7e83c7248d247b127;Up;0,87;Нет;29,00;11,73;247,24
0x88243d13ce16ae14c48b74bba11a50ddb955b7c52a30e5868bed2a1fa80b4365;Down;0,57;Да;2239,29;22,57;9922,55
0x8842c7f717669ccb5ad6cb789ff9552329601123ed2d03c53b756929f87979e7;Down;0,54;Нет;-63,24;-6,76;935,80
0x884d000004bd6e7620fbe1be81d483b5c5dd487bcdf09acec2f40d6c16ac5736;Down;0,78;Нет;185,16;20,89;886,23
0x88c44224067c5ccb73b60bf338ab415dd6d585ed0a19dc439bfbba9767411b9f;Up;0,53;Нет;-206,85;-5,35;3865,62
0x8940ac97f7fad5ffd3add275b307b69c1dbdc2a4f39a8f03c47c2a7252dae035;Down;0,80;Нет;43,95;3,21;1368,97
0x89c2e4c63203595b37f1e6abf4c97bc33ce6eac1df0a4520918e98ebeaf074ee;Up;0,44;Нет;-4,23;-3,88;108,90
0x8b94037dc2f2e93fcaaca9eb0c4608824507364759f22fe6e78b1154d2578f45;Up;0,44;Нет;-110,88;-14,77;750,57
0x8b9449c9f2a7014b89a922ca4540408b638debeec6d2c5c298558cce6190b7bf;Up;0,64;Нет;100,28;56,11;178,72
0x8bb29bffc03a5ce1408111d189eb5d33c7d637180f4c28a1632f1cfe4ad48f18;Down;0,50;Нет;281,95;50,89;554,10
0x8be81c46ce6b6fb16cdec163806363b5656cfd5e01933f6b8e44efa575ab020e;Up;0,59;Да;13,65;3,78;361,57
0x8c1756ff31f807c526b3a1b4779d40b4763f9cbc93982754fe786798233589c3;Down;0,58;Нет;-5,27;-1,29;408,98
0x8cdfd0dd84002fce8bf94567bb47508ad600e6d302a8afd09df4a7aac44106fb;Up;0,50;Да;8,25;1,77;466,82
0x8ceb711c5c52e58a2c6161a3f4b1eabde62ccba45f9fa79aa909db6945336515;Up;0,38;Да;191,17;21,16;903,44
0x8d4eec0585e9fcaa3390dd965aed1d98a61d0a3e429423357bd55eb88798d3e2;Up;0,73;Нет;147,27;22,12;665,76
0x8e241e1926bef3d7720e728c23bb17575552a6af55d047877706a9a020a9f9d2;Up;0,54;Да;9,82;0,95;1030,85
0x8e4116ea27ed4c5dd29dcd0352274efa09a8bd98a01cfa8447ceefc775c08fb5;Down;0,50;Нет;11,15;0,11;10132,36
0x8ee4708a77270e1fa21afae46aec760497e9c33b074d424e05a3283978742af5;Up;0,50;Нет;-1,48;-0,64;232,75
0x8ef0a4309c4ac6c80770ab2dde8629938e74d2fe66b51d367a2876b8de6e5ee1;Down;0,57;Нет;63,63;37,05;171,74
0x8efb8bd93f3de5413d8fef5cbb8004dce37ec3bcfabac6e968ce0dc662982b66;Down;0,54;Да;14,66;2,93;499,67
0x8f23da232f41e7f842870a3bcc36d3ef9425b95d47d29e8a8e128c10dd496bdf;Down;0,62;Да;899,90;19,06;4721,03
0x8ff01a1523c8529d8b818e085c6b4d7d5584239f26ff6ca5b2f30c2449c07c25;Down;0,53;Нет;-1471,71;-27,49;5354,23
0x9131fe3b5fcb3912696dd140d01fe39632916cf8f9e9f612ed550a5f0528dd57;Up;0,42;Да;146,81;18,90;776,80
0x91449f9a56b766d58dcc3a5f453aca86df38727970944dd212a12fd474cb418a;Down;0,54;Нет;-186,83;-7,04;2654,22
0x91744ec2f9de00e1384e77f1e683cb96136498ec20c8b83a8787c522a8ef3f36;Up;0,33;Нет;-429,49;-10,21;4207,39
0x91d6d2006ad20eace92d13c9d06c3196ac888da6e595d1ff3941bd15fe951e9f;Down;0,55;Да;79,72;5,71;1397,01
0x91fd3372d118cc8ed962844eeb939693175faac7df2b9f9a2e4843ed7e60b24a;Down;0,53;Да;-29,79;-3,54;841,80
0x92ce82e890f1d9e6372d8a6a314c6ef7091e735e7bfbfe74134204e5e8f9ffc3;Up;0,72;Да;29,27;14,25;205,47
0x931721edb7ca453e22e42be462c7190c680a03c9435676f673d7a3392e88fac4;Up;0,52;Нет;-436,06;-27,91;1562,63
0x931b1308b5bdeb3888fb1d918b35c885f0f14b0eed9ad61cd48895fe79b28804;Up;0,53;Нет;119,31;15,40;774,70
0x93b07a8fd0ef456dc5fdf02252030147f1095e02969bb213385c4b5309a3303e;Up;0,58;Да;6,96;2,39;290,95
0x93e26ae90f6a4bf64ff09dd438054821ea7eb463636180005c413a511e131f67;Up;0,55;Нет;-1,17;-0,17;677,90
0x93f1634f09ba54955c309b5a41172f51b32d4cf492c6902f400b2d70117f4d69;Up;0,66;Да;138,46;6,58;2104,72
0x940f2e16034329210a6ca37896034709f8e5c59cf4ee4254488eb205a14f9d08;Up;0,55;Нет;481,70;14,36;3355,18
0x9439471d6ae68a3585881ed2be5296b49a9837adf7128ed56598e37b39b9a9b1;Down;0,45;Нет;-8,45;-6,86;123,10
0x951df3c0024b300240bad7dbfb0f1f4193e07995083714f98ee89ca38b0f3d58;Down;0,94;Нет;0,30;6,30;4,70
0x95492bb5028d933d21b0d76cf8b857fe7fc5cb3db11f7b9af06ad2885a518ef0;Down;0,47;Нет;-127,22;-78,01;163,09
0x9598d42b842608e01221b349e623322fc113a2004e2b0f15423a4e8fa9df317a;Down;0,52;Да;160,23;2,87;5583,97
0x959b06ab239f9951086259c515de9415dcb79e5a38c5c7ea17d8fca02afe41e7;Down;0,54;Да;24,01;25,93;92,59
0x96057afef1aacbb4e5cf8f3a334cdc1b11f58e30ce88bb30a1733d26a259c2a2;Up;0,46;Нет;193,27;1,99;9697,16
0x9636040917710651ef516d31718a78bb0d7fb6fc6b3c8a12b4a6f41a7c6fb2e7;Up;0,51;Нет;316,20;57,68;548,21
0x96b03e9256296484d44664ff330f6a22889a5d6449adc7c79c9345af39320c3c;Up;0,49;Да;782,03;40,20;1945,50
0x98198b53f152e27fa0318c7263bd7d9adb4de0fdbfb952add96f9afa77155adb;Down;0,52;Нет;-77,82;-18,78;414,44
0x986fb6338b199b0ab53ea8f413324b122b17192cb9267cfa090e57a52ebb24b8;Down;0,51;Нет;228,91;3,91;5855,75
0x989180c5b5afcfd8d6c88b859f9c96f8e8bd7b6b9428b4760bba8b12ee44a1c9;Down;0,44;Нет;286,04;9,86;2902,21
0x98c9669fadcfa145b73005098c4a6ce3c18cfe4917ab3e121b37715584e43a3b;Down;0,59;Нет;-41,80;-1,46;2854,09
0x98d42aa05f2356fcc76d8c8bf19cef6c77f16633353e6b0964bace11ad51b626;Down;0,49;Да;-1158,88;-18,59;6234,12
0x990bdccfeb73b2198a690862b2091e69f9365ce852327bc78636388d301abcf7;Down;0,51;Да;453,57;32,89;1378,90
0x994be98ffece905b114ad397cb495e67441473de97d0bd0d3eb89f9f16b7c00d;Up;0,38;Нет;-69,35;-1,93;3595,62
0x9ab4cf244fe1e9409f898851bf07b393069eb7389881cbffc32d5b89c697891a;Down;0,41;Нет;181,46;15,11;1200,98
0x9ad3dd5db2791ccb829df4f019bb321cab5c1cc677647207438e4d7af7bb204b;Up;0,59;Нет;-157,74;-25,11;628,12
0x9af24400cb573092f1d3c22fbfe2d74cec72d6de62fc0c35b420f86f33f44b72;Up;0,51;Да;1204,22;34,09;3532,69
0x9b5bee1da5a8d8876ef195b0fb987113601821fb92f9974a167e47e697df66b3;Down;0,53;Да;775,83;21,61;3589,96
0x9b93400d021e682a656b2fe7b11a960c3255849d70dc7169134a40d9c9cbcc86;Down;0,45;Нет;7,23;3,44;210,05
0x9bc62ec35d9628c3b3d34aaa580d236b3605b192fce7e08c27282548b4d974aa;Down;0,46;Да;-66,39;-7,77;854,68
0x9bdfe07f314f374315f9862e5e23cd62113cab23312204a205fbc90e2052f099;Down;0,40;Нет;31,36;19,13;163,91
0x9bf1b4f834880d216abd779873781f7f8d144dece808f5cb43914c9e1e0cb77b;Down;0,56;Нет;-481,63;-5,46;8815,87
0x9c77ca46eb1eb6121b20efd9bc7472ddb53bdd32e8a8eb10247717d33694d95b;Up;0,59;Да;797,60;14,13;5645,34
0x9cf1888600c214ce4cf44fb8547aba86e7e77ced80f54469ac85c129b7135a6b;Up;0,55;Нет;-365,58;-25,54;1431,66
0x9d508903b70e3e921b1f68eb7313182b7f403e2cae437e750a6c8268f49f48ba;Up;0,35;Нет;-11,72;-1,45;807,44
0x9e01e0b8aed38807fd39ca2599256cf11ad5ed0034ea9f3025f321d1f01f281e;Up;0,57;Да;95,21;4,10;2322,61
0x9fea1cb33cb8868101a31f1df56d448d82d02d4842ec8ac3762049c267c71cb2;Down;0,49;Нет;501,57;39,99;1254,14
0x9fff260dff00de67cc357625a79f5171ef5a69dff67d7b4027b85f504ff1ebef;Down;0,53;Да;6,39;1,03;618,52
0xa0cff72a3d2a19c925319f24ec93351162d2e760a508a4f4239f22f0b64732e8;Down;0,54;Да;229,23;31,13;736,34
0xa11be305aba00cc8bc6bf6e0103c8a297ade6a20aa70ea7db5a886f0c9765079;Up;0,87;Да;48,98;12,15;403,05
0xa1396d9426e155dc1afcb8ffb4f9b98fa061b6cdd25553445e777c8a0475061a;Down;0,45;Нет;-56,52;-14,89;379,57
0xa15caf60066082926b3767d759db55d234ce28cd458e1f9c2f9aa10cb38ea29e;Down;0,55;Нет;-26,18;-3,67;713,45
0xa1fd718f7e19b594477ee038cd72945bfbdfa33bc02544ff28e683e21768008d;Down;0,52;Нет;-465,89;-2,22;21020,05
0xa2328d5c39e74cf88027b68327624ae8646ebedd6e31fd3bb82a572dd64f58bb;Up;0,59;Нет;-134,90;-18,29;737,65
0xa24999d2db30daefba68ffc613cfccb856fc70d14ee488c978f5bc289ae7ef07;Down;0,42;Нет;-279,40;-3,31;8428,65
0xa2f8ce91baeba031e11a804c5677e90cee0af251889cfef4b59f9e171bf5c2fa;Up;0,69;Да;480,41;24,24;1981,73
0xa3783888d581f0bdd3b325248f586ba837a44618cc143a6de6a396c8efcef5ce;Down;0,55;Нет;-124,96;-9,47;1319,62
0xa38fd25fb2154b713ac440a9d9fc61803211626f6bf696bba6317bc22318b454;Up;0,56;Нет;31,90;5,96;534,93
0xa3bfba688f253d812fd45c0a98ab3b4c54c7eb1fdcfe10d25a3c0152b6d05f3e;Down;0,46;Нет;14,10;8,86;159,04
0xa3d950dbe6bb24b2bd95ad7cbc00f576ff3bb19cf062c54c083258484e05f3ae;Up;0,56;Нет;-90,59;-3,22;2809,36
0xa41ec83f3038ccaf5ebcf95bea1aebe00ddb962a7aeec8b1a13544e2a0d6406e;Down;0,64;Да;36,14;28,65;126,15
0xa49e4ee610f56c941954ebacc1ce0ab40c43cfbce9415ba000c7c3051e36285e;Down;0,55;Да;589,75;12,51;4715,36
0xa4ae595701a76cd4c00d99bda6144dd60a464fbcf14a8c4745f411aa57ccbb35;Up;0,43;Да;14,71;5,37;274,16
0xa59347ab8b377f062d39746e46ad2ce345b6f6286de845ba51a81fa6efdbbc09;Up;0,57;Да;136,93;21,89;625,66
0xa60e72e366897e56240840ac11d8a555b36b423434388f27c6dc659d78089e6a;Up;0,48;Да;56,31;11,86;474,55
0xa6bb8994c104125cbd9a249d18c1faa9e472a650b8b253491fda4f45011f2394;Up;0,51;Да;69,62;53,96;129,03
0xa7309a16be42fea5a528da2e8446a21fac099cf96c2908074f437c22b1f892ac;Up;0,67;Да;626,69;19,89;3150,49
0xa75c87cdaddc17335fa6cccbb1a012dcc59bb4e90d77b7620f0789bcfca5206f;Up;0,47;Да;476,75;19,05;2502,10
0xa779a897967141495ef5b9ff7658d61cb7a072f838acafd8b1812aeefe23e10c;Up;0,51;Нет;-72,43;-7,99;906,09
0xa7f077ae3ae84d365b0872fd3a8602f7b6a08fc282f5e09e06fb20ce259ce388;Down;0,45;Да;60,68;20,59;294,74
0xa842bf10bfcc2a90c0223d606501983793e558fc6a398336ab0714424aa343da;Up;0,50;Нет;-230,48;-11,14;2068,37
0xa8430f9dc988bb60cd14ac137184ed4c07cced3fb0f26e043822298970f9166e;Down;0,49;Да;-51,29;-0,72;7147,44
0xa8bbf06b437493917528ff20375b17145ce8ef3e998010b2e8378aa6f465970d;Down;0,51;Да;300,54;13,38;2247,03
0xa8ef34c23b7969f54114493fa02b18feb97a3a162da231b42e8a458151c78419;Down;0,51;Нет;214,87;23,19;926,67
0xa8fae623bffd3f5776ca795cb621adf94b7bfafa791fa072dbff0e3838f2f709;Down;0,57;Нет;-2076,56;-20,80;9983,84
0xa9e64d5fd0cbde7f6ee086acd0c67bb2a6bd2e9f245a974626658f51dcd7013c;Up;0,51;Нет;62,49;3,16;1975,77
0xaa99f1d50bbcfe88488b41f147ded48fc9a187b334115328e9f0129ae2155b53;Up;0,60;Да;723,20;27,55;2625,02
0xaaa8ee781f2c6baf3179daefa143e12b035a7536b7a0e61eef1fc5733baf5c6e;Down;0,43;Да;44,02;3,34;1316,33
0xab49f2b2ab88d94cf8e9c8b7060c9c4bb72a1dfc61aac7d8de7807bd4da0e011;Down;0,43;Да;67,05;23,73;282,50
0xab7f152ff3b08ecf055e173cb5e93e1f7fbbcb839bca5dee603a31a5eeb2e34c;Up;0,62;Да;161,51;4,41;3662,79
0xab94903a24a0394a51dc599c0108803b2d04b76100485ac0d17f5d296ff9783e;Up;0,38;Да;-541,37;-9,06;5973,07
0xaba546b97c81181e12af413d59e12d3cc13ebc5cf19871fc56eef6493edf2555;Up;0,38;Да;34,01;1,97;1726,23
0xabaa9ea2aaa04d2097575869929400cb2cd8cacfe6cc57ef2528e1bc020b9d0d;Down;0,62;Нет;-327,88;-3,34;9804,57
0xac4d13570af7dd9d0d50c078cc64433f76086697cbbe21f7bf9bc2f9662604fe;Up;0,45;Нет;-795,80;-11,71;6796,32
0xac9d055fa3cb8e2420f123784d29087b7982c189e053bc5177091308781cdd91;Down;0,49;Да;556,70;34,62;1607,92
0xacf27647e4f93643162f9cc9a40e1c320fb1047f9ad1c8e1cbdae6cb756cd8e9;Up;0,57;Да;20,14;2,59;778,26
0xad29be0c7b1fac3e8b5f7d6be11e5add06831306a6efa1d19c1aa1b8d5041717;Up;0,59;Да;695,29;18,70;3717,23
0xada410548612b20620f86a07a1436cedf4b882ad59835b1bd2bea6667b2ae4df;Down;0,48;Нет;-5,16;-1,56;331,72
0xae2d2ec4143bd59b8c450525ef16b31285f125cff645d53de5e36c25af4e5a9a;Up;0,54;Нет;-541,45;-12,85;4214,96
0xae4717877de5d71a5f238d93e8e3c6ed1294c064a1eece2016e7de0c324ea81d;Up;0,36;Да;132,93;19,50;681,69
0xae840e623089dd99963e80862afb20bd5bad2a4ce7e1831eb919a6f75f9cbf03;Up;0,58;Нет;-4,43;-1,80;246,62
0xaed8b9df5df4233afe212d1735326114cedf8cebed3ca8d678682e990e269520;Down;0,47;Да;81,17;4,27;1901,50
0xaef46f1b4de25a40c1ea043b131bb6b380e739a2d2f5cec354a54389d830d052;Down;0,51;Да;241,86;24,49;987,51
0xaef9e140b3c4493ad02ddce316ff62ed9bd532ef983c83023f7a87e525553127;Up;0,60;Нет;161,30;1,32;12246,02
0xaffc237e6f5be2a281d07c75f23fed58872410a93ce41ef6f94ee51390c4af16;Down;0,36;Нет;-6,88;-2,59;265,78
0xb035bbbce55389b8117bd6fac0c1f7f30483905264950389997e03496ffb03c5;Down;0,43;Да;1573,06;51,37;3062,29
0xb041ac23593bf13019d9aabf706c9abdb5b514155cec8ac7db157bb0d73b717f;Down;0,02;Да;0,08;0,03;304,68
0xb070587a01a87f36a8f35616b3c3767def89a9d41f162ba4b38c54b22b4e20c4;Up;0,33;Нет;-61,99;-7,47;829,85
0xb0e8c7ca6401a425eb92ba82d35e4bb07061b503cd2122ac0b39085786e9d5e6;Down;0,79;Нет;-6,54;-3,02;216,53
0xb12f18aef97802fd284ebdb0907d43c5aa0d43f66d6cc7a7ca6329ba5fef881b;Up;0,43;Да;1357,77;54,09;2510,22
0xb15455abf9d5711037a6e12aebffe5c667885513cf459f35c8823a3485a6b9c7;Up;0,33;Нет;-191,41;-17,39;1100,93
0xb157e14153ffac0bf8038a47b5980884b1b1adaa75943d635890faf64726cc3e;Up;0,46;Да;3,68;1,13;324,88
0xb198cfc151d107a4d663cc6dddc0eda6bbd00411dbf84cfe16d238be15d5a381;Up;0,30;Нет;85,27;19,26;442,77
0xb202b2494c035f15ad8402f4f76f30bf6324c23d4c1e9ed78e59123232ec178e;Up;0,46;Нет;-281,66;-16,91;1665,98
0xb21703a6a2c3be2cafb31a74afda3f81687febd0a5e6bf8021f853ca9b132afa;Up;0,70;Да;140,51;19,67;714,47
0xb23c9fc4f3a923efc4c5810f2fca109b6e3b69f08a1c89b13d5199c94470d1f6;Down;0,55;Да;59,82;56,36;106,13
0xb2aeadc89ca6cff27e57fed940b1559e9dde204b66f8d692a23cc39e13de745d;Up;0,42;Нет;-251,01;-5,10;4921,43
0xb3131c0d5e8d42310eb1b3bb221aa81dd229fa818846a4e71f862ec8ecf0cafa;Up;0,57;Нет;27,50;0,53;5231,91
0xb42b616844c5738ca93e6d8795adc1ed925c8e5cc67338b874536df679ca789f;Up;0,65;Нет;-262,90;-11,23;2341,60
0xb48e5fe061c7283f3fccacd40048009fbacfea82df8a4bf992e9650aaac72754;Up;0,41;Да;258,81;29,17;887,16
0xb4991ef2eaf12bd7c7180ccd5554c2b26d2a1e4060685363c9568e0c7541c433;Up;0,55;Нет;-26,71;-8,65;308,76
0xb4af239b46537e33e3493fed5bf43b4887440c4b24903f27d4990bf8d677b697;Up;0,31;Да;-1031,66;-7,05;14639,34
0xb4d141c57f3758cad6d06c961b8e24988af6c39a2286ed48021bb12aa2f05b4a;Up;0,33;Нет;-657,62;-33,13;1984,77
0xb515908c5880dee6216e6f8cd9403a35ae76b4df298be28d406a288919512b69;Up;0,55;Да;568,49;52,87;1075,24
0xb54151440a3f19a54e127b64d5b903035a93ff51f3937fb08eb50e488593792d;Down;0,49;Нет;29,43;4,75;618,96
0xb6e7b20a3a05e2bacfbd7b0e689bb664d327c2a1cd6c150c438fd9ff5633eb40;Down;0,54;Нет;134,28;8,15;1648,10
0xb70e1115cdab6a50a2a930da3f542297af69796682c6565aea1c52c41464ccbc;Up;0,72;Нет;178,86;31,93;560,18
0xb744edf8266180bfe21800eee65fd1aadd993feffb5ae041ada3e3f5720a1bdc;Up;0,54;Нет;-528,17;-9,63;5484,75
0xb75830036308ab78a0d1abe1afb9772169fed239aa4830597eaef40528fcfac8;Up;0,55;Да;1419,58;33,93;4183,24
0xb75aa5e1105bbe580c35429511bd0b6151472be58187c511156aa1a476b6f5e2;Up;0,44;Нет;-74,97;-14,89;503,39
0xb76786b68ac79d12fb1a65c7647632626b870a99400aac341cbf8d29da431683;Down;0,46;Нет;-3374,66;-17,88;18869,47
0xb799ead6086c9f5273a10163c04f52c5dc4b304553795e24bcde27a48336d366;Up;0,45;Да;611,93;49,47;1237,03
0xb7d5277d98011d3b09cf4ef29ba85efc20cbe7c2efe834281c910035bbb1ac05;Up;0,48;Да;11,62;5,22;222,68
0xb7e8ea5ceddb0e1e09cbcd161d2d908a04b82172aadec239c307fbeca53b8bd6;Down;0,51;Нет;192,29;30,44;631,63
0xb825570a729cc145b0607075fa7225280464007b9c4be63467c94419972a0703;Down;0,59;Нет;-918,02;-18,60;4934,62
0xb866e8e789ffeeba9ed16c6d9fc2cfdce007aa1fdcf767c24d6f715629e82d93;Down;0,64;Да;160,68;22,29;720,81
0xb88cb1944ede3ae473392409f6e553c88a3c0b0cf8dd382d1eb1aed40e194fae;Up;0,07;Да;-0,77;-1,24;62,20
0xb911a58571aad3f024eff27d67c6c4e7fa3ccc4ee1415f3ca9421f50071c0333;Down;0,62;Нет;-1693,72;-19,03;8901,46
0xb91fe4514c30a622108f583db85895b9a8c1945a4856c264804aa56939eaa188;Down;0,36;Да;326,81;6,32;5172,15
0xb95e76fe7ec568f43aa5684504f214c65d75d458d99057850a3abb52da778c5c;Up;0,50;Нет;-65,94;-13,65;483,00
0xb9fd072491afaeb6133bf9433a8f516825f326c8096ffbd138b91d75fafb4aaf;Up;0,61;Да;148,19;4,70;3156,05
0xba1395fd25c139e4c3515bc49aa2ad52959dfa095569d84b6dc5fc437afbf517;Up;0,40;Нет;-74,33;-29,08;255,64
0xba498c8e407c45a5e2ae1b017fe4112cced694359ab9b38463511ef983107a9f;Down;0,48;Да;3,75;0,78;483,89
0xbaa4bc61597a5128b89bdf3ba5f9b030f97058570276fd5efbe2179f9a0a8711;Down;0,01;Нет;-3,60;-100,00;3,60
0xbb16883e3403ede8f42bf47269e6ba03d33632e541b096979eb0159e6fdd9248;Down;0,52;Да;116,45;12,62;922,63
0xbb2ded2bd63171a171d13bce7009a09e54dd13f03e1f1a9c1f6f7c098c4cf63c;Up;0,52;Да;81,81;3,14;2604,06
0xbb54bf4fc8bcc272f49904c39975ca42bd55353afa561a66b6abc1ca56fe1498;Up;0,47;Нет;-66,57;-1,76;3784,99
0xbb8d55b8198199f147cf55a6c380447571caf4fabfe01a8a8d114000e811d717;Down;0,90;Да;16,27;3,81;427,17
0xbbc17e0b89d4d6c2c5b314e818cb0e447e27fc3183227f9abb934e52e7866f5a;Up;0,54;Нет;-174,94;-10,35;1690,84
0xbc74561f75742282a0681f15302b026ef6e9b9fabc0bcd3a9e44b6e0d5ed137d;Up;0,61;Нет;67,92;5,98;1135,02
0xbdac19422a833dfa5ea1a03936aabb5f2e63a574ad39ac624ad4ac71b5f7d9cd;Up;0,49;Да;161,24;40,77;395,44
0xbe8101ff87302995937a631e73a7252ddd92f6acd085fcfc4725346965b41dac;Down;0,53;Нет;117,63;15,41;763,25
0xbe8ebeb9752d95267b145ea258781aa5d02c669265b53320a4e4358f49e072f5;Down;0,62;Да;64,63;4,30;1501,79
0xbea1a2c51e87349a91bb2be4ca4308fe84736525e5de29ddccf6b5eec13bd06d;Up;0,51;Нет;-149,96;-18,08;829,64
0xbfa196bb018863e8118f135b8bd6fe277a3dbebe2bf10377c07c4e1f29428f8b;Down;0,49;Да;36,90;17,18;214,81
0xbfa1ee226370c28b028af7433fc09edbf76e53ca96b8e66fed6919f213f79eb1;Down;0,48;Нет;-77,20;-72,73;106,14
0xc0cf7a59e9018a6c7d4aa05bdc6faa9995dd5eea346ac63d2e200bed84158579;Up;0,57;Да;2,84;0,54;524,37
0xc142d6ff40d66296d301ae326beac8cc318bfefa3bc87969a801e0fbd1f332e5;Up;0,52;Нет;155,87;47,84;325,83
0xc23cec697bf1a674de5d3dc6da67c7c01d26c386b16f90c07809272d9907e2ee;Down;0,47;Нет;-601,95;-15,18;3965,67
0xc256b00387c16d8e15a04fdf8b5c8a612f269b8929b3fa435f585f378c9e3e45;Down;0,69;Да;-9,52;-7,01;135,91
0xc29493798ba1d72eec49a775c8fbdf5e08ae401f27a2377017ea36b0a8736561;Down;0,59;Да;55,86;18,56;300,98
0xc2cbc5c6623e1b3234cb9f7fb6d21f5cbc14589dc7b520a7831ca37ec58bb97d;Up;0,55;Да;13,35;2,74;487,86
0xc2ec2c1de6559cf91699b542c2861f10b48891a60a4c9d17c11e5d6b013f1c2a;Up;0,43;Да;-45,85;-10,44;439,28
0xc3075852855b0204f9b9003dfbc9114650eb5d76e61bebbff0fadb0466b2339b;Down;0,55;Нет;-2171,13;-28,21;7695,59
0xc3594d39f48e9eb6389ee5173037b88b892abfed9d3b4f56b66cc420ce0a5074;Down;0,48;Нет;87,39;11,09;787,72
0xc3b8d7051c5009f345f21f76a02c696f35e8813879500704fd78ed8b325a130b;Down;0,47;Да;1742,46;36,59;4762,57
0xc435bf3782e9680918a89902fb59cd8db0d87757427b7ee880069c7ef75ca4b4;Up;0,53;Нет;117,85;37,07;317,87
0xc526a0a79450385600ddb0627dcd23a4bdcb4017d72b33f99f578779265281b9;Down;0,48;Нет;126,68;20,97;604,00
0xc580cb106f3797f2c3867db2c3b0e553e6baa1cfb3ff12e8dde3c6e89e462653;Up;0,52;Да;92,39;3,71;2488,10
0xc5bc9052caceab465cbe6f2c1c4235cfe898f366866e51d891d19252c82c5594;Up;0,57;Нет;-111,34;-20,15;552,46
0xc63806ab79de29bb167e2a7ea10776fdcdfc931e27e18616cbd0984b312d10dd;Down;0,44;Нет;-55,86;-29,55;189,01
0xc67aa0faf3047b0b5f35b8294ab25fd44d64391f80c6dcd48f1371a5065851ec;Down;0,49;Нет;-93,21;-1,14;8186,61
0xc73d399144fb0017f8b197fe98b97061a960dc4cf89f09c8bb2464a1b6d22237;Up;0,64;Да;350,40;16,67;2102,26
0xc743e82b24011208cd8a09d06b36e62f4d8ab2168a595ac1c19e6233b465ead2;Down;0,57;Да;380,74;5,78;6583,77
0xc78754d8e8b76a19aeb537371b7a0abaadda9b6317d87409bcd0f5ed4b2649de;Up;0,50;Да;22,72;6,18;367,71
0xc7b669ead909b759bbfecdc37c31c7d30af72befcc3ad0cc1974680598d12a7f;Up;0,55;Да;225,49;50,30;448,30
0xc7eb4f56583a3d9cd8d5b5d19b415fdc719e83f492486d4bb2c8fca6bd40f2c7;Up;0,33;Нет;-35,04;-23,56;148,71
0xc8086ee7f0a5df21781f0409812292dd262e326987ce296ad4315bf09a4d0e03;Down;0,54;Нет;221,18;7,78;2844,36
0xc890d1d5fec4f2cf1da21167712004df7f3346065f1b571ef0d1bc2d052605f4;Up;0,74;Да;97,40;4,85;2007,64
0xc8fa22cce852a03d827a4e182793035fa8cc8ceeaabf6c89dcb2a1ff7a43ccd8;Up;0,72;Да;-18,46;-8,87;208,09
0xc900fcb9a946138aa8653dfa04ffc8788e1dd5534e998e674e2229a2cf0b5885;Up;0,57;Да;263,00;45,95;572,33
0xc975551124b21e6e1d5302cbec20f511c74f0306a305360bf21bb1b58927d50f;Down;0,54;Да;21,24;6,82;311,28
0xca16ed80d4e1bf6357a51dcde7654d50fd73b76425590225bb413162e54c83a0;Down;0,79;Да;701,70;14,70;4774,93
0xcb02e6ea9bcfd71283491e59113cda2745a225d822e75b2b6f4ee4e568771091;Down;0,52;Да;357,30;4,16;8596,67
0xcb14170a02258b55680094fc6cefc3f7d86e0247c5371762a3d11ccfd5632c9e;Up;0,48;Нет;-1470,23;-79,90;1840,07
0xcb310ee00c40ea4db5f7d5db330ea40daef50088d8896738619f1e1d7ed0ed31;Up;0,54;Да;37,37;1,55;2417,07
0xcb31140a0b2cacba55b1265a0a128b246715a8ab8595b08283e2193b39b4769a;Up;0,38;Да;74,38;39,90;186,44
0xcb457041398f9ec03f63a689c4b75f2e787b07cd542309e9ed44fad74f46d061;Up;0,54;Нет;124,86;31,10;401,50
0xcc079c060ff8e9d235080c65f1a0412194aa0d1a38101844b770a1e1289d0faa;Up;0,47;Да;7,90;4,79;165,05
0xcc28b2a37c679fdc29105438156aed9dbf9ce145393944b95ac426fb86b5b67e;Down;0,41;Нет;5,27;4,15;126,95
0xcc68fef580454555c3566d4d5b2af94a4e5405d46017e7273d612b7f798a4532;Down;0,59;Да;37,87;13,67;277,12
0xcceef53b68ba5779ececcf42b52314d80fc0ea7c7630624186818e64f7c1101a;Up;0,35;Нет;-5,50;-0,46;1204,43
0xccf937b4b311f2b1336890d98dfbe44c7d0cdea5adff5f5ef5ff2a25884850fb;Down;0,51;Да;622,32;16,05;3877,86
0xcd2fd7c58772a9d9ec5f383e853c9835fc8b6106b937ca2b7dd67d2b56375a6a;Up;0,55;Да;11,53;3,95;291,48
0xcdc418bf5f9620609b0efdce43978ed5127090a185f8f6dd38825e8fa4764986;Down;0,47;Нет;-676,29;-8,09;8358,21
0xce466ae151fd0bd7b5888f01b353c4c3c938a278efe3f23980662d40f216e549;Down;0,46;Нет;94,98;16,72;568,00
0xce6a1d42b95e7511807b93bcd1940a721f17ee90da642416a404f61157f1336e;Down;0,58;Нет;-384,17;-15,85;2423,60
0xce8a0b8035547092f867dff141e8b5b3e398d2db7fe4086349ffafdf5f39019f;Up;0,55;Нет;-11,07;-1,22;906,10
0xcf07095e787dbd5b2c006c4a781ded0b1b62cb9a66f575dc5db24eb5ce07dbd2;Down;0,45;Нет;331,84;342,17;96,98
0xcf97241d8a2681a0068f86947535903f99ccf42ac32dbe1cdc2838a5e158aec6;Down;0,54;Нет;288,85;18,23;1584,31
0xd0196ff532e820e56a23e23efd265c1fdf0c0e2e91b753735a520b0bd9dbf532;Down;0,53;Нет;75,03;2,71;2770,47
0xd0522afda1d306ed3b07850de63be907bcad8d10244fe285960c5ba1449a0529;Down;0,52;Нет;-1991,18;-32,82;6067,36
0xd0a9904c8e832f3dd7c2224e7c46b1a98f347b21c60e8cee28c3de66b561d12b;Up;0,43;Да;-100,19;-4,98;2013,55
0xd18ea349bad849273ac5ab6b1c0005213c8afce5c13aec60f27c1134e3a74105;Up;0,45;Нет;-54,40;-20,36;267,11
0xd1e5a005ddef876220508839e90b669a6b8fb39ef314683fce3b136313c5c0d1;Down;0,54;Да;614,87;15,58;3946,90
0xd2961193f4b487ca1dc46ba55ff9e5062552d88a2e3a27b434d8bcada864953a;Down;0,58;Да;824,13;22,85;3607,24
0xd2a32353a55ff0568be423f6a697d735f23e5d8616207c3c35c317d08bb5a652;Down;0,53;Нет;-127,45;-4,05;3147,68
0xd2d65c3a24cca7658bc4acebe2f55bcd155281686c58f469b8c944c4e614103a;Down;0,37;Да;-16,93;-4,48;377,69
0xd2f81ac772ccf0788525b2718f54832fe39ff61f38323d65f7142debea45e72e;Down;0,53;Нет;772,34;35,49;2176,34
0xd320d54ffd7c84eeab2c0f7ab7756497f158626cf070b9af23ae96dab2e177db;Up;0,32;Нет;-41,37;-22,50;183,86
0xd33f9b25a32acf42b5e491559215c979f8f4341bdd9217d52b4d16108c3e23a0;Down;0,56;Да;1986,38;31,24;6359,07
0xd4b8db51a7e33d270e3c157e0416dd42a77ce0880af0f50c1ec3acce2d744b2d;Down;0,53;Да;77,07;52,69;146,27
0xd5e715987bff787f6e60d4be809660ae62d8733754f0a9cc2fba5aebf075739d;Up;0,48;Нет;8,83;1,98;445,04
0xd5ebb9f18d1f762ba6864dcf63c20e2c0827aa4d39dccecd7d1471e77caaf2f3;Down;0,50;Нет;-2462,52;-20,88;11791,84
0xd6176da4d9d6627863043686bc62913dfbfa12508a5ab5c70995405f8e66fa9c;Up;0,51;Да;94,10;5,45;1727,19
0xd6a61bdc7b842ae5f3daff1babd4227d7591229928b64db698b562277bb95532;Down;0,55;Нет;223,89;10,39;2155,05
0xd763d9c02db5d4593ebbd15781354e615a16f9b9e869061d03dd22c53ee8667d;Down;0,29;Нет;306,34;5,58;5489,94
0xd79a7ab7738c00582c001fb9f03d54499622f2713cbd0093d985c1688d07fcc3;Down;0,59;Нет;366,04;23,37;1566,01
0xd7e303456d4b12cb8fb7cd1f60e91ba77e7462157e96f508c5e3660433520f9c;Down;0,58;Да;652,57;36,04;1810,77
0xd7ea3784ae48726233ea7d932ef09942ecfb1d37b2750b1f3b52511b3a1ebe2b;Down;0,36;Нет;45,15;1,57;2877,87
0xd86ddc9391102817338ce40d5133f37898da636c314be82d31de0d92e84bfc65;Down;0,52;Да;50,65;22,72;222,90
0xd89216b4a605b8626f7ead90f8f4689f7d59e34452a1de6d2b29da53846aec38;Down;0,45;Нет;-88,96;-9,94;894,80
0xd8e8da6417aec75ff45f784f50b255a3079592bb51e36fdffe0a4e21eb82fd5a;Down;0,39;Нет;252,55;14,02;1800,76
0xd9852c44e76ded84b84ee28e968c8d0d36db0242320a13e746ae61a90c064d65;Down;0,50;Нет;-210,48;-28,87;729,10
0xda43b52ad102687258f850f2e46a3310dd2f349753b4cbdab5390a4f19b3ed4d;Down;0,30;Нет;-380,29;-11,71;3247,54
0xda8efb4196971ba38e800d9b2007c738c8979d338bfe19bc2108afd7cbc8e0de;Up;0,55;Нет;-466,80;-24,83;1879,65
0xdaace2090f5fb8b1a4e264a8373c6b6917ff16bd769dfacce1c8513f0145f0c3;Up;0,45;Да;1197,39;40,15;2982,52
0xdba849b82eb77bea5ff737c51826ce5df022a4c96a904ed11b5c6e18b02b1e18;Down;0,63;Да;80,95;15,66;516,78
0xdc023e2b1bfea46f054f9861ef6c61011003860a60056248c5a7f7e6cd9a0fdc;Up;0,62;Да;26,24;6,34;414,14
0xdc592d99a0195a36ebe5d30350b739a28b2c5a5a1bf8f3ebd780ac04bd71b930;Up;0,55;Да;88,03;10,16;866,29
0xdc7402eb4e7ed5feb7eaa266eb86be48249f4eeebc993f796e33f7f75ce944bd;Down;0,55;Да;92,86;17,81;521,32
0xdd624f8b91d426710f04f169905a4c1f087825163b1581de30a393126dbcaa81;Up;0,52;Да;19,71;0,51;3875,46
0xdd6e57d58a432ad34e88a7cb972cbf23ba91069807eb3cec06f1e22784f26690;Up;0,38;Нет;-72,80;-3,66;1989,24
0xde4803940ffa92547288743a487404cfcdf2ccdb51bae86f3b3ab2d30793a3b1;Down;0,53;Да;90,87;11,11;817,64
0xdea3b2f564fcbfb2474da1fc46329ffc9fcd01bbd953f94e1df88d1cf5f2f3a3;Up;0,42;Да;70,18;22,49;312,04
0xdeaecdcf52f380507d99b061f0768a841119ee99f2adba35562f7fae7a2dcf1f;Down;0,49;Нет;62,01;2,14;2903,83
0xdeb9861266ec81db361dac15672eef2cc5a603a064dc9c168efb8545fcb93642;Down;0,55;Да;448,04;3,72;12030,37
0xdec76d7cbee3ba0022ff5f3cb146fa2254f069a3176cd5e20943e01a2b25142d;Down;0,50;Нет;-342,40;-16,18;2116,08
0xdee62c31927ee43dbff6e3038e257999aea862bc2b9379a32fa9bf39f8a6a7af;Up;0,49;Да;-330,46;-5,29;6246,30
0xdf0f2ac5f2638fc87693247afb7884d797388a979b1bff1da88c5d8af9567968;Up;0,52;Нет;-3,31;-3,49;94,98
0xdf30185ee8fe5d014532bbca9a4a32e2c5f19c56780962bfd3ca2b97657f7c0c;Up;0,37;Нет;-63,76;-1,96;3254,03
0xdfe790cd980d7b69691f068dd7cad8b9f837c216a0dff563e8015b6397a3ce43;Up;0,45;Нет;-647,01;-11,50;5625,13
0xe0cc0551727900b59f3a214c082825be3519d21d59346b78552ffc3588b1bed3;Down;0,52;Да;559,96;11,89;4709,39
0xe0eee0ebdae3cc3ef2010c4852c588f9c0d88fdb2f0966c247949731c4016455;Down;0,54;Да;398,24;13,86;2872,49
0xe1556761f28e4c2efe042d17ef3d0f641740b4842758d056a5c860145eb18c5e;Up;0,49;Да;-4,95;-0,70;702,99
0xe16d23168841fd3891b1e68aa377dff8fe63be08bd3e2b255828eea19937d8af;Up;0,49;Нет;174,99;14,11;1240,09
0xe1e60c59d0426aaa5e7c9352fcbbe2dea65066466fef8afeeeb0cf01b6671db0;Down;0,47;Нет;92,53;89,41;103,49
0xe2856b0dace467e90b716f71910362a3d2d7ec5175f5ab513fc2f3a1519c7ca8;Down;0,28;Нет;-2023,94;-24,24;8350,56
0xe2ae2d15f258f85842f32e7f213f0b20e734fd37becfb2ef8108a8e3ec9fdcb5;Down;0,50;Да;12,34;9,29;132,82
0xe2f390a1c0a58d61ba0e016e9a0277d08253bd996232c43ed8c70f63801beb21;Up;0,61;Да;20,54;0,92;2243,54
0xe30d7209e16b7a8b0162d5af63da1bf756df3205a22823b13b457eae175575d1;Up;0,55;Нет;-41,10;-4,09;1003,87
0xe353fbbaaf2f2aa8a96f89485818d3cd34f4170a5308c4617f604370090f986a;Up;0,51;Нет;658,27;15,78;4172,30
0xe38d2ce3724f5fbf1f2872b18a633d9634499a5440a4c0a33c40c064f5b30e1f;Up;0,00;Нет;-17,02;-100,00;17,02
0xe3cacb1ed40a300a557fbc9f726deb6d9d0b6879737738309bed9906e3974867;Down;0,31;Нет;433,74;66,40;653,24
0xe432330d6dfc67d74c19c6464273629511f1d9bd451b382acbb2d0bd02adc83a;Up;0,40;Нет;-29,93;-12,65;236,65
0xe4bbefefa3d2ac55d745fa0759cb702503ec2d3488f9f534a1e50f5fc9cbfdde;Up;0,49;Нет;-920,69;-16,58;5553,08
0xe4e6fbf7169240accc479ca520e3a45563d16394ae1b61d609f4ecbbecb1c0c1;Down;0,48;Да;704,50;27,84;2530,84
0xe503d79a90577208153dc1d3da257190f591a3d0b7b664855aa7028ffeb8025b;Down;0,68;Нет;60,50;7,44;813,32
0xe53dc1fef979c862aa365b1d7c658ce4e1d7a0b61722c77085daafca3d695f89;Down;0,43;Нет;1,75;1,40;125,27
0xe5d78f02f61006df96b7274f04dac0ad7d77570d12b2975ba058901e1fc9ec59;Down;0,49;Да;-51,22;-16,09;318,26
0xe63e2800bfee1ac81133cfd74c2fdf4475f30f8d8733d04622ce4ade0ac2fdd8;Up;0,56;Да;897,78;20,43;4394,41
0xe6667abf57bb9dc24f6e932f3d4b0d52eb546ab99ad438732895023a2d86794f;Up;0,51;Да;53,60;1,60;3353,15
0xe69fa09e73601e7d1c62222f078b36a208e18c91ef0f53ff7a0a05d183d56971;Up;0,48;Да;547,52;19,40;2821,77
0xe75f9488e8a6b753c831a574ad1ab3bfb37df29c7237642d0b8eb3d12f053bb8;Down;0,61;Да;166,73;14,48;1151,45
0xe7b6460059ac1d03653095c48375c0f5c92c13127feba4a8c4d6f852a144fc30;Up;0,49;Нет;-163,31;-17,11;954,24
0xe7c36c2d4ccf3d2ba218e441a42003e6387d23bccc0c65b6398f87f686220921;Down;0,53;Да;474,96;33,75;1407,18
0xe7cf7fa66b56d17787f64b0d668d1d4b98a6326a7123b612cdd6cd714bffc3e5;Down;0,52;Нет;57,96;41,95;138,16
0xe7e367084c2cb5a292347705e4b71b275581a4018f082234fe733c286154abef;Down;0,47;Нет;181,89;15,25;1192,77
0xe7f9de3625f5f45e45e22b5b6faf4f7690ece99634d9c95ec933eadd3686abbf;Up;0,35;Да;264,97;4,23;6264,80
0xe881789575f4c8c3b662576e23019b6c86f31d751bdbff9a743aa589b25ddc15;Up;0,55;Да;40,96;17,09;239,63
0xe88e3ac44068f59d6d25d71793e7a1558f2fcaca5868d5830222d5d88f80b074;Down;0,01;Нет;-3,60;-100,00;3,60
0xe8cd0490b2c1ff04c7b8d80f2b9bac84afb6d8567887f0cf0a905c0079ffe96e;Up;0,31;Нет;-61,26;-10,25;597,91
0xea90c7db34d0e471cb4c8ac8f2a9416ce933bd88be0393a5de8310042df4faed;Down;0,58;Да;13,71;7,68;178,51
0xead48cd9969c5f1a1843b685c5a71923cafd219446c32d51efa4f25c83b16523;Up;0,62;Нет;-74,63;-15,92;468,76
0xeb782da6cac9051dc13e26bcaa99fd38ca13144b94cf62a0df24ee7b82b4e763;Down;0,52;Да;31,43;10,44;301,13
0xebbf9a6e998def24b471fa9a7c271fffefe47ac99f98049f803e6c661e259af4;Down;0,41;Нет;91,15;78,32;116,38
0xec16d47bf80fd19879f52c5e260344ac1db687607ff6305d4c2b5c34e69ad217;Up;0,84;Да;119,52;12,17;982,24
0xeca39087643b8e58c8640a0d5264513d74cd45ae629dc0a50859ba3dc58023dd;Up;0,44;Нет;199,53;7,67;2600,45
0xecc8095032a531f120018bae48eba446284a3d26d8b6125fd1cc01cafca6dd02;Down;0,58;Да;194,58;14,69;1324,85
0xed402336cf5ecb3e853ee3296c182e86d49c311e97a2061839d723dc693c1eeb;Up;0,75;Да;57,70;11,28;511,37
0xede5035c1a7dd5428bb776aec4775833e817e4d6e26bb391c881553ba4207a77;Up;0,53;Да;58,56;5,96;982,79
0xeed084ae925e5aec7cbbd7a2cdfc9194eb3162961bc73ca4629e387445cf167b;Down;0,47;Да;-1302,33;-16,03;8124,10
0xef17c5bfc4f3d1cb838d3b7d10025d4ed0c5962c7e343ddde195ee395b938a47;Down;0,46;Да;1062,05;11,17;9507,27
0xf0bfe99b873b5ac0e28e90897227b04cabbe1e291ec24787e20a6bc312d5b318;Up;0,46;Да;488,71;29,79;1640,42
0xf0f9b86239e58130e9eef926ff614964190afef34eaa660312d0e0cd078f529a;Down;0,68;Нет;-151,52;-7,81;1938,98
0xf126456c943208cfb3e092d7284ac2ed84d1f64e27ed6f5a2d148e19c8efd883;Down;0,60;Нет;539,44;45,51;1185,43
0xf161ee6b8ea766f60ab5bb07a7923805703b7c49a6c600196ccaa28567ac451d;Up;0,25;Да;13,13;9,84;133,35
0xf17027dc46e86a4409e4a2e8e681a7205ac09abac77ed65f4a3bca0513ab23ee;Up;0,43;Нет;275,40;68,41;402,58
0xf175ae2faf04cbf2a095284e1a0092f9e25f64684d46247a1d99fa87d7ac4de8;Down;0,81;Да;96,88;6,61;1465,18
0xf17630b33d79a4d8452fca1dbf7bc55383624607b2ba49cede9f5aff52b3bb52;Up;0,46;Нет;-15,99;-9,70;164,83
0xf1b7ee36c2d4dc0dd49f8c2b2ea3b2f28950f907587d0131a42359f3c4f4099f;Up;0,45;Нет;141,50;60,18;235,14
0xf1dbb405568dd291afbc64fa0c51deaa6f5c3b46c72def2399e86c7c018a79d8;Down;0,46;Нет;-170,37;-45,18;377,06
0xf1e9917fafb6ae39f928e6f7a5805e3bcca77e17595ecb2e7d4cb7bbdcf0813f;Down;0,45;Да;15,08;3,13;481,43
0xf2494404e6915f2572b3bd204d2c9261c1519221c7be540b4ce51a7c9937eaeb;Down;0,47;Да;74,25;9,65;769,09
0xf25752688ad27402ba6c8abb335ffc1c5070a2ebabf8ddc0e7d7b1351bd60a94;Down;0,53;Да;149,90;8,09;1853,50
0xf2ef699b80faa74088f6149c1f1534cdea8949b70b2d8792fd7421d1791cdf99;Up;0,55;Да;283,80;4,46;6361,00
0xf33206e55c6e8ddc9f9341aae55912e49318448c230214cb5982ac8be8b272ab;Up;0,49;Да;35,90;28,73;124,94
0xf53ed43ccdd8476286352863ac42e9d448ad71c015469b9c3f7adb3ed13acb5d;Up;0,56;Нет;-355,19;-9,34;3802,03
0xf56548e7b45e4270577887049cb578189bbc68ab07d36a3dedd6e54ad22d2ef6;Down;0,53;Нет;-1121,55;-11,57;9692,15
0xf59345de44182920fded1cddbe6304cb16265ac0e92850a090be76ffd67fe457;Down;0,56;Нет;-126,20;-10,77;1171,93
0xf5c1d607fa0e45d901b8cef8c50a89c13d3b57115a054a0c64f1fd68afba44ef;Up;0,67;Нет;-54,16;-6,67;811,68
0xf68d47d7ed46db8678b94aecc096a77f5b5f61adbfe3040b4452884a397672d4;Up;0,64;Да;65,05;26,09;249,34
0xf6f697b1ff56d1401cade043b01100487458acfc2f11796c81616c82f4064221;Down;0,50;Нет;-2,23;-0,20;1110,48
0xf750e7b111d581fcb4b38985c408ab4ae144e7d302bdc5ef733042932104c064;Up;0,62;Да;1556,38;32,78;4747,59
0xf76c1d62234c0e4e73bdf8abe64b1fdbaf76852fdbfacfa2f324396c44bc2ebb;Up;0,50;Да;151,51;55,87;271,18
0xf8b4c790c433ebae9644cb745a56180fc49a28b123bc6a53414d4ead66995865;Up;0,46;Да;2,00;1,20;165,73
0xf8ebc661bc2e43490976d54b3d5fe0e9ce11ada339050a19e737fb43355e0baf;Up;0,50;Нет;1377,87;28,66;4808,37
0xf96138b1fe0f338f5795e7333a19b3dd52a47227cc1362603730a90223277fc1;Down;0,94;Да;72,67;8,48;857,34
0xf99106d96349e6bc9c08a4c215c99244724457a94828a7b72253546e068131ec;Up;0,51;Да;221,27;9,36;2365,23
0xf9bcefa522770d08b0e3cf9910cc8556c996ee4c0abc1231285dd13c19d4536c;Up;0,55;Нет;-115,34;-8,59;1343,04
0xf9de8a17a3fdb8bf73cc54f5306af78b1b1bcc7ec23e744975f2dc483c96b596;Up;0,51;Да;467,97;13,42;3486,50
0xf9e6f1da1c3ba042d6200f530a7826ddc78b125a2af14430d2a32851e5b9fa2e;Up;0,24;Нет;-97,33;-8,97;1085,34
0xfa010229b52cb5db85af5ad6db554dd809b38723be24da50930e2885ee05af6c;Up;0,61;Да;69,30;32,93;210,45
0xfa97704100124e21def8adc062cddae38926d125309ef095b8729b4d9ebe71fa;Down;0,53;Нет;528,51;37,17;1421,85
0xfb46f290bb0ca7ca9887ea57c12c1e4d2861c38e028dd2c2a1ddc03f1915b3af;Up;0,26;Нет;-39,62;-16,91;234,34
0xfb7f38cac1d394b06df3945e7b03ca316bd4a6d12f0ca89cd459c844a3f0620b;Up;0,57;Нет;-977,63;-14,57;6712,14
0xfb8495d361931a0a32fecd2e157c6b370c97fa48b311c54c2d59e64bb0d8b7fb;Up;0,75;Да;4,61;8,44;54,62
0xfc119c3cb7c2992379d3f005cae2a0f1e9a758f9ff66a2de38a15950d57963bd;Up;0,56;Нет;-15,76;-7,18;219,45
0xfc42b971264b0cf83e050669ecbe4f2437c160fdbcd47df655d0c513e38f8786;Up;0,65;Да;47,91;7,12;672,71
0xfc9d6b553b431603c29569fa6ee98cd20bfe083f688270bc6347fc1dd22b9eb2;Down;0,55;Да;196,18;19,92;984,73
0xfcd84b1d12ced1573da800729946bd3de32443a2bdf1e3744ee0fb562f17c599;Up;0,50;Да;148,31;72,59;204,31
0xfce1c48856999cc7e83ed0c7821ac3f70276a57f14f7849c4213d7b10589914b;Down;0,57;Да;39,60;4,24;933,63
0xfd11d331db0d54e411537b7d25b15ef1de5ebea43b90292e7853cbc47086d1ed;Down;0,54;Нет;-27,83;-6,16;451,75
0xfd698ca39db100659cbc60ec2cc209915de5e751811fc8d85ce44fc581f47657;Down;0,42;Нет;-57,96;-28,28;204,94
0xfe89bb7ebe616210a74e735b0bf9c24903659b93fb59ba0c7f415c631eb90388;Up;0,45;Да;361,39;83,65;432,04
0xfefc8e9434e53abb96edf9d764f631538dbc0e9e247a49226ddba3bccdf879f9;Down;0,48;Да;164,02;7,48;2192,36
0xff16ae08ff4d24646d23f451730621297cc1f8983d85cb5707573b1e152dd940;Up;0,54;Нет;170,09;9,73;1747,41
0xff1dbe256469ce38c251b4a31ba6f2f349a5a7aecb02627ee484795df6933278;Down;0,49;Нет;-211,98;-14,33;1479,40
