Entry Price;Hedge50 Profit;RF Profit;Arb Profit;Budget Limit;Risk Threshold;Target Loss;Total PnL ($);Total Invested ($);Wins;Losses;Total Markets
0,35;0,01;0,15;0,25;105;-0,4;-0,01;226,19;24953,78;321;70;391
0,35;0,01;0,15;0,25;105;-0,3;-0,01;224,10;24955,87;321;70;391
0,35;0,01;0,15;0,25;105;-0,4;-0,08;223,90;24876,84;321;70;391
0,35;0,01;0,15;0,25;105;-0,4;0,05;223,03;24898,49;323;68;391
0,35;0,01;0,15;0,25;105;-0,3;-0,08;222,32;24878,42;321;70;391
0,35;0,01;0,15;0,25;105;-0,3;0,05;221,50;24900,02;323;68;391
0,35;0,01;0,15;0,2;80;-0,4;-0,01;89,49;19597,69;315;76;391
0,35;0,01;0,15;0,2;80;-0,3;-0,01;82,30;19611,87;315;76;391
0,35;0,01;0,15;0,2;80;-0,4;-0,08;67,36;19438,92;315;76;391
0,35;0,01;0,15;0,2;80;-0,3;-0,08;61,35;19444,93;315;76;391
0,35;0,01;0,15;0,2;80;-0,3;0,05;60,06;19045,08;316;75;391
0,35;0,01;0,15;0,2;80;-0,4;0,05;59,19;19045,96;316;75;391
0,35;0,01;0,1;0,05;105;-0,4;0,05;38,76;14701,34;359;32;391
0,35;0,01;0,15;0,05;105;-0,4;0,05;35,93;14770,50;358;33;391
0,35;0,01;0,1;0,05;105;-0,3;0,05;35,16;14704,94;359;32;391
0,35;0,01;0,1;0,05;105;-0,4;-0,01;31,83;15107,99;355;36;391
0,35;0,01;0,15;0,05;105;-0,3;0,05;31,73;14774,70;358;33;391
0,35;0,01;0,1;0,05;105;-0,4;-0,08;28,82;15035,26;358;33;391
0,35;0,01;0,15;0,05;105;-0,4;-0,01;28,78;15177,37;354;37;391
0,35;0,01;0,1;0,05;105;-0,3;-0,08;27,22;15067,19;358;33;391
0,35;0,01;0,1;0,05;105;-0,3;-0,01;26,44;15173,97;354;37;391
0,35;0,01;0,15;0,05;105;-0,4;-0,08;25,60;15104,81;357;34;391
0,35;0,01;0,15;0,05;105;-0,3;-0,08;23,46;15137,28;357;34;391
0,35;0,01;0,15;0,05;105;-0,3;-0,01;22,94;15243,80;353;38;391
0,35;0,01;0,05;0,05;105;-0,4;0,05;13,06;14631,22;359;32;391
0,35;0,01;0,05;0,05;105;-0,3;0,05;9,05;14635,23;359;32;391
0,35;0,01;0,05;0,05;105;-0,4;-0,08;3,63;14964,63;358;33;391
0,35;0,01;0,05;0,05;105;-0,3;-0,08;2,33;14996,26;358;33;391
0,35;0,01;0,05;0,05;105;-0,4;-0,01;1,75;15042,25;355;36;391
0,35;0,05;0,05;0,05;105;-0,4;0,05;1,12;15440,33;356;35;391
0,35;0,05;0,05;0,05;105;-0,3;0,05;-2,17;15443,63;356;35;391
0,35;0,01;0,05;0,05;105;-0,3;-0,01;-3,49;15108,08;354;37;391
0,35;0,05;0,05;0,05;105;-0,4;-0,01;-6,46;15693,00;355;36;391
0,35;0,01;0,15;0,2;105;-0,3;-0,01;-10,89;24241,93;324;67;391
0,35;0,05;0,05;0,05;105;-0,4;-0,08;-13,18;15645,05;357;34;391
0,35;0,05;0,05;0,05;105;-0,3;-0,01;-15,14;15744,02;354;37;391
0,35;0,05;0,05;0,05;105;-0,3;-0,08;-16,94;15666,37;357;34;391
0,35;0,01;0,15;0,2;105;-0,4;-0,01;-22,06;24221,27;324;67;391
0,35;0,01;0,15;0,2;105;-0,4;-0,08;-25,17;23809,65;325;66;391
0,35;0,01;0,15;0,2;105;-0,3;-0,08;-28,38;23812,86;325;66;391
0,35;0,01;0,15;0,2;105;-0,3;0,05;-40,49;23123,93;326;65;391
0,35;0,01;0,15;0,2;105;-0,4;0,05;-42,08;23125,52;326;65;391
0,35;0,01;0,1;0,25;105;-0,3;0,05;-46,47;23879,41;327;64;391
0,35;0,01;0,1;0,25;105;-0,4;0,05;-46,47;23879,41;327;64;391
0,35;0,01;0,1;0,25;105;-0,3;-0,01;-53,55;23872,45;325;66;391
0,35;0,01;0,1;0,25;105;-0,4;-0,01;-53,55;23872,45;325;66;391
0,35;0,01;0,1;0,25;105;-0,3;-0,08;-54,82;23857,50;325;66;391
0,35;0,01;0,1;0,25;105;-0,4;-0,08;-54,82;23857,50;325;66;391
0,35;0,01;0,15;0,25;80;-0,4;0,05;-62,97;20220,27;310;81;391
0,35;0,01;0,15;0,25;80;-0,3;0,05;-63,02;20220,32;310;81;391
0,35;0,01;0,15;0,25;80;-0,3;-0,01;-64,07;20224,74;308;83;391
0,35;0,01;0,15;0,25;80;-0,4;-0,01;-64,21;20224,88;308;83;391
0,35;0,01;0,05;0,25;105;-0,3;0,05;-72,63;22421,57;340;51;391
0,35;0,01;0,05;0,25;105;-0,4;0,05;-72,63;22421,57;340;51;391
0,35;0,01;0,15;0,25;80;-0,4;-0,08;-73,14;20217,05;307;84;391
0,35;0,01;0,15;0,25;80;-0,3;-0,08;-73,79;20217,70;307;84;391
0,35;0,01;0,05;0,25;105;-0,3;-0,01;-77,88;22418,49;339;52;391
0,35;0,01;0,05;0,25;105;-0,4;-0,01;-77,88;22418,49;339;52;391
0,35;0,01;0,05;0,25;105;-0,3;-0,08;-80,67;22411,65;339;52;391
0,35;0,01;0,05;0,25;105;-0,4;-0,08;-80,67;22411,65;339;52;391
0,35;0,01;0,1;0,05;80;-0,4;-0,01;-88,15;13682,62;346;45;391
0,35;0,01;0,1;0,05;80;-0,3;-0,01;-92,03;13723,20;346;45;391
0,35;0,01;0,1;0,05;80;-0,4;0,05;-93,08;13431,95;351;40;391
0,35;0,01;0,1;0,05;80;-0,4;-0,08;-93,13;13648,95;350;41;391
0,35;0,01;0,1;0,05;80;-0,3;-0,08;-93,54;13659,30;349;42;391
0,35;0,01;0,15;0,05;80;-0,4;-0,01;-95,17;13689,64;345;46;391
0,35;0,01;0,1;0,05;80;-0,3;0,05;-95,99;13434,86;351;40;391
0,35;0,01;0,1;0,2;80;-0,4;0,05;-98,59;18681,69;320;71;391
0,35;0,01;0,1;0,2;80;-0,3;0,05;-98,64;18681,74;320;71;391
0,35;0,01;0,15;0,05;80;-0,3;-0,01;-99,05;13730,22;345;46;391
0,35;0,01;0,1;0,2;80;-0,4;-0,08;-99,51;18672,51;319;72;391
0,35;0,01;0,1;0,2;80;-0,3;-0,08;-99,97;18672,97;319;72;391
0,35;0,05;0,05;0,25;105;-0,3;-0,08;-100,09;23672,73;337;54;391
0,35;0,05;0,05;0,25;105;-0,4;-0,08;-100,09;23672,73;337;54;391
0,35;0,01;0,15;0,05;80;-0,4;0,05;-100,24;13439,11;350;41;391
0,35;0,05;0,05;0,25;105;-0,3;-0,01;-100,26;23682,49;337;54;391
0,35;0,05;0,05;0,25;105;-0,4;-0,01;-100,26;23682,49;337;54;391
0,35;0,01;0,15;0,05;80;-0,4;-0,08;-100,68;13656,50;349;42;391
0,35;0,01;0,15;0,05;80;-0,3;-0,08;-101,09;13666,85;348;43;391
0,35;0,01;0,15;0,05;80;-0,3;0,05;-103,15;13442,02;350;41;391
0,35;0,01;0,1;0,2;80;-0,4;-0,01;-105,85;18684,27;319;72;391
0,35;0,01;0,1;0,2;80;-0,3;-0,01;-106,86;18685,28;319;72;391
0,35;0,01;0,05;0,05;80;-0,4;-0,01;-108,34;13622,66;346;45;391
0,35;0,05;0,05;0,25;105;-0,3;0,05;-108,94;23632,04;338;53;391
0,35;0,05;0,05;0,25;105;-0,4;0,05;-108,94;23632,04;338;53;391
0,35;0,01;0,05;0,05;80;-0,4;0,05;-109,21;13367,93;351;40;391
0,35;0,01;0,05;0,05;80;-0,3;-0,08;-109,59;13595,20;349;42;391
0,35;0,01;0,05;0,05;80;-0,4;-0,08;-109,73;13585,40;350;41;391
0,35;0,01;0,05;0,05;80;-0,3;0,05;-112,37;13371,09;351;40;391
0,35;0,01;0,05;0,05;80;-0,3;-0,01;-112,82;13663,84;346;45;391
0,35;0,01;0,1;0,05;60;-0,4;0,05;-135,29;12572,15;341;50;391
0,35;0,01;0,1;0,05;60;-0,4;-0,08;-136,57;12644,91;338;53;391
0,35;0,01;0,05;0,05;60;-0,4;0,05;-137,87;12540,59;342;49;391
0,35;0,01;0,15;0,05;60;-0,4;0,05;-139,36;12576,22;340;51;391
0,35;0,01;0,05;0,05;60;-0,4;-0,08;-139,94;12614,14;339;52;391
0,35;0,01;0,1;0,05;60;-0,4;-0,01;-140,18;12648,38;333;58;391
0,35;0,01;0,1;0,05;60;-0,3;0,05;-140,61;12577,47;341;50;391
0,35;0,01;0,15;0,05;60;-0,4;-0,08;-140,69;12649,03;337;54;391
0,35;0,01;0,1;0,05;60;-0,3;-0,08;-141,41;12649,75;337;54;391
0,35;0,01;0,05;0,05;60;-0,3;0,05;-142,57;12545,29;342;49;391
0,35;0,05;0,15;0,25;105;-0,4;0,05;213,23;27608,57;314;77;391
0,35;0,05;0,15;0,25;105;-0,3;0,05;210,89;27610,91;314;77;391
0,35;0,05;0,15;0,25;105;-0,4;-0,08;207,11;27636,65;311;80;391
0,35;0,05;0,15;0,25;105;-0,3;-0,08;205,66;27638,10;311;80;391
0,35;0,05;0,15;0,25;105;-0,4;-0,01;203,24;27664,90;311;80;391
0,35;0,05;0,15;0,25;105;-0,3;-0,01;201,24;27666,90;311;80;391
0,35;0,05;0,15;0,2;105;-0,3;-0,01;79,73;26230,63;316;75;391
0,35;0,05;0,15;0,2;105;-0,4;-0,08;73,71;25963,71;318;73;391
0,35;0,05;0,15;0,2;105;-0,3;-0,08;69,19;25968,23;318;73;391
0,35;0,05;0,15;0,2;105;-0,4;-0,01;66,80;26236,25;316;75;391
0,35;0,05;0,15;0,25;80;-0,4;-0,08;56,94;22303,03;301;90;391
0,35;0,05;0,15;0,25;80;-0,4;-0,01;55,22;22323,64;302;89;391
0,35;0,05;0,15;0,25;80;-0,3;-0,08;53,41;22306,56;301;90;391
0,35;0,05;0,15;0,05;105;-0,4;0,05;51,53;15835,69;356;35;391
0,35;0,05;0,15;0,25;80;-0,3;-0,01;51,39;22327,47;302;89;391
0,35;0,05;0,15;0,05;105;-0,3;0,05;47,89;15839,34;356;35;391
0,35;0,05;0,15;0,25;80;-0,4;0,05;45,08;22282,69;304;87;391
0,35;0,05;0,15;0,2;105;-0,4;0,05;42,50;25189,75;319;72;391
0,35;0,05;0,15;0,25;80;-0,3;0,05;41,69;22286,08;304;87;391
0,35;0,05;0,15;0,05;105;-0,4;-0,01;41,61;16120,57;354;37;391
0,35;0,05;0,15;0,2;105;-0,3;0,05;39,79;25188,71;319;72;391
0,35;0,05;0,15;0,2;80;-0,4;-0,08;38,11;21273,80;309;82;391
0,35;0,05;0,15;0,05;105;-0,4;-0,08;37,53;16065,30;356;35;391
0,35;0,05;0,15;0,2;80;-0,3;-0,01;36,96;21466,71;308;83;391
0,35;0,05;0,1;0,05;105;-0,4;0,05;35,93;15745,78;356;35;391
0,35;0,05;0,15;0,2;80;-0,3;-0,08;35,45;21277,81;309;82;391
0,35;0,05;0,1;0,05;105;-0,3;0,05;32,70;15749,02;356;35;391
0,35;0,05;0,15;0,05;105;-0,3;-0,01;32,36;16172,16;353;38;391
0,35;0,05;0,15;0,05;105;-0,3;-0,08;31,87;16109,98;356;35;391
0,35;0,05;0,15;0,2;80;-0,4;0,05;27,66;20868,91;310;81;391
0,35;0,05;0,1;0,05;105;-0,4;-0,01;26,02;16030,65;354;37;391
0,35;0,05;0,15;0,2;80;-0,3;0,05;25,37;20867,45;310;81;391
0,35;0,05;0,1;0,05;105;-0,4;-0,08;22,03;15975,29;356;35;391
0,35;0,05;0,15;0,2;80;-0,4;-0,01;19,89;21472,42;308;83;391
0,35;0,05;0,1;0,05;105;-0,3;-0,01;17,76;16081,25;353;38;391
0,35;0,05;0,1;0,05;105;-0,3;-0,08;17,21;16019,13;356;35;391
0,35;0,11;0,1;0,2;60;-0,4;-0,08;-44,81;17132,79;304;87;391
0,35;0,05;0,15;0,25;60;-0,4;-0,08;-58,25;17818,21;287;104;391
0,35;0,11;0,1;0,2;60;-0,4;-0,01;-60,66;17148,64;304;87;391
0,35;0,11;0,1;0,2;60;-0,3;-0,08;-62,75;17135,54;304;87;391
0,35;0,05;0,15;0,25;60;-0,3;-0,08;-63,19;17823,15;287;104;391
0,35;0,05;0,15;0,25;60;-0,4;-0,01;-63,67;17827,35;288;103;391
0,35;0,11;0,1;0,2;60;-0,4;0,05;-64,76;17152,74;304;87;391
0,35;0,05;0,15;0,25;60;-0,3;-0,01;-69,44;17833,12;288;103;391
0,35;0,05;0,15;0,25;60;-0,4;0,05;-75,30;17822,21;288;103;391
0,35;0,11;0,1;0,2;60;-0,3;-0,01;-75,66;17152,80;304;87;391
0,35;0,05;0,15;0,25;60;-0,3;0,05;-80,37;17827,28;288;103;391
0,35;0,11;0,1;0,2;60;-0,3;0,05;-95,81;17156,71;304;87;391
0,35;0,05;0,1;0,2;80;-0,4;-0,08;-99,97;20439,23;315;76;391
0,35;0,05;0,1;0,2;80;-0,4;0,05;-99,99;20449,72;316;75;391
0,35;0,05;0,1;0,2;80;-0,3;-0,08;-101,71;20440,97;315;76;391
0,35;0,05;0,1;0,2;80;-0,3;0,05;-102,53;20452,26;316;75;391
0,35;0,05;0,1;0,2;80;-0,4;-0,01;-108,31;20453,18;315;76;391
0,35;0,05;0,1;0,2;80;-0,3;-0,01;-110,48;20455,35;315;76;391
0,35;0,05;0,1;0,1;60;-0,4;0,05;-125,23;14801,91;326;65;391
0,35;0,05;0,1;0,1;60;-0,4;-0,08;-129,24;14882,57;323;68;391
0,35;0,05;0,1;0,1;60;-0,3;0,05;-133,31;14798,84;326;65;391
0,35;0,05;0,1;0,1;60;-0,3;-0,08;-133,48;14895,77;323;68;391
0,35;0,05;0,1;0,2;105;-0,4;-0,08;-135,18;24410,54;324;67;391
0,35;0,05;0,1;0,2;105;-0,3;-0,08;-135,95;24411,31;324;67;391
0,35;0,05;0,1;0,1;60;-0,4;-0,01;-137,64;14965,34;323;68;391
0,35;0,11;0,1;0,2;105;-0,3;-0,08;-147,67;24867,54;322;69;391
0,35;0,11;0,1;0,2;105;-0,4;-0,08;-148,51;24868,38;322;69;391
0,35;0,05;0,15;0,2;60;-0,3;0,05;-148,95;16937,44;294;97;391
0,35;0,05;0,15;0,1;60;-0,4;0,05;-149,38;14860,70;325;66;391
0,35;0,05;0,15;0,2;60;-0,3;-0,01;-149,74;17199,54;293;98;391
0,35;0,11;0,1;0,25;60;-0,4;-0,08;-150,96;18412,17;294;97;391
0,35;0,05;0,15;0,05;80;-0,4;0,05;-151,00;14670,47;347;44;391
0,35;0,11;0,1;0,25;60;-0,3;-0,08;-153,03;18414,24;294;97;391
0,35;0,05;0,15;0,1;60;-0,4;-0,08;-153,39;14941,36;322;69;391
0,35;0,05;0,15;0,2;60;-0,3;-0,08;-153,48;17109,99;290;101;391
0,35;0,11;0,1;0,25;105;-0,3;-0,08;-153,52;27359,14;314;77;391
0,35;0,11;0,1;0,25;105;-0,4;-0,08;-153,52;27359,14;314;77;391
0,35;0,05;0,15;0,2;60;-0,4;-0,01;-153,61;17190,78;293;98;391
0,35;0,05;0,15;0,05;80;-0,3;0,05;-155,06;14674,54;347;44;391
0,35;0,05;0,1;0,1;60;-0,3;-0,01;-156,82;15002,82;323;68;391
0,35;0,11;0,05;0,2;60;-0,4;-0,08;-156,93;16258,54;323;68;391
0,35;0,05;0,15;0,1;60;-0,3;0,05;-157,74;14857,91;325;66;391
0,35;0,05;0,15;0,1;60;-0,3;-0,08;-157,91;14954,84;322;69;391
0,35;0,05;0,1;0,2;105;-0,4;-0,01;-158,01;24433,37;323;68;391
0,35;0,05;0,1;0,05;80;-0,4;0,05;-158,04;14587,00;347;44;391
0,35;0,05;0,15;0,05;80;-0,4;-0,08;-158,71;14777,72;345;46;391
0,35;0,05;0,1;0,2;105;-0,3;-0,01;-158,75;24434,11;323;68;391
0,35;0,11;0,05;0,2;60;-0,3;-0,08;-158,90;16260,51;323;68;391
0,35;0,05;0,1;0,2;105;-0,4;0,05;-158,94;24434,30;324;67;391
0,35;0,05;0,15;0,05;80;-0,4;-0,01;-159,06;14757,84;343;48;391
0,35;0,11;0,1;0,25;80;-0,4;-0,08;-159,13;22199,49;308;83;391
0,35;0,11;0,1;0,25;60;-0,4;-0,01;-160,29;18426,15;294;97;391
0,35;0,05;0,1;0,2;105;-0,3;0,05;-160,34;24435,70;324;67;391
0,35;0,11;0,1;0,25;80;-0,3;-0,08;-161,23;22201,59;308;83;391
0,35;0,05;0,15;0,1;60;-0,4;-0,01;-161,79;15024,13;322;69;391
0,35;0,05;0,1;0,05;80;-0,3;0,05;-162,13;14591,10;347;44;391
0,35;0,05;0,15;0,05;80;-0,3;-0,08;-162,67;14813,01;345;46;391
0,35;0,11;0,1;0,25;60;-0,3;-0,01;-164,11;18429,97;294;97;391
0,35;0,11;0,1;0,25;60;-0,4;0,05;-164,24;18434,12;295;96;391
0,35;0,05;0,15;0,2;60;-0,4;-0,08;-165,35;17102,84;290;101;391
0,35;0,11;0,05;0,2;60;-0,4;-0,01;-165,50;16267,11;323;68;391
0,35;0,05;0,1;0,05;80;-0,4;-0,08;-165,83;14694,33;345;46;391
0,35;0,05;0,1;0,05;80;-0,4;-0,01;-166,17;14674,44;343;48;391
0,35;0,05;0,15;0,05;80;-0,3;-0,01;-166,90;14814,02;343;48;391
0,35;0,11;0,15;0,25;105;-0,4;-0,08;162,95;28511,60;309;82;391
0,35;0,11;0,15;0,25;105;-0,3;-0,08;162,22;28512,33;309;82;391
0,35;0,11;0,15;0,25;105;-0,4;-0,01;148,25;28542,71;309;82;391
0,35;0,11;0,15;0,25;105;-0,3;-0,01;147,33;28543,63;309;82;391
0,35;0,11;0,15;0,25;105;-0,3;0,05;123,13;28507,52;309;82;391
0,35;0,11;0,15;0,25;105;-0,4;0,05;122,86;28507,79;309;82;391
0,35;0,16;0,15;0,25;105;-0,4;-0,08;110,92;28271,64;305;86;391
0,35;0,16;0,15;0,25;105;-0,3;-0,08;109,27;28273,29;305;86;391
0,35;0,16;0,15;0,25;105;-0,4;-0,01;96,47;28293,91;305;86;391
0,35;0,16;0,15;0,25;105;-0,3;0,05;95,61;28301,54;306;85;391
0,35;0,16;0,15;0,25;105;-0,4;0,05;95,47;28301,68;306;85;391
0,35;0,16;0,15;0,25;105;-0,3;-0,01;94,94;28295,44;305;86;391
0,35;0,16;0,15;0,25;80;-0,3;-0,08;34,00;22395,45;296;95;391
0,35;0,16;0,15;0,25;80;-0,4;-0,08;33,94;22395,51;296;95;391
0,35;0,16;0,15;0,25;80;-0,4;-0,01;15,49;22419,41;296;95;391
0,35;0,16;0,15;0,25;80;-0,3;-0,01;15,07;22419,83;296;95;391
0,35;0,11;0,15;0,25;80;-0,4;-0,08;11,39;22663,74;300;91;391
0,35;0,11;0,15;0,25;80;-0,3;-0,08;10,09;22665,04;300;91;391
0,35;0,11;0,15;0,2;105;-0,3;-0,08;7,32;26776,67;313;78;391
0,35;0,11;0,15;0,2;105;-0,4;-0,08;5,28;26771,38;313;78;391
0,35;0,16;0,15;0,25;80;-0,3;0,05;4,90;22414,72;296;95;391
0,35;0,16;0,15;0,25;80;-0,4;0,05;4,11;22415,51;296;95;391
0,35;0,11;0,15;0,2;60;-0,4;-0,08;-2,01;17377,09;292;99;391
0,35;0,11;0,15;0,25;80;-0,4;-0,01;-5,53;22686,57;300;91;391
0,35;0,11;0,15;0,25;80;-0,3;-0,01;-7,16;22688,20;300;91;391
0,35;0,11;0,15;0,25;80;-0,4;0,05;-15,53;22676,68;300;91;391
0,35;0,11;0,15;0,25;80;-0,3;0,05;-15,63;22676,78;300;91;391
0,35;0,11;0,15;0,2;60;-0,3;-0,08;-24,60;17376,13;292;99;391
0,35;0,11;0,15;0,2;60;-0,4;0,05;-26,31;17192,84;292;99;391
0,35;0,11;0,15;0,2;60;-0,4;-0,01;-37,91;17460,49;291;100;391
0,35;0,11;0,15;0,2;80;-0,4;-0,08;-45,64;21757,19;299;92;391
0,35;0,11;0,15;0,2;105;-0,3;-0,01;-54,59;26968,22;312;79;391
0,35;0,11;0,15;0,2;60;-0,3;0,05;-54,61;17193,66;292;99;391
0,35;0,11;0,15;0,2;80;-0,3;-0,08;-55,35;21760,43;299;92;391
0,35;0,11;0,15;0,2;60;-0,3;-0,01;-59,10;17470,44;291;100;391
0,35;0,11;0,15;0,2;105;-0,3;0,05;-62,46;25542,25;313;78;391
0,35;0,11;0,15;0,2;105;-0,4;0,05;-62,96;25542,75;313;78;391
0,35;0,11;0,15;0,2;105;-0,4;-0,01;-67,06;26957,04;312;79;391
0,35;0,16;0,1;0,05;60;-0,4;0,05;-71,56;16377,90;312;79;391
0,35;0,16;0,1;0,05;60;-0,3;0,05;-81,07;16384,17;312;79;391
0,35;0,16;0,1;0,05;60;-0,4;-0,08;-81,48;16379,42;311;80;391
0,35;0,16;0,15;0,05;60;-0,4;0,05;-81,51;16367,86;304;87;391
0,35;0,11;0,15;0,25;60;-0,4;-0,08;-81,70;18551,21;285;106;391
0,35;0,16;0,1;0,05;60;-0,4;-0,01;-82,88;16385,32;311;80;391
0,35;0,11;0,15;0,2;80;-0,3;0,05;-83,04;21214,09;300;91;391
0,35;0,11;0,15;0,25;60;-0,3;-0,08;-83,34;18552,85;285;106;391
0,35;0,11;0,15;0,2;80;-0,4;0,05;-85,17;21216,22;300;91;391
0,35;0,11;0,15;0,2;80;-0,4;-0,01;-88,06;21846,83;298;93;391
0,35;0,16;0,1;0,05;60;-0,3;-0,08;-89,15;16386,84;311;80;391
0,35;0,16;0,15;0,05;60;-0,4;-0,01;-90,88;16391,07;303;88;391
0,35;0,11;0,15;0,25;60;-0,4;0,05;-90,89;18569,07;286;105;391
0,35;0,16;0,15;0,05;60;-0,3;0,05;-91,53;16374,64;304;87;391
0,35;0,11;0,15;0,25;60;-0,4;-0,01;-92,81;18566,97;285;106;391
0,35;0,11;0,15;0,25;60;-0,3;0,05;-93,38;18571,56;286;105;391
0,35;0,16;0,1;0,05;60;-0,3;-0,01;-95,70;16408,79;311;80;391
0,35;0,11;0,15;0,25;60;-0,3;-0,01;-96,17;18570,33;285;106;391
0,35;0,16;0,15;0,05;60;-0,4;-0,08;-97,41;16379,17;303;88;391
0,35;0,11;0,15;0,2;80;-0,3;-0,01;-98,70;21854,78;298;93;391
0,35;0,16;0,15;0,05;60;-0,3;-0,01;-104,95;16415,79;303;88;391
0,35;0,16;0,15;0,05;60;-0,3;-0,08;-105,27;16386,78;303;88;391
0,35;0,16;0,1;0,1;60;-0,3;-0,08;-105,56;16394,43;306;85;391
0,35;0,16;0,15;0,2;105;-0,3;-0,01;-111,21;26275,11;308;83;391
0,35;0,16;0,1;0,1;60;-0,3;-0,01;-112,88;16465,61;306;85;391
0,35;0,16;0,1;0,1;60;-0,4;0,05;-113,16;16387,24;307;84;391
0,35;0,16;0,1;0,1;60;-0,3;0,05;-117,10;16394,91;307;84;391
0,35;0,16;0,1;0,1;60;-0,4;-0,08;-120,75;16386,27;306;85;391
0,35;0,16;0,1;0,1;60;-0,4;-0,01;-122,56;16424,45;306;85;391
0,35;0,16;0,15;0,2;105;-0,3;-0,08;-129,93;26103,99;308;83;391
0,35;0,16;0,15;0,2;105;-0,4;-0,01;-132,46;26356,34;308;83;391
0,35;0,16;0,15;0,2;105;-0,4;-0,08;-139,30;26144,82;308;83;391
0,35;0,16;0,15;0,1;105;-0,4;0,05;-139,85;22247,22;325;66;391
0,35;0,16;0,05;0,05;60;-0,4;-0,01;-142,17;16231,67;324;67;391
0,35;0,16;0,05;0,05;60;-0,4;0,05;-142,52;16235,92;325;66;391
0,35;0,16;0,15;0,1;105;-0,3;0,05;-143,08;22254,18;325;66;391
0,35;0,16;0,15;0,1;60;-0,3;-0,08;-145,30;16461,70;296;95;391
0,35;0,16;0,05;0,05;60;-0,4;-0,08;-145,43;16230,43;324;67;391
0,35;0,16;0,15;0,1;60;-0,3;-0,01;-145,85;16540,04;296;95;391
0,35;0,16;0,15;0,1;60;-0,4;0,05;-146,11;16443,91;297;94;391
0,35;0,16;0,05;0,05;60;-0,3;0,05;-148,84;16239,00;325;66;391
0,35;0,16;0,05;0,05;60;-0,3;-0,01;-149,73;16252,45;324;67;391
0,35;0,16;0,05;0,05;60;-0,3;-0,08;-150,15;16231,91;324;67;391
0,35;0,16;0,15;0,1;105;-0,3;-0,08;-151,20;22603,23;324;67;391
0,35;0,16;0,15;0,1;60;-0,3;0,05;-151,89;16453,42;297;94;391
0,35;0,16;0,15;0,1;105;-0,3;-0,01;-152,37;22886,03;324;67;391
0,35;0,16;0,15;0,1;60;-0,4;-0,01;-154,02;16497,37;296;95;391
0,35;0,16;0,15;0,2;105;-0,3;0,05;-155,35;25244,35;309;82;391
0,35;0,11;0,15;0,1;60;-0,4;0,05;-156,29;15499,61;314;77;391
0,35;0,16;0,15;0,2;105;-0,4;0,05;-156,55;25245,55;309;82;391
0,35;0,16;0,15;0,1;60;-0,4;-0,08;-159,27;16452,32;296;95;391
0,35;0,16;0,15;0,1;105;-0,4;-0,08;-162,98;22545,62;324;67;391
0,35;0,16;0,15;0,1;80;-0,4;0,05;-164,66;19536,65;314;77;391
0,35;0,16;0,15;0,1;105;-0,4;-0,01;-165,49;22697,20;324;67;391
0,35;0,16;0,15;0,2;60;-0,4;-0,01;-165,87;17511,56;285;106;391
0,35;0,11;0,15;0,1;60;-0,4;-0,08;-166,56;15597,60;313;78;391
0,35;0,16;0,1;0,25;80;-0,4;-0,08;-167,09;21800,79;304;87;391
0,35;0,16;0,1;0,25;80;-0,3;-0,08;-167,46;21801,16;304;87;391
0,35;0,11;0,15;0,1;60;-0,4;-0,01;-167,65;15706,10;313;78;391
0,35;0,16;0,15;0,1;80;-0,3;0,05;-170,47;19546,19;314;77;391
0,35;0,11;0,15;0,1;60;-0,3;0,05;-171,02;15492,62;314;77;391
0,35;0,16;0,05;0,1;60;-0,4;-0,01;-171,37;16174,75;322;69;391
0,35;0,21;0,15;0,2;80;-0,4;-0,08;125,92;21556,72;301;90;391
0,35;0,21;0,15;0,2;80;-0,3;-0,08;118,54;21560,00;301;90;391
0,35;0,21;0,15;0,2;80;-0,3;0,05;91,53;21101,79;302;89;391
0,35;0,21;0,15;0,2;80;-0,4;0,05;90,53;21102,79;302;89;391
0,35;0,21;0,15;0,2;80;-0,4;-0,01;79,55;21664,69;300;91;391
0,35;0,21;0,15;0,2;80;-0,3;-0,01;76,26;21669,60;300;91;391
0,35;0,21;0,1;0,2;80;-0,4;-0,01;35,75;21109,89;310;81;391
0,35;0,21;0,1;0,2;80;-0,4;-0,08;35,41;21098,73;310;81;391
0,35;0,21;0,1;0,2;80;-0,3;-0,01;35,30;21110,34;310;81;391
0,35;0,21;0,1;0,2;80;-0,3;-0,08;32,70;21101,44;310;81;391
0,35;0,21;0,1;0,2;80;-0,3;0,05;11,35;21119,25;311;80;391
0,35;0,21;0,1;0,2;80;-0,4;0,05;10,94;21119,66;311;80;391
0,38;0,01;0,05;0,05;105;-0,4;0,05;-2,44;13762,22;367;24;391
0,38;0,01;0,05;0,05;105;-0,3;0,05;-4,44;13764,05;367;24;391
0,38;0,01;0,05;0,05;105;-0,4;-0,08;-9,48;13965,27;365;26;391
0,38;0,01;0,05;0,05;105;-0,4;-0,01;-9,66;13995,53;364;27;391
0,38;0,01;0,05;0,05;105;-0,3;-0,08;-9,73;14010,10;365;26;391
0,38;0,01;0,05;0,05;105;-0,3;-0,01;-15,63;14095,74;362;29;391
0,35;0,21;0,15;0,1;80;-0,4;0,05;-33,16;21056,47;304;87;391
0,35;0,21;0,15;0,05;80;-0,4;0,05;-35,10;20884,79;306;85;391
0,38;0,01;0,05;0,05;80;-0,4;0,05;-45,95;13143,70;361;30;391
0,38;0,01;0,05;0,05;80;-0,3;0,05;-49,36;13146,94;361;30;391
0,38;0,01;0,05;0,05;80;-0,4;-0,01;-53,50;13290,00;358;33;391
0,35;0,21;0,15;0,1;80;-0,4;-0,08;-53,62;21070,69;303;88;391
0,35;0,21;0,15;0,05;80;-0,4;-0,08;-55,61;20909,86;305;86;391
0,38;0,01;0,05;0,05;80;-0,4;-0,08;-57,41;13278,43;358;33;391
0,35;0,21;0,15;0,05;80;-0,3;0,05;-59,48;20894,22;307;84;391
0,38;0,01;0,05;0,05;80;-0,3;-0,08;-60,25;13267,27;358;33;391
0,38;0,01;0,05;0,05;80;-0,3;-0,01;-61,24;13360,22;357;34;391
0,35;0,21;0,15;0,1;80;-0,3;0,05;-61,61;21061,07;305;86;391
0,35;0,21;0,15;0,1;80;-0,4;-0,01;-62,90;21081,11;303;88;391
0,35;0,21;0,15;0,1;105;-0,4;0,05;-63,09;24758,97;315;76;391
0,35;0,21;0,15;0,05;80;-0,4;-0,01;-63,18;20909,91;305;86;391
0,35;0,21;0,1;0,1;80;-0,4;-0,08;-67,62;21074,01;313;78;391
0,35;0,21;0,1;0,1;80;-0,4;0,05;-68,81;21081,44;314;77;391
0,35;0,21;0,1;0,1;80;-0,4;-0,01;-71,62;21079,15;313;78;391
0,38;0,01;0,05;0,2;105;-0,3;-0,08;-75,86;20231,83;347;44;391
0,38;0,01;0,05;0,2;105;-0,4;-0,08;-76,25;20232,22;347;44;391
0,35;0,21;0,15;0,1;80;-0,3;-0,08;-81,49;21120,87;303;88;391
0,38;0,01;0,05;0,2;105;-0,4;-0,01;-83,30;20239,27;347;44;391
0,38;0,01;0,05;0,2;105;-0,3;-0,01;-83,38;20239,35;347;44;391
0,35;0,21;0,1;0,05;80;-0,4;-0,08;-83,81;20929,18;315;76;391
0,35;0,21;0,1;0,05;80;-0,4;0,05;-84,90;20925,71;316;75;391
0,35;0,21;0,15;0,05;80;-0,3;-0,08;-85,32;20933,20;305;86;391
0,35;0,21;0,1;0,05;80;-0,4;-0,01;-86,89;20924,74;315;76;391
0,38;0,01;0,05;0,2;105;-0,4;0,05;-87,51;20243,48;347;44;391
0,38;0,01;0,05;0,2;105;-0,3;0,05;-88,00;20243,97;347;44;391
0,35;0,21;0,15;0,1;80;-0,3;-0,01;-90,85;21123,11;303;88;391
0,35;0,21;0,15;0,1;105;-0,3;0,05;-91,55;24763,58;316;75;391
0,35;0,21;0,1;0,1;80;-0,3;-0,08;-94,19;21119,67;313;78;391
0,35;0,21;0,15;0,05;80;-0,3;-0,01;-94,75;20956,60;305;86;391
0,35;0,21;0,1;0,1;80;-0,3;-0,01;-96,68;21118,26;313;78;391
0,35;0,21;0,15;0,1;105;-0,4;-0,08;-98,25;24869,22;315;76;391
0,38;0,01;0,05;0,1;60;-0,4;0,05;-104,71;13365,92;342;49;391
0,38;0,01;0,05;0,25;105;-0,3;-0,08;-106,17;21229,12;338;53;391
0,38;0,01;0,05;0,25;105;-0,4;-0,08;-106,17;21229,12;338;53;391
0,38;0,01;0,05;0,1;60;-0,3;0,05;-106,70;13367,91;342;49;391
0,38;0,01;0,05;0,25;105;-0,3;-0,01;-107,55;21239,86;338;53;391
0,38;0,01;0,05;0,25;105;-0,4;-0,01;-107,55;21239,86;338;53;391
0,38;0,01;0,05;0,25;105;-0,3;0,05;-107,94;21248,35;339;52;391
0,38;0,01;0,05;0,25;105;-0,4;0,05;-107,94;21248,35;339;52;391
0,38;0,01;0,05;0,1;60;-0,4;-0,08;-108,41;13383,44;341;50;391
0,38;0,01;0,05;0,1;60;-0,3;-0,08;-108,51;13383,54;341;50;391
0,35;0,21;0,15;0,1;105;-0,4;-0,01;-109,29;24869,10;314;77;391
0,35;0,21;0,1;0,05;80;-0,3;-0,08;-110,31;20949,31;315;76;391
0,38;0,01;0,05;0,1;60;-0,4;-0,01;-110,34;13370,69;341;50;391
0,38;0,01;0,05;0,1;60;-0,3;-0,01;-111,82;13372,17;341;50;391
0,35;0,21;0,1;0,1;80;-0,3;0,05;-112,10;21084,86;314;77;391
0,35;0,21;0,1;0,05;80;-0,3;-0,01;-115,29;20968,26;315;76;391
0,35;0,21;0,15;0,1;105;-0,3;-0,08;-121,33;24982,05;315;76;391
0,38;0,01;0,05;0,2;80;-0,3;-0,08;-121,86;17466,03;335;56;391
0,38;0,01;0,05;0,2;80;-0,4;-0,08;-121,86;17466,03;335;56;391
0,35;0,21;0,1;0,05;80;-0,3;0,05;-123,70;20933,54;316;75;391
0,38;0,01;0,05;0,2;80;-0,3;0,05;-124,45;17480,13;336;55;391
0,38;0,01;0,05;0,2;80;-0,4;0,05;-124,45;17480,13;336;55;391
0,38;0,01;0,05;0,2;80;-0,3;-0,01;-124,50;17474,84;335;56;391
0,38;0,01;0,05;0,2;80;-0,4;-0,01;-124,50;17474,84;335;56;391
0,35;0,21;0,15;0,1;105;-0,3;-0,01;-127,04;25032,77;314;77;391
0,38;0,01;0,05;0,25;80;-0,3;-0,01;-132,81;18231,02;332;59;391
0,38;0,01;0,05;0,25;80;-0,4;-0,01;-132,81;18231,02;332;59;391
0,38;0,01;0,05;0,25;80;-0,3;-0,08;-133,04;18226,76;331;60;391
0,38;0,01;0,05;0,25;80;-0,4;-0,08;-133,04;18226,76;331;60;391
0,38;0,01;0,05;0,25;80;-0,3;0,05;-134,90;18239,11;333;58;391
0,38;0,01;0,05;0,25;80;-0,4;0,05;-134,90;18239,11;333;58;391
0,35;0,21;0,15;0,05;105;-0,4;0,05;-145,02;24385,59;318;73;391
0,35;0,21;0,05;0,05;60;-0,4;-0,08;-152,09;17829,97;319;72;391
0,35;0,21;0,15;0,05;105;-0,3;0,05;-152,95;24352,45;320;71;391
0,35;0,21;0,05;0,05;60;-0,3;-0,08;-155,60;17833,48;318;73;391
0,35;0,21;0,15;0,25;105;-0,4;-0,08;-155,86;27473,77;300;91;391
0,35;0,21;0,15;0,25;105;-0,3;-0,08;-155,91;27473,82;300;91;391
0,35;0,21;0,05;0,05;60;-0,4;-0,01;-156,30;17834,18;319;72;391
0,35;0,21;0,15;0,1;60;-0,3;0,05;-162,64;17348,70;287;104;391
0,35;0,21;0,05;0,05;60;-0,3;-0,01;-162,96;17840,84;318;73;391
0,35;0,21;0,15;0,2;60;-0,4;-0,08;-164,04;17394,63;279;112;391
0,35;0,21;0,05;0,05;60;-0,4;0,05;-164,57;17842,45;319;72;391
0,35;0,21;0,15;0,25;105;-0,3;0,05;-167,44;27499,91;301;90;391
0,35;0,21;0,15;0,25;105;-0,4;0,05;-167,70;27500,17;301;90;391
0,35;0,21;0,15;0,2;60;-0,3;-0,08;-169,55;17400,14;279;112;391
0,35;0,21;0,15;0,25;105;-0,4;-0,01;-169,93;27495,65;300;91;391
0,35;0,21;0,05;0,05;60;-0,3;0,05;-170,01;17847,89;318;73;391
0,38;0,01;0,15;0,2;105;-0,3;0,05;150,52;21731,70;331;60;391
0,38;0,01;0,15;0,2;105;-0,4;0,05;148,28;21733,94;331;60;391
0,38;0,01;0,15;0,25;105;-0,3;0,05;127,44;23569,39;322;69;391
0,38;0,01;0,15;0,25;105;-0,4;0,05;127,44;23569,39;322;69;391
0,38;0,01;0,15;0,2;105;-0,4;-0,01;127,37;22937,64;329;62;391
0,38;0,01;0,15;0,2;105;-0,3;-0,01;122,85;22956,31;329;62;391
0,38;0,01;0,15;0,25;105;-0,3;-0,08;115,38;23563,17;320;71;391
0,38;0,01;0,15;0,25;105;-0,4;-0,08;115,38;23563,17;320;71;391
0,38;0,01;0,15;0,25;105;-0,3;-0,01;113,36;23640,18;320;71;391
0,38;0,01;0,15;0,25;105;-0,4;-0,01;113,36;23640,18;320;71;391
0,38;0,01;0,15;0,2;105;-0,4;-0,08;97,36;22569,69;329;62;391
0,38;0,01;0,15;0,2;105;-0,3;-0,08;94,64;22572,41;329;62;391
0,38;0,01;0,15;0,2;80;-0,3;0,05;92,18;18133,82;318;73;391
0,38;0,01;0,15;0,2;80;-0,4;0,05;88,20;18137,80;318;73;391
0,38;0,01;0,15;0,2;80;-0,4;-0,01;79,54;18815,26;316;75;391
0,38;0,01;0,15;0,2;80;-0,3;-0,01;66,79;18824,92;316;75;391
0,38;0,01;0,15;0,2;80;-0,4;-0,08;55,90;18601,40;316;75;391
0,38;0,01;0,15;0,2;80;-0,3;-0,08;54,81;18602,49;316;75;391
0,38;0,01;0,1;0,2;105;-0,3;-0,08;51,98;21337,00;337;54;391
0,38;0,01;0,1;0,2;105;-0,4;-0,08;51,56;21337,42;337;54;391
0,38;0,05;0,1;0,05;105;-0,4;0,05;45,11;15360,31;359;32;391
0,38;0,01;0,15;0,05;105;-0,4;0,05;40,54;13719,24;367;24;391
0,38;0,01;0,1;0,2;105;-0,3;-0,01;40,18;21348,80;337;54;391
0,38;0,01;0,1;0,2;105;-0,4;-0,01;39,72;21349,26;337;54;391
0,38;0,05;0,1;0,05;105;-0,3;0,05;39,20;15354,17;359;32;391
0,38;0,01;0,1;0,2;105;-0,4;0,05;38,69;21350,29;337;54;391
0,38;0,01;0,1;0,2;105;-0,3;0,05;38,47;21350,51;337;54;391
0,38;0,01;0,15;0,05;105;-0,3;0,05;37,99;13721,62;367;24;391
0,38;0,01;0,1;0,05;105;-0,4;0,05;34,46;13725,32;367;24;391
0,38;0,01;0,15;0,05;105;-0,4;-0,08;32,67;13923,12;365;26;391
0,38;0,01;0,15;0,05;105;-0,4;-0,01;32,60;13953,27;364;27;391
0,38;0,01;0,15;0,05;105;-0,3;-0,08;32,36;13968,01;365;26;391
0,38;0,01;0,1;0,05;105;-0,3;0,05;31,91;13727,70;367;24;391
0,38;0,01;0,1;0,05;105;-0,4;-0,08;26,59;13929,20;365;26;391
0,38;0,05;0,1;0,05;105;-0,4;-0,01;26,58;15594,54;359;32;391
0,38;0,01;0,1;0,05;105;-0,4;-0,01;26,52;13959,35;364;27;391
0,38;0,01;0,1;0,05;105;-0,3;-0,08;26,28;13974,09;365;26;391
0,38;0,01;0,15;0,05;105;-0,3;-0,01;25,61;14054,50;362;29;391
0,38;0,01;0,1;0,05;105;-0,3;-0,01;19,53;14060,58;362;29;391
0,38;0,05;0,05;0,2;105;-0,3;-0,08;18,85;21122,56;348;43;391
0,38;0,05;0,05;0,2;105;-0,4;-0,08;18,85;21122,56;348;43;391
0,38;0,05;0,05;0,05;105;-0,4;0,05;18,12;15086,85;362;29;391
0,38;0,05;0,1;0,05;105;-0,3;-0,01;16,08;15675,51;357;34;391
0,38;0,05;0,1;0,05;105;-0,4;-0,08;14,26;15613,04;359;32;391
0,38;0,05;0,05;0,05;105;-0,3;0,05;12,56;15080,36;362;29;391
0,38;0,05;0,05;0,25;80;-0,3;-0,08;9,51;19271,16;336;55;391
0,38;0,05;0,05;0,25;80;-0,4;-0,08;9,51;19271,16;336;55;391
0,38;0,05;0,05;0,2;105;-0,3;-0,01;9,37;21132,04;348;43;391
0,38;0,05;0,05;0,2;105;-0,4;-0,01;9,37;21132,04;348;43;391
0,38;0,05;0,1;0,05;105;-0,3;-0,08;6,66;15637,95;358;33;391
0,38;0,05;0,05;0,2;105;-0,3;0,05;4,25;21137,16;348;43;391
0,38;0,05;0,05;0,2;105;-0,4;0,05;4,25;21137,16;348;43;391
0,38;0,05;0,05;0,25;80;-0,3;-0,01;3,36;19278,26;336;55;391
0,38;0,05;0,05;0,25;80;-0,4;-0,01;3,36;19278,26;336;55;391
0,38;0,05;0,05;0,05;105;-0,4;-0,01;-2,44;15293,24;362;29;391
0,38;0,01;0,15;0,2;60;-0,4;0,05;-4,85;14919,13;306;85;391
0,38;0,05;0,05;0,25;80;-0,3;0,05;-6,35;19246,34;336;55;391
0,38;0,05;0,05;0,25;80;-0,4;0,05;-6,35;19246,34;336;55;391
0,38;0,01;0,15;0,2;60;-0,3;0,05;-7,36;14921,64;306;85;391
0,38;0,05;0,05;0,05;105;-0,3;-0,01;-10,10;15371,37;360;31;391
0,38;0,05;0,05;0,05;105;-0,4;-0,08;-12,11;15313,77;362;29;391
0,38;0,05;0,05;0,2;80;-0,3;-0,08;-14,04;18259,22;337;54;391
0,38;0,05;0,05;0,2;80;-0,4;-0,08;-14,04;18259,22;337;54;391
0,38;0,01;0,15;0,2;60;-0,4;-0,01;-17,59;15168,22;304;87;391
0,38;0,01;0,15;0,1;60;-0,4;0,05;-18,73;13743,21;336;55;391
0,38;0,05;0,05;0,05;105;-0,3;-0,08;-19,46;15338,43;361;30;391
0,38;0,05;0,05;0,2;80;-0,3;-0,01;-20,18;18265,36;337;54;391
0,38;0,05;0,05;0,2;80;-0,4;-0,01;-20,18;18265,36;337;54;391
0,38;0,05;0,1;0,2;105;-0,4;-0,08;-21,80;23365,89;328;63;391
0,38;0,05;0,1;0,2;105;-0,3;-0,08;-22,30;23366,39;328;63;391
0,38;0,01;0,1;0,1;60;-0,4;0,05;-22,55;13747,03;336;55;391
0,38;0,05;0,05;0,2;80;-0,3;0,05;-23,95;18269,13;337;54;391
0,38;0,05;0,05;0,2;80;-0,4;0,05;-23,95;18269,13;337;54;391
0,38;0,01;0,1;0,05;80;-0,4;0,05;-24,30;13122,05;361;30;391
0,38;0,01;0,15;0,05;80;-0,4;0,05;-24,35;13122,10;361;30;391
0,38;0,01;0,15;0,2;60;-0,4;-0,08;-24,78;15098,44;303;88;391
0,38;0,01;0,1;0,05;80;-0,3;0,05;-27,28;13124,86;361;30;391
0,38;0,01;0,15;0,05;80;-0,3;0,05;-27,33;13124,91;361;30;391
0,38;0,01;0,15;0,1;60;-0,3;0,05;-28,34;13741,70;336;55;391
0,38;0,01;0,1;0,1;60;-0,3;0,05;-31,48;13744,84;336;55;391
0,38;0,01;0,1;0,05;80;-0,4;-0,01;-32,20;13268,70;358;33;391
0,38;0,01;0,15;0,05;80;-0,4;-0,01;-32,25;13268,75;358;33;391
0,38;0,01;0,15;0,2;60;-0,3;-0,08;-34,15;15107,81;303;88;391
0,38;0,01;0,15;0,1;60;-0,4;-0,01;-35,70;13829,19;334;57;391
0,38;0,01;0,1;0,05;80;-0,4;-0,08;-36,35;13257,37;358;33;391
0,38;0,01;0,15;0,05;80;-0,4;-0,08;-36,41;13257,43;358;33;391
0,38;0,01;0,15;0,2;60;-0,3;-0,01;-36,44;15187,07;304;87;391
0,38;0,01;0,15;0,1;60;-0,4;-0,08;-36,69;13826,54;334;57;391
0,38;0,01;0,1;0,2;80;-0,3;-0,08;-36,98;17916,47;323;68;391
0,38;0,01;0,1;0,2;80;-0,4;-0,08;-37,02;17916,51;323;68;391
0,38;0,01;0,1;0,2;80;-0,3;0,05;-37,72;17928,72;324;67;391
0,38;0,01;0,1;0,2;80;-0,4;0,05;-38,06;17929,06;324;67;391
0,38;0,05;0,1;0,2;105;-0,4;-0,01;-38,40;23382,49;328;63;391
0,38;0,01;0,1;0,05;80;-0,3;-0,08;-38,42;13245,44;358;33;391
0,38;0,01;0,15;0,05;80;-0,3;-0,08;-38,48;13245,50;358;33;391
0,38;0,05;0,1;0,2;105;-0,3;-0,01;-38,87;23382,96;328;63;391
0,38;0,01;0,1;0,1;60;-0,4;-0,01;-39,52;13833,01;334;57;391
0,38;0,01;0,1;0,05;80;-0,3;-0,01;-39,64;13338,62;357;34;391
0,38;0,01;0,15;0,05;80;-0,3;-0,01;-39,69;13338,67;357;34;391
0,38;0,01;0,1;0,1;60;-0,4;-0,08;-40,52;13830,37;334;57;391
0,38;0,11;0,15;0,2;105;-0,4;-0,01;178,42;25657,20;318;73;391
0,38;0,11;0,15;0,2;105;-0,3;-0,01;168,76;25722,14;318;73;391
0,38;0,11;0,15;0,2;105;-0,4;-0,08;155,82;25142,20;318;73;391
0,38;0,11;0,15;0,2;105;-0,3;-0,08;152,36;25150,20;318;73;391
0,38;0,11;0,15;0,2;105;-0,3;0,05;147,37;24548,88;319;72;391
0,38;0,11;0,05;0,2;105;-0,3;-0,08;144,61;21567,48;348;43;391
0,38;0,11;0,05;0,2;105;-0,4;-0,08;144,61;21567,48;348;43;391
0,38;0,11;0,15;0,2;105;-0,4;0,05;143,75;24552,50;319;72;391
0,38;0,11;0,05;0,2;105;-0,4;-0,01;140,92;21572,96;348;43;391
0,38;0,11;0,05;0,2;105;-0,3;-0,01;138,90;21574,98;348;43;391
0,38;0,11;0,05;0,2;105;-0,3;0,05;123,44;21541,68;348;43;391
0,38;0,11;0,05;0,2;105;-0,4;0,05;123,44;21541,68;348;43;391
0,38;0,11;0,1;0,2;105;-0,3;-0,08;117,45;24002,52;327;64;391
0,38;0,11;0,1;0,2;105;-0,4;-0,08;117,45;24002,52;327;64;391
0,38;0,11;0,1;0,2;105;-0,4;-0,01;107,46;24014,30;327;64;391
0,38;0,11;0,1;0,2;105;-0,3;-0,01;105,44;24016,32;327;64;391
0,38;0,11;0,1;0,2;105;-0,3;0,05;92,28;23980,72;327;64;391
0,38;0,11;0,1;0,2;105;-0,4;0,05;92,15;23980,85;327;64;391
0,38;0,11;0,15;0,25;80;-0,4;-0,08;71,06;21995,31;299;92;391
0,38;0,11;0,15;0,25;80;-0,3;-0,08;69,16;21997,21;299;92;391
0,38;0,11;0,15;0,25;80;-0,4;0,05;63,40;22005,61;300;91;391
0,38;0,11;0,15;0,25;80;-0,3;0,05;62,69;22006,32;300;91;391
0,38;0,05;0,15;0,2;105;-0,3;-0,01;61,35;25179,77;320;71;391
0,38;0,11;0,15;0,25;80;-0,4;-0,01;59,55;22014,93;299;92;391
0,38;0,05;0,15;0,2;105;-0,4;-0,01;58,76;25161,16;320;71;391
0,38;0,11;0,15;0,25;80;-0,3;-0,01;57,15;22017,33;299;92;391
0,38;0,05;0,15;0,25;105;-0,3;-0,08;51,93;26217,25;311;80;391
0,38;0,05;0,15;0,25;105;-0,4;-0,08;51,93;26217,25;311;80;391
0,38;0,05;0,15;0,2;80;-0,3;0,05;49,67;20002,78;309;82;391
0,38;0,05;0,15;0,2;80;-0,4;-0,01;49,42;20806,35;307;84;391
0,38;0,05;0,15;0,2;80;-0,4;0,05;47,38;20005,07;309;82;391
0,38;0,05;0,15;0,2;105;-0,3;0,05;47,33;23878,24;321;70;391
0,38;0,05;0,15;0,05;105;-0,4;0,05;46,71;15380,32;359;32;391
0,38;0,05;0,15;0,2;105;-0,4;0,05;44,35;23881,22;321;70;391
0,38;0,05;0,15;0,25;105;-0,3;-0,01;42,93;26241,17;311;80;391
0,38;0,05;0,15;0,25;105;-0,4;-0,01;42,93;26241,17;311;80;391
0,38;0,05;0,15;0,05;105;-0,3;0,05;40,80;15374,18;359;32;391
0,38;0,05;0,15;0,2;105;-0,4;-0,08;39,66;24394,13;320;71;391
0,38;0,05;0,15;0,25;80;-0,3;-0,01;35,95;21428,29;301;90;391
0,38;0,05;0,15;0,2;80;-0,4;-0,08;35,65;20341,99;308;83;391
0,38;0,05;0,15;0,2;105;-0,3;-0,08;35,34;24398,45;320;71;391
0,38;0,05;0,15;0,25;80;-0,4;-0,01;35,04;21429,20;301;90;391
0,38;0,05;0,15;0,2;80;-0,3;-0,08;33,46;20344,18;308;83;391
0,38;0,05;0,15;0,2;80;-0,3;-0,01;29,76;20810,76;307;84;391
0,38;0,05;0,15;0,25;80;-0,3;-0,08;28,78;21415,86;301;90;391
0,38;0,05;0,15;0,25;80;-0,4;-0,08;27,89;21416,75;301;90;391
0,38;0,05;0,15;0,05;105;-0,4;-0,01;27,65;15615,08;359;32;391
0,38;0,05;0,15;0,25;105;-0,3;0,05;26,15;26183,43;312;79;391
0,38;0,05;0,15;0,25;105;-0,4;0,05;26,15;26183,43;312;79;391
0,38;0,05;0,15;0,25;80;-0,3;0,05;25,10;21391,48;303;88;391
0,38;0,05;0,15;0,25;80;-0,4;0,05;24,38;21392,20;303;88;391
0,38;0,11;0,15;0,25;105;-0,4;-0,08;17,53;26977,37;306;85;391
0,38;0,05;0,15;0,05;105;-0,3;-0,01;17,15;15696,05;357;34;391
0,38;0,11;0,15;0,25;105;-0,3;-0,08;16,80;26978,10;306;85;391
0,38;0,05;0,15;0,05;105;-0,4;-0,08;15,64;15633,27;359;32;391
0,38;0,11;0,15;0,2;80;-0,4;-0,01;12,23;20968,12;302;89;391
0,38;0,05;0,15;0,05;105;-0,3;-0,08;8,04;15658,18;358;33;391
0,38;0,11;0,15;0,25;105;-0,4;-0,01;5,45;27000,63;306;85;391
0,38;0,11;0,05;0,25;80;-0,3;-0,08;5,36;19797,52;334;57;391
0,38;0,11;0,05;0,25;80;-0,4;-0,08;5,36;19797,52;334;57;391
0,38;0,11;0,15;0,25;105;-0,3;-0,01;4,53;27001,55;306;85;391
0,38;0,11;0,15;0,2;80;-0,3;0,05;3,96;20310,39;303;88;391
0,38;0,11;0,15;0,2;80;-0,4;0,05;2,07;20312,28;303;88;391
0,38;0,11;0,05;0,25;80;-0,3;-0,01;0,12;19802,76;334;57;391
0,38;0,11;0,05;0,25;80;-0,4;-0,01;0,12;19802,76;334;57;391
0,38;0,11;0,05;0,25;80;-0,3;0,05;-5,93;19808,81;334;57;391
0,38;0,11;0,05;0,25;80;-0,4;0,05;-5,93;19808,81;334;57;391
0,38;0,11;0,15;0,25;105;-0,3;0,05;-6,12;26959,88;307;84;391
0,38;0,11;0,15;0,25;105;-0,4;0,05;-6,12;26959,88;307;84;391
0,38;0,11;0,15;0,2;80;-0,3;-0,01;-8,33;20999,20;302;89;391
0,38;0,11;0,15;0,2;80;-0,4;-0,08;-11,43;20619,32;302;89;391
0,38;0,11;0,15;0,2;80;-0,3;-0,08;-16,81;20624,70;302;89;391
0,38;0,11;0,05;0,05;60;-0,4;0,05;-25,03;14364,62;343;48;391
0,38;0,11;0,1;0,1;60;-0,4;0,05;-25,32;15194,30;324;67;391
0,38;0,11;0,1;0,1;60;-0,4;-0,01;-27,56;15348,09;323;68;391
0,38;0,11;0,1;0,1;60;-0,4;-0,08;-29,14;15264,55;323;68;391
0,38;0,11;0,15;0,1;60;-0,4;0,05;-29,79;15244,12;321;70;391
0,38;0,11;0,05;0,05;60;-0,4;-0,08;-30,52;14374,14;342;49;391
0,38;0,11;0,05;0,05;60;-0,4;-0,01;-31,32;14366,99;341;50;391
0,38;0,11;0,15;0,1;60;-0,4;-0,01;-33,30;15399,18;320;71;391
0,38;0,11;0,1;0,1;60;-0,3;0,05;-33,42;15188,88;324;67;391
0,38;0,11;0,15;0,1;60;-0,4;-0,08;-33,66;15314,42;320;71;391
0,38;0,11;0,05;0,05;60;-0,3;0,05;-34,06;14373,65;343;48;391
0,38;0,11;0,05;0,05;60;-0,3;-0,08;-35,89;14391,35;342;49;391
0,38;0,11;0,1;0,1;60;-0,3;-0,08;-36,09;15273,11;323;68;391
0,38;0,11;0,15;0,1;60;-0,3;0,05;-37,40;15238,21;321;70;391
0,38;0,11;0,1;0,1;60;-0,3;-0,01;-38,38;15390,02;323;68;391
0,38;0,11;0,15;0,1;60;-0,3;-0,08;-41,19;15323,56;320;71;391
0,38;0,11;0,05;0,05;60;-0,3;-0,01;-44,17;14409,03;341;50;391
0,38;0,11;0,15;0,1;60;-0,3;-0,01;-45,53;15442,52;320;71;391
0,38;0,11;0,05;0,1;60;-0,4;0,05;-59,62;14611,31;338;53;391
0,38;0,11;0,05;0,1;60;-0,4;-0,08;-60,79;14623,04;337;54;391
0,38;0,11;0,05;0,1;60;-0,3;-0,08;-63,06;14625,31;337;54;391
0,38;0,11;0,05;0,1;60;-0,4;-0,01;-63,13;14610,83;337;54;391
0,38;0,11;0,05;0,1;60;-0,3;0,05;-63,54;14615,23;338;53;391
0,38;0,11;0,05;0,1;60;-0,3;-0,01;-66,86;14614,56;337;54;391
0,38;0,11;0,15;0,05;60;-0,4;0,05;-67,88;14930,67;328;63;391
0,38;0,05;0,15;0,2;60;-0,3;0,05;-73,78;16238,92;294;97;391
0,38;0,11;0,15;0,05;60;-0,3;0,05;-76,98;14939,76;328;63;391
0,38;0,11;0,1;0,05;60;-0,4;0,05;-77,95;14838,55;330;61;391
0,38;0,16;0,05;0,2;105;-0,3;-0,08;157,35;22353,81;347;44;391
0,38;0,16;0,05;0,2;105;-0,4;-0,08;157,35;22353,81;347;44;391
0,38;0,16;0,05;0,2;105;-0,3;-0,01;155,76;22363,55;347;44;391
0,38;0,16;0,05;0,2;105;-0,4;-0,01;155,76;22363,55;347;44;391
0,38;0,16;0,05;0,2;105;-0,3;0,05;155,76;22370,60;348;43;391
0,38;0,16;0,05;0,2;105;-0,4;0,05;155,76;22370,60;348;43;391
0,38;0,16;0,15;0,25;105;-0,4;-0,08;130,41;27096,81;308;83;391
0,38;0,16;0,15;0,25;105;-0,3;-0,08;130,08;27097,14;308;83;391
0,38;0,16;0,15;0,25;105;-0,4;0,05;126,46;27115,22;309;82;391
0,38;0,16;0,15;0,25;105;-0,3;0,05;126,35;27115,33;309;82;391
0,38;0,16;0,15;0,25;105;-0,4;-0,01;116,55;27118,42;308;83;391
0,38;0,16;0,15;0,25;105;-0,3;-0,01;115,92;27119,05;308;83;391
0,38;0,16;0,15;0,2;105;-0,3;-0,01;106,31;25555,25;317;74;391
0,38;0,16;0,15;0,2;105;-0,4;-0,08;105,97;25264,33;317;74;391
0,38;0,16;0,15;0,2;105;-0,4;-0,01;104,82;25651,33;317;74;391
0,38;0,16;0,15;0,2;105;-0,3;0,05;104,41;24811,93;318;73;391
0,38;0,16;0,15;0,2;105;-0,4;0,05;103,98;24812,36;318;73;391
0,38;0,16;0,15;0,2;105;-0,3;-0,08;102,05;25268,25;317;74;391
0,38;0,16;0,1;0,2;105;-0,3;0,05;46,75;23641,90;329;62;391
0,38;0,16;0,1;0,2;105;-0,4;0,05;46,75;23641,90;329;62;391
0,38;0,16;0,1;0,2;105;-0,3;-0,08;46,31;23627,14;328;63;391
0,38;0,16;0,1;0,2;105;-0,4;-0,08;46,31;23627,14;328;63;391
0,38;0,16;0,1;0,2;105;-0,3;-0,01;40,26;23641,34;328;63;391
0,38;0,16;0,1;0,2;105;-0,4;-0,01;40,26;23641,34;328;63;391
0,38;0,16;0,15;0,2;80;-0,4;-0,01;-0,88;21158,89;302;89;391
0,38;0,16;0,15;0,2;80;-0,3;0,05;-9,30;20636,08;303;88;391
0,38;0,16;0,15;0,2;80;-0,4;0,05;-9,90;20636,68;303;88;391
0,38;0,16;0,15;0,2;80;-0,3;-0,01;-10,45;21167,15;302;89;391
0,38;0,16;0,15;0,2;80;-0,4;-0,08;-18,97;20889,96;302;89;391
0,38;0,16;0,15;0,2;80;-0,3;-0,08;-22,24;20893,23;302;89;391
0,38;0,16;0,1;0,25;105;-0,3;-0,08;-30,81;25585,78;318;73;391
0,38;0,16;0,1;0,25;105;-0,4;-0,08;-30,81;25585,78;318;73;391
0,38;0,16;0,1;0,25;105;-0,3;-0,01;-38,15;25600,87;318;73;391
0,38;0,16;0,1;0,25;105;-0,4;-0,01;-38,15;25600,87;318;73;391
0,38;0,16;0,1;0,25;105;-0,3;0,05;-39,61;25609,04;319;72;391
0,38;0,16;0,1;0,25;105;-0,4;0,05;-39,61;25609,04;319;72;391
0,38;0,16;0,1;0,1;80;-0,4;0,05;-56,07;18785,82;328;63;391
0,38;0,16;0,15;0,1;80;-0,4;0,05;-59,85;19112,09;321;70;391
0,38;0,16;0,1;0,1;80;-0,3;0,05;-60,08;18762,20;328;63;391
0,38;0,16;0,15;0,25;80;-0,4;-0,08;-63,79;22071,50;292;99;391
0,38;0,16;0,15;0,25;80;-0,3;-0,08;-64,21;22071,92;292;99;391
0,38;0,16;0,1;0,1;80;-0,4;-0,08;-66,61;18847,13;327;64;391
0,38;0,16;0,1;0,2;80;-0,4;-0,08;-66,69;20046,69;314;77;391
0,38;0,16;0,05;0,2;80;-0,4;-0,08;-67,36;19350,70;334;57;391
0,38;0,16;0,05;0,2;80;-0,3;-0,08;-68,33;19351,67;334;57;391
0,38;0,16;0,1;0,2;80;-0,4;0,05;-68,36;20059,11;315;76;391
0,38;0,16;0,1;0,2;80;-0,3;-0,08;-68,66;20048,66;314;77;391
0,38;0,16;0,1;0,2;80;-0,4;-0,01;-69,05;20054,81;314;77;391
0,38;0,16;0,1;0,1;80;-0,4;-0,01;-69,95;18842,56;327;64;391
0,38;0,16;0,1;0,2;80;-0,3;0,05;-70,12;20060,87;315;76;391
0,38;0,16;0,15;0,25;80;-0,4;0,05;-70,17;22088,38;293;98;391
0,38;0,16;0,1;0,1;80;-0,3;-0,08;-70,22;18910,77;327;64;391
0,38;0,16;0,15;0,1;80;-0,3;0,05;-70,37;19089,59;321;70;391
0,38;0,16;0,15;0,25;80;-0,3;0,05;-70,37;22088,58;293;98;391
0,38;0,16;0,1;0,2;80;-0,3;-0,01;-71,87;20057,63;314;77;391
0,38;0,16;0,05;0,2;80;-0,4;-0,01;-72,77;19356,11;334;57;391
0,38;0,16;0,05;0,2;80;-0,3;-0,01;-73,99;19357,33;334;57;391
0,38;0,16;0,15;0,25;80;-0,4;-0,01;-74,16;22087,50;292;99;391
0,38;0,16;0,15;0,25;80;-0,3;-0,01;-75,16;22088,50;292;99;391
0,38;0,16;0,05;0,05;80;-0,3;0,05;-75,29;17895,62;346;45;391
0,38;0,16;0,1;0,1;80;-0,3;-0,01;-76,11;18926,67;327;64;391
0,38;0,16;0,05;0,05;80;-0,3;-0,08;-76,66;18007,36;345;46;391
0,38;0,21;0,05;0,1;105;-0,4;0,05;-77,61;22673,71;345;46;391
0,38;0,16;0,05;0,1;80;-0,4;0,05;-77,75;18149,36;342;49;391
0,38;0,16;0,05;0,1;80;-0,3;0,05;-78,05;18149,66;342;49;391
0,38;0,16;0,05;0,2;80;-0,4;0,05;-79,51;19362,85;334;57;391
0,38;0,21;0,05;0,1;105;-0,4;-0,08;-80,55;22662,35;344;47;391
0,38;0,16;0,05;0,05;80;-0,3;-0,01;-80,60;18001,50;345;46;391
0,38;0,21;0,05;0,1;105;-0,4;-0,01;-80,80;22670,27;343;48;391
0,38;0,16;0,05;0,2;80;-0,3;0,05;-80,93;19364,27;334;57;391
0,38;0,16;0,05;0,05;80;-0,4;0,05;-80,94;17923,94;344;47;391
0,38;0,16;0,15;0,1;80;-0,4;-0,08;-80,98;19183,99;320;71;391
0,38;0,16;0,05;0,1;80;-0,4;-0,01;-82,34;18148,85;341;50;391
0,38;0,21;0,05;0,1;105;-0,3;0,05;-82,87;22678,97;345;46;391
0,38;0,16;0,15;0,1;80;-0,4;-0,01;-83,16;19178,26;320;71;391
0,38;0,16;0,05;0,1;80;-0,3;-0,01;-83,19;18149,70;341;50;391
0,38;0,21;0,05;0,1;105;-0,3;-0,08;-83,82;22665,62;344;47;391
0,38;0,16;0,15;0,1;80;-0,3;-0,08;-85,11;19248,15;320;71;391
0,38;0,21;0,05;0,1;105;-0,3;-0,01;-85,70;22675,17;343;48;391
0,38;0,16;0,05;0,1;80;-0,4;-0,08;-86,51;18147,13;341;50;391
0,38;0,16;0,05;0,1;80;-0,3;-0,08;-86,67;18147,29;341;50;391
0,38;0,16;0,05;0,05;80;-0,4;-0,01;-87,31;17925,26;343;48;391
0,38;0,16;0,05;0,05;80;-0,4;-0,08;-87,75;17949,29;343;48;391
0,38;0,16;0,15;0,1;80;-0,3;-0,01;-90,59;19263,64;320;71;391
0,38;0,16;0,15;0,05;80;-0,3;0,05;-95,84;18703,75;329;62;391
0,38;0,16;0,15;0,05;80;-0,4;0,05;-96,03;18713,67;328;63;391
0,38;0,16;0,1;0,25;80;-0,3;-0,08;-97,34;21264,52;306;85;391
0,38;0,16;0,1;0,25;80;-0,4;-0,08;-97,34;21264,52;306;85;391
0,38;0,16;0,1;0,25;80;-0,4;-0,01;-108,14;21275,32;306;85;391
0,38;0,16;0,15;0,05;80;-0,3;-0,08;-108,27;18802,86;328;63;391
0,38;0,16;0,1;0,25;80;-0,3;-0,01;-108,45;21275,63;306;85;391
0,38;0,16;0,15;0,05;80;-0,3;-0,01;-114,43;18796,01;327;64;391
0,38;0,16;0,1;0,25;80;-0,3;0,05;-114,46;21281,64;306;85;391
0,38;0,16;0,1;0,25;80;-0,4;0,05;-114,62;21281,80;306;85;391
0,38;0,16;0,1;0,05;80;-0,3;0,05;-114,83;18384,61;334;57;391
0,38;0,16;0,15;0,05;80;-0,4;-0,08;-115,37;18754,86;327;64;391
0,38;0,16;0,15;0,05;80;-0,4;-0,01;-117,60;18730,19;326;65;391
0,38;0,16;0,1;0,05;80;-0,4;0,05;-121,09;18395,21;333;58;391
0,38;0,16;0,1;0,1;60;-0,4;-0,08;-122,31;16186,17;309;82;391
0,38;0,16;0,1;0,1;60;-0,4;0,05;-122,37;16183,38;309;82;391
0,42;0,01;0,1;0,2;80;-0,4;-0,08;283,20;18236,00;333;58;391
0,42;0,01;0,1;0,2;80;-0,3;-0,08;281,33;18237,87;333;58;391
0,42;0,01;0,1;0,2;80;-0,4;0,05;276,73;18244,20;333;58;391
0,42;0,01;0,1;0,2;80;-0,3;0,05;275,41;18245,52;333;58;391
0,42;0,01;0,1;0,2;80;-0,4;-0,01;275,12;18245,01;333;58;391
0,42;0,01;0,1;0,2;80;-0,3;-0,01;273,09;18247,04;333;58;391
0,42;0,01;0,1;0,25;105;-0,3;-0,08;221,98;22818,75;334;57;391
0,42;0,01;0,1;0,25;105;-0,4;-0,08;221,98;22818,75;334;57;391
0,42;0,01;0,1;0,25;105;-0,3;0,05;219,69;22835,12;335;56;391
0,42;0,01;0,1;0,25;105;-0,4;0,05;219,69;22835,12;335;56;391
0,42;0,01;0,1;0,25;105;-0,3;-0,01;216,37;22833,86;334;57;391
0,42;0,01;0,1;0,25;105;-0,4;-0,01;216,37;22833,86;334;57;391
0,42;0,01;0,05;0,2;80;-0,3;-0,08;119,78;17532,05;346;45;391
0,42;0,01;0,05;0,2;80;-0,4;-0,08;119,51;17532,32;346;45;391
0,42;0,01;0,05;0,2;80;-0,4;-0,01;118,38;17534,38;346;45;391
0,42;0,01;0,05;0,2;80;-0,3;-0,01;118,28;17534,48;346;45;391
0,42;0,01;0,05;0,2;80;-0,3;0,05;115,81;17537,75;346;45;391
0,42;0,01;0,05;0,2;80;-0,4;0,05;115,81;17537,75;346;45;391
0,42;0,01;0,1;0,25;80;-0,4;-0,08;105,26;18835,03;322;69;391
0,42;0,01;0,1;0,25;80;-0,3;-0,08;102,89;18837,40;322;69;391
0,42;0,01;0,1;0,25;80;-0,4;-0,01;76,34;18845,80;321;70;391
0,42;0,01;0,1;0,25;80;-0,3;-0,01;73,07;18849,07;321;70;391
0,42;0,01;0,1;0,25;80;-0,4;0,05;62,75;18817,80;321;70;391
0,42;0,01;0,1;0,25;80;-0,3;0,05;61,46;18819,09;321;70;391
0,42;0,01;0,1;0,05;105;-0,4;-0,08;60,27;14883,32;359;32;391
0,42;0,01;0,1;0,05;105;-0,4;-0,01;60,13;14915,00;359;32;391
0,42;0,01;0,05;0,25;105;-0,3;0,05;56,02;21492,76;346;45;391
0,42;0,01;0,05;0,25;105;-0,4;0,05;56,02;21492,76;346;45;391
0,42;0,01;0,05;0,25;105;-0,3;-0,01;54,82;21489,38;345;46;391
0,42;0,01;0,05;0,25;105;-0,4;-0,01;54,82;21489,38;345;46;391
0,42;0,01;0,05;0,25;105;-0,3;-0,08;53,91;21480,79;345;46;391
0,42;0,01;0,05;0,25;105;-0,4;-0,08;53,91;21480,79;345;46;391
0,42;0,01;0,1;0,05;105;-0,3;-0,08;51,41;14904,51;358;33;391
0,42;0,01;0,1;0,05;105;-0,3;-0,01;48,65;14940,15;358;33;391
0,42;0,01;0,1;0,05;105;-0,4;0,05;48,11;14670,70;359;32;391
0,42;0,01;0,05;0,05;105;-0,4;-0,08;38,67;14904,90;359;32;391
0,42;0,01;0,05;0,05;105;-0,4;-0,01;38,24;14936,87;359;32;391
0,42;0,01;0,1;0,05;105;-0,3;0,05;37,18;14581,33;359;32;391
0,38;0,21;0,15;0,25;105;-0,3;-0,08;36,33;26511,69;305;86;391
0,38;0,21;0,15;0,25;105;-0,4;-0,08;36,33;26511,69;305;86;391
0,38;0,21;0,15;0,2;105;-0,4;-0,01;35,76;25642,15;315;76;391
0,38;0,21;0,15;0,25;105;-0,3;0,05;33,86;26528,29;306;85;391
0,38;0,21;0,15;0,25;105;-0,4;0,05;33,86;26528,29;306;85;391
0,42;0,01;0,05;0,05;105;-0,3;-0,08;29,24;14926,66;358;33;391
0,42;0,01;0,05;0,05;105;-0,3;-0,01;27,74;14961,04;358;33;391
0,42;0,01;0,05;0,05;105;-0,4;0,05;27,37;14691,42;359;32;391
0,38;0,21;0,15;0,2;105;-0,4;-0,08;26,76;25549,72;315;76;391
0,38;0,21;0,15;0,2;105;-0,3;-0,01;26,50;25689,43;315;76;391
0,38;0,21;0,15;0,25;105;-0,3;-0,01;25,29;26530,30;305;86;391
0,38;0,21;0,15;0,25;105;-0,4;-0,01;25,29;26530,30;305;86;391
0,38;0,21;0,15;0,2;105;-0,3;-0,08;25,10;25551,38;315;76;391
0,42;0,01;0,05;0,05;105;-0,3;0,05;16,83;14601,66;359;32;391
0,38;0,21;0,15;0,2;105;-0,3;0,05;16,72;25162,45;316;75;391
0,38;0,21;0,15;0,2;105;-0,4;0,05;15,03;25164,14;316;75;391
0,38;0,21;0,15;0,1;105;-0,4;-0,08;-15,34;24344,95;324;67;391
0,38;0,21;0,15;0,1;105;-0,4;-0,01;-20,73;24336,20;324;67;391
0,38;0,21;0,15;0,1;105;-0,4;0,05;-22,72;24236,07;325;66;391
0,38;0,21;0,15;0,05;105;-0,4;-0,08;-27,10;23666,98;330;61;391
0,42;0,01;0,1;0,2;60;-0,4;-0,08;-27,92;14845,38;305;86;391
0,42;0,01;0,1;0,2;60;-0,4;-0,01;-30,36;14847,82;305;86;391
0,38;0,21;0,15;0,1;105;-0,3;-0,08;-31,27;24420,85;324;67;391
0,38;0,21;0,15;0,05;105;-0,4;-0,01;-31,69;23644,60;329;62;391
0,42;0,01;0,1;0,2;60;-0,4;0,05;-31,82;14849,28;305;86;391
0,38;0,21;0,15;0,05;105;-0,3;-0,08;-32,66;23732,49;330;61;391
0,38;0,21;0,15;0,05;105;-0,4;0,05;-34,77;23583,37;330;61;391
0,38;0,21;0,15;0,1;105;-0,3;-0,01;-36,18;24425,89;324;67;391
0,38;0,21;0,15;0,1;105;-0,3;0,05;-38,08;24153,12;325;66;391
0,38;0,21;0,15;0,05;105;-0,3;-0,01;-38,29;23723,33;329;62;391
0,38;0,21;0,15;0,05;105;-0,3;0,05;-43,02;23573,32;330;61;391
0,42;0,01;0,1;0,05;80;-0,4;0,05;-63,04;13508,15;354;37;391
0,42;0,01;0,1;0,05;80;-0,4;-0,08;-63,55;13595,69;352;39;391
0,42;0,01;0,1;0,05;80;-0,4;-0,01;-64,62;13599,02;351;40;391
0,38;0,21;0,15;0,05;80;-0,4;-0,08;-66,18;20408,86;312;79;391
0,38;0,21;0,15;0,2;80;-0,4;-0,01;-69,33;21322,15;298;93;391
0,38;0,21;0,15;0,05;80;-0,4;-0,01;-73,48;20419,96;313;78;391
0,38;0,21;0,15;0,05;80;-0,3;-0,08;-74,12;20441,75;312;79;391
0,42;0,01;0,1;0,05;80;-0,3;0,05;-74,21;13471,16;354;37;391
0,42;0,01;0,1;0,2;60;-0,3;0,05;-76,49;14851,00;305;86;391
0,42;0,01;0,1;0,05;80;-0,3;-0,08;-77,16;13609,90;351;40;391
0,42;0,01;0,1;0,05;80;-0,3;-0,01;-77,18;13652,26;349;42;391
0,38;0,21;0,15;0,2;80;-0,4;-0,08;-79,20;21257,75;298;93;391
0,38;0,21;0,15;0,05;80;-0,4;0,05;-80,99;20394,90;313;78;391
0,42;0,01;0,1;0,2;60;-0,3;-0,01;-81,17;14851,81;304;87;391
0,42;0,01;0,1;0,2;105;-0,4;-0,08;-81,73;21107,89;333;58;391
0,42;0,01;0,1;0,2;60;-0,3;-0,08;-82,65;14848,83;304;87;391
0,38;0,21;0,15;0,05;80;-0,3;-0,01;-84,09;20454,67;313;78;391
0,38;0,21;0,15;0,25;80;-0,4;-0,08;-84,46;21433,41;291;100;391
0,38;0,21;0,15;0,25;80;-0,3;-0,08;-85,83;21434,78;291;100;391
0,42;0,01;0,05;0,25;80;-0,4;-0,08;-88,10;18250,66;332;59;391
0,38;0,21;0,15;0,05;80;-0,3;0,05;-89,09;20403,00;313;78;391
0,42;0,01;0,05;0,25;80;-0,3;-0,08;-89,43;18251,99;332;59;391
0,42;0,01;0,05;0,25;60;-0,4;-0,08;-89,59;15263,67;317;74;391
0,42;0,01;0,1;0,1;60;-0,3;0,05;-89,71;13652,07;333;58;391
0,42;0,01;0,05;0,25;60;-0,3;-0,08;-89,93;15264,01;317;74;391
0,42;0,01;0,05;0,25;60;-0,4;-0,01;-90,06;15264,14;317;74;391
0,42;0,01;0,05;0,25;60;-0,3;-0,01;-90,75;15264,83;317;74;391
0,38;0,21;0,15;0,25;80;-0,3;-0,01;-91,17;21447,41;291;100;391
0,42;0,01;0,05;0,05;80;-0,4;0,05;-91,51;13536,60;354;37;391
0,42;0,01;0,1;0,1;60;-0,3;-0,08;-92,24;13691,54;332;59;391
0,42;0,01;0,05;0,05;80;-0,4;-0,08;-92,37;13624,49;352;39;391
0,42;0,05;0,1;0,2;80;-0,4;-0,08;521,61;19578,27;332;59;391
0,42;0,05;0,1;0,2;80;-0,3;-0,08;519,29;19580,59;332;59;391
0,42;0,05;0,1;0,2;80;-0,4;-0,01;512,54;19587,34;332;59;391
0,42;0,05;0,1;0,2;80;-0,4;0,05;510,56;19589,32;332;59;391
0,42;0,05;0,1;0,2;80;-0,3;-0,01;508,60;19591,28;332;59;391
0,42;0,05;0,1;0,2;80;-0,3;0,05;508,21;19591,67;332;59;391
0,42;0,05;0,15;0,2;80;-0,4;-0,08;454,25;20515,71;318;73;391
0,42;0,05;0,15;0,2;80;-0,3;-0,08;450,86;20519,10;318;73;391
0,42;0,05;0,15;0,2;80;-0,3;0,05;450,66;20075,39;319;72;391
0,42;0,05;0,15;0,2;80;-0,4;0,05;449,63;20076,42;319;72;391
0,42;0,05;0,15;0,2;80;-0,4;-0,01;440,36;20513,24;317;74;391
0,42;0,05;0,15;0,2;80;-0,3;-0,01;430,91;20522,69;317;74;391
0,42;0,05;0,1;0,25;105;-0,3;-0,08;338,49;24534,20;330;61;391
0,42;0,05;0,1;0,25;105;-0,4;-0,08;338,49;24534,20;330;61;391
0,42;0,05;0,1;0,25;105;-0,3;-0,01;327,82;24544,87;330;61;391
0,42;0,05;0,1;0,25;105;-0,4;-0,01;327,82;24544,87;330;61;391
0,42;0,05;0,1;0,25;105;-0,3;0,05;322,38;24550,31;330;61;391
0,42;0,05;0,1;0,25;105;-0,4;0,05;322,38;24550,31;330;61;391
0,42;0,01;0,15;0,2;80;-0,3;0,05;318,57;18448,61;325;66;391
0,42;0,01;0,15;0,2;80;-0,4;-0,08;318,47;18873,53;324;67;391
0,42;0,01;0,15;0,2;80;-0,4;0,05;316,22;18450,96;325;66;391
0,42;0,01;0,15;0,2;80;-0,3;-0,08;314,25;18877,75;324;67;391
0,42;0,01;0,15;0,2;80;-0,4;-0,01;301,99;18830,60;323;68;391
0,42;0,05;0,15;0,25;105;-0,3;0,05;293,95;25772,60;319;72;391
0,42;0,01;0,15;0,2;80;-0,3;-0,01;293,91;18838,67;323;68;391
0,42;0,05;0,15;0,25;105;-0,4;0,05;293,35;25773,20;319;72;391
0,42;0,05;0,15;0,25;105;-0,4;-0,08;291,24;25762,70;318;73;391
0,42;0,05;0,15;0,25;105;-0,3;-0,08;290,88;25763,06;318;73;391
0,42;0,05;0,15;0,25;105;-0,4;-0,01;279,13;25781,57;318;73;391
0,42;0,05;0,15;0,25;105;-0,3;-0,01;278,22;25782,48;318;73;391
0,42;0,05;0,15;0,2;105;-0,3;-0,08;256,03;24482,41;322;69;391
0,42;0,05;0,15;0,2;105;-0,3;-0,01;251,24;24628,94;322;69;391
0,42;0,05;0,15;0,2;105;-0,3;0,05;234,75;23822,18;323;68;391
0,42;0,05;0,15;0,2;105;-0,4;-0,08;225,82;24477,79;322;69;391
0,42;0,05;0,15;0,2;105;-0,4;-0,01;220,25;24617,12;322;69;391
0,42;0,01;0,15;0,25;105;-0,3;0,05;194,75;23543,46;326;65;391
0,42;0,01;0,15;0,25;105;-0,4;0,05;194,12;23544,09;326;65;391
0,42;0,05;0,15;0,2;105;-0,4;0,05;187,84;23819,36;322;69;391
0,42;0,01;0,15;0,25;105;-0,3;-0,08;180,10;23531,83;324;67;391
0,42;0,01;0,15;0,25;105;-0,4;-0,08;179,96;23531,97;324;67;391
0,42;0,01;0,15;0,25;105;-0,4;-0,01;176,33;23551,64;324;67;391
0,42;0,01;0,15;0,25;105;-0,3;-0,01;176,20;23551,77;324;67;391
0,42;0,05;0,05;0,2;80;-0,4;-0,08;170,42;18269,57;345;46;391
0,42;0,05;0,05;0,2;80;-0,3;-0,08;169,99;18270,00;345;46;391
0,42;0,05;0,05;0,2;80;-0,4;-0,01;168,18;18271,81;345;46;391
0,42;0,05;0,05;0,2;80;-0,3;-0,01;167,08;18272,91;345;46;391
0,42;0,05;0,05;0,2;80;-0,4;0,05;164,56;18275,43;345;46;391
0,42;0,05;0,05;0,2;80;-0,3;0,05;163,30;18276,69;345;46;391
0,42;0,05;0,1;0,2;105;-0,3;-0,08;152,91;22684,73;331;60;391
0,42;0,05;0,1;0,2;105;-0,3;0,05;149,62;22702,73;332;59;391
0,42;0,05;0,1;0,2;105;-0,3;-0,01;145,77;22698,35;331;60;391
0,42;0,05;0,1;0,2;105;-0,4;-0,08;122,57;22680,24;331;60;391
0,42;0,05;0,1;0,2;105;-0,4;-0,01;108,42;22692,89;331;60;391
0,42;0,05;0,1;0,2;105;-0,4;0,05;105,88;22696,74;331;60;391
0,42;0,05;0,05;0,25;105;-0,3;-0,08;60,77;22484,11;345;46;391
0,42;0,05;0,05;0,25;105;-0,4;-0,08;60,77;22484,11;345;46;391
0,42;0,05;0,1;0,25;80;-0,4;-0,08;60,22;20123,78;312;79;391
0,42;0,05;0,1;0,25;80;-0,3;-0,08;58,94;20125,06;312;79;391
0,42;0,05;0,1;0,25;80;-0,4;-0,01;57,75;20132,02;313;78;391
0,42;0,01;0,15;0,05;105;-0,4;-0,01;56,70;14942,77;358;33;391
0,42;0,01;0,15;0,05;105;-0,4;-0,08;56,44;14911,49;358;33;391
0,42;0,05;0,05;0,25;105;-0,3;-0,01;56,28;22488,60;345;46;391
0,42;0,05;0,05;0,25;105;-0,4;-0,01;56,28;22488,60;345;46;391
0,42;0,05;0,05;0,05;105;-0,4;-0,01;54,47;15699,77;362;29;391
0,42;0,05;0,1;0,25;80;-0,3;-0,01;54,44;20135,33;313;78;391
0,42;0,05;0,05;0,05;105;-0,4;-0,08;52,04;15595,81;364;27;391
0,42;0,05;0,05;0,25;105;-0,3;0,05;50,32;22494,56;345;46;391
0,42;0,05;0,05;0,25;105;-0,4;0,05;50,32;22494,56;345;46;391
0,42;0,05;0,05;0,05;105;-0,3;-0,01;46,92;15727,65;362;29;391
0,42;0,01;0,15;0,05;105;-0,3;-0,08;46,26;14934,00;357;34;391
0,42;0,05;0,05;0,05;105;-0,4;0,05;45,26;15417,62;364;27;391
0,42;0,01;0,15;0,05;105;-0,3;-0,01;44,24;14968,90;357;34;391
0,42;0,05;0,05;0,05;105;-0,3;-0,08;44,10;15586,04;364;27;391
0,42;0,01;0,15;0,05;105;-0,4;0,05;44,02;14699,13;358;33;391
0,42;0,05;0,1;0,25;80;-0,3;0,05;37,69;20137,07;313;78;391
0,42;0,05;0,1;0,25;80;-0,4;0,05;36,97;20137,79;313;78;391
0,42;0,05;0,05;0,05;105;-0,3;0,05;35,66;15417,28;364;27;391
0,42;0,05;0,1;0,2;60;-0,3;0,05;35,19;15950,47;304;87;391
0,42;0,01;0,15;0,05;105;-0,3;0,05;31,96;14610,89;358;33;391
0,42;0,05;0,1;0,2;60;-0,3;-0,01;31,91;15949,78;302;89;391
0,42;0,05;0,1;0,2;60;-0,3;-0,08;31,33;15945,78;303;88;391
0,42;0,01;0,15;0,2;105;-0,3;-0,08;26,60;22374,48;326;65;391
0,42;0,01;0,15;0,2;105;-0,3;-0,01;22,52;22393,15;326;65;391
0,42;0,01;0,15;0,25;80;-0,4;-0,08;20,67;19176,89;312;79;391
0,42;0,01;0,15;0,25;80;-0,3;-0,08;20,54;19179,75;312;79;391
0,42;0,05;0,1;0,2;60;-0,4;-0,08;15,40;15941,35;303;88;391
0,42;0,05;0,1;0,2;60;-0,4;-0,01;11,53;15945,22;302;89;391
0,42;0,01;0,15;0,2;105;-0,3;0,05;9,09;21721,55;327;64;391
0,42;0,05;0,1;0,2;60;-0,4;0,05;8,07;15948,68;303;88;391
0,42;0,05;0,1;0,05;105;-0,4;-0,01;2,31;15956,87;359;32;391
0,42;0,05;0,1;0,05;105;-0,4;-0,08;-0,52;15848,63;361;30;391
0,42;0,01;0,15;0,2;105;-0,4;-0,08;-1,56;22370,48;326;65;391
0,42;0,05;0,15;0,25;80;-0,4;-0,08;-3,24;20777,04;300;91;391
0,42;0,05;0,15;0,25;80;-0,3;-0,08;-3,61;20780,10;300;91;391
0,42;0,05;0,1;0,05;105;-0,4;0,05;-6,15;15644,10;361;30;391
0,42;0,01;0,15;0,25;80;-0,3;-0,01;-6,35;19192,68;311;80;391
0,42;0,01;0,15;0,2;105;-0,4;-0,01;-6,37;22382,24;326;65;391
0,42;0,05;0,1;0,05;105;-0,3;-0,01;-7,62;15987,13;359;32;391
0,42;0,05;0,15;0,25;80;-0,3;-0,01;-8,81;20795,39;301;90;391
0,42;0,01;0,15;0,25;80;-0,4;-0,01;-9,02;19188,43;311;80;391
0,42;0,11;0,1;0,25;105;-0,3;-0,08;593,07;25516,94;329;62;391
0,42;0,11;0,1;0,25;105;-0,4;-0,08;593,07;25516,94;329;62;391
0,42;0,11;0,1;0,25;105;-0,3;-0,01;574,49;25535,52;329;62;391
0,42;0,11;0,1;0,25;105;-0,4;-0,01;574,49;25535,52;329;62;391
0,42;0,11;0,1;0,25;105;-0,3;0,05;562,56;25547,45;329;62;391
0,42;0,11;0,1;0,25;105;-0,4;0,05;562,56;25547,45;329;62;391
0,42;0,11;0,15;0,25;105;-0,4;-0,08;510,85;27065,81;314;77;391
0,42;0,11;0,15;0,25;105;-0,3;-0,08;509,38;27067,28;314;77;391
0,42;0,11;0,15;0,25;105;-0,4;0,05;497,27;27092,73;315;76;391
0,42;0,11;0,15;0,25;105;-0,3;0,05;496,27;27093,73;315;76;391
0,42;0,11;0,15;0,25;105;-0,4;-0,01;495,57;27088,25;314;77;391
0,42;0,11;0,15;0,25;105;-0,3;-0,01;493,28;27090,54;314;77;391
0,42;0,11;0,15;0,2;80;-0,4;-0,01;386,07;21077,13;309;82;391
0,42;0,11;0,15;0,2;80;-0,4;-0,08;382,32;21065,08;309;82;391
0,42;0,11;0,15;0,2;80;-0,3;-0,08;377,39;21070,01;309;82;391
0,42;0,11;0,15;0,2;80;-0,3;-0,01;375,08;21088,12;309;82;391
0,42;0,11;0,15;0,2;80;-0,3;0,05;360,50;20678,27;310;81;391
0,42;0,11;0,15;0,2;80;-0,4;0,05;357,03;20687,08;310;81;391
0,42;0,11;0,1;0,2;80;-0,4;-0,08;351,71;19939,34;324;67;391
0,42;0,11;0,1;0,2;80;-0,3;-0,08;350,63;19940,42;324;67;391
0,42;0,11;0,1;0,2;80;-0,4;-0,01;343,13;19947,92;324;67;391
0,42;0,11;0,1;0,2;80;-0,3;-0,01;340,88;19950,17;324;67;391
0,42;0,11;0,1;0,2;80;-0,4;0,05;339,75;19951,30;324;67;391
0,42;0,11;0,1;0,2;80;-0,3;0,05;339,42;19951,63;324;67;391
0,42;0,11;0,15;0,2;105;-0,4;-0,08;337,63;25460,10;321;70;391
0,42;0,11;0,15;0,2;105;-0,3;-0,08;337,33;25460,40;321;70;391
0,42;0,11;0,15;0,2;105;-0,4;-0,01;335,78;25615,69;321;70;391
0,42;0,11;0,05;0,25;105;-0,3;-0,08;332,36;22317,77;348;43;391
0,42;0,11;0,05;0,25;105;-0,4;-0,08;332,36;22317,77;348;43;391
0,42;0,11;0,15;0,2;105;-0,3;-0,01;330,97;25620,50;321;70;391
0,42;0,11;0,05;0,25;105;-0,3;-0,01;323,82;22326,31;348;43;391
0,42;0,11;0,05;0,25;105;-0,4;-0,01;323,82;22326,31;348;43;391
0,42;0,11;0,05;0,25;105;-0,3;0,05;315,40;22334,73;348;43;391
0,42;0,11;0,05;0,25;105;-0,4;0,05;315,40;22334,73;348;43;391
0,42;0,11;0,15;0,2;105;-0,3;0,05;296,75;24842,12;321;70;391
0,42;0,11;0,15;0,2;105;-0,4;0,05;292,37;24851,84;321;70;391
0,42;0,11;0,1;0,25;80;-0,4;-0,08;253,21;21015,53;315;76;391
0,42;0,11;0,1;0,25;80;-0,3;-0,08;252,38;21016,36;315;76;391
0,42;0,11;0,1;0,25;80;-0,4;-0,01;248,14;21026,29;315;76;391
0,42;0,11;0,1;0,25;80;-0,3;-0,01;247,10;21027,33;315;76;391
0,42;0,11;0,1;0,25;80;-0,3;0,05;228,73;21030,63;315;76;391
0,42;0,11;0,1;0,25;80;-0,4;0,05;228,58;21030,78;315;76;391
0,42;0,16;0,05;0,25;105;-0,3;-0,08;225,58;22713,82;344;47;391
0,42;0,16;0,05;0,25;105;-0,4;-0,08;225,58;22713,82;344;47;391
0,42;0,16;0,05;0,25;105;-0,3;-0,01;215,77;22723,63;344;47;391
0,42;0,16;0,05;0,25;105;-0,4;-0,01;215,77;22723,63;344;47;391
0,42;0,16;0,05;0,25;105;-0,3;0,05;207,33;22732,07;344;47;391
0,42;0,16;0,05;0,25;105;-0,4;0,05;207,33;22732,07;344;47;391
0,42;0,16;0,05;0,05;60;-0,4;-0,08;166,10;15313,07;351;40;391
0,42;0,16;0,05;0,05;60;-0,4;-0,01;162,19;15316,98;350;41;391
0,42;0,16;0,05;0,05;60;-0,4;0,05;161,21;15317,96;350;41;391
0,42;0,16;0,05;0,05;60;-0,3;-0,08;159,89;15325,31;349;42;391
0,42;0,16;0,05;0,05;60;-0,3;0,05;155,40;15323,77;349;42;391
0,42;0,16;0,05;0,05;60;-0,3;-0,01;153,62;15343,38;348;43;391
0,42;0,11;0,05;0,25;80;-0,3;-0,08;150,48;19132,79;338;53;391
0,42;0,11;0,05;0,25;80;-0,4;-0,08;150,48;19132,79;338;53;391
0,42;0,11;0,05;0,25;80;-0,3;-0,01;145,04;19138,23;338;53;391
0,42;0,11;0,05;0,25;80;-0,4;-0,01;145,04;19138,23;338;53;391
0,42;0,11;0,05;0,25;80;-0,3;0,05;136,56;19146,71;338;53;391
0,42;0,11;0,05;0,25;80;-0,4;0,05;136,56;19146,71;338;53;391
0,42;0,11;0,1;0,2;105;-0,4;-0,08;99,42;23421,71;329;62;391
0,42;0,11;0,1;0,2;105;-0,3;-0,08;98,95;23422,18;329;62;391
0,42;0,16;0,05;0,2;80;-0,3;-0,08;96,37;18716,79;341;50;391
0,42;0,16;0,05;0,2;80;-0,4;-0,08;96,37;18716,79;341;50;391
0,42;0,16;0,05;0,2;80;-0,3;-0,01;89,53;18723,63;341;50;391
0,42;0,16;0,05;0,2;80;-0,4;-0,01;89,53;18723,63;341;50;391
0,42;0,11;0,1;0,2;105;-0,4;-0,01;88,02;23433,11;329;62;391
0,42;0,11;0,1;0,2;105;-0,3;-0,01;87,75;23433,38;329;62;391
0,42;0,11;0,1;0,2;105;-0,3;0,05;87,44;23433,69;329;62;391
0,42;0,11;0,1;0,2;105;-0,4;0,05;86,81;23434,32;329;62;391
0,42;0,16;0,05;0,2;80;-0,3;0,05;83,98;18729,18;341;50;391
0,42;0,16;0,05;0,2;80;-0,4;0,05;83,98;18729,18;341;50;391
0,42;0,16;0,05;0,1;60;-0,4;-0,08;77,82;15436,71;340;51;391
0,42;0,16;0,05;0,1;60;-0,4;-0,01;74,76;15439,77;339;52;391
0,42;0,16;0,05;0,1;60;-0,3;-0,08;73,27;15441,26;340;51;391
0,42;0,16;0,05;0,1;60;-0,4;0,05;72,31;15442,22;339;52;391
0,42;0,16;0,05;0,1;60;-0,3;-0,01;70,63;15443,90;339;52;391
0,42;0,16;0,05;0,1;60;-0,3;0,05;68,13;15446,40;339;52;391
0,42;0,11;0,15;0,25;80;-0,3;-0,08;63,29;21807,11;297;94;391
0,42;0,11;0,15;0,25;80;-0,4;-0,08;62,42;21805,99;297;94;391
0,42;0,11;0,15;0,25;80;-0,3;-0,01;56,88;21823,74;297;94;391
0,42;0,11;0,15;0,25;80;-0,4;-0,01;53,17;21820,93;297;94;391
0,42;0,16;0,05;0,2;105;-0,3;-0,08;50,26;21500,59;349;42;391
0,42;0,16;0,05;0,2;105;-0,4;-0,08;50,26;21500,59;349;42;391
0,42;0,16;0,05;0,25;80;-0,3;-0,08;44,81;19463,84;336;55;391
0,42;0,16;0,05;0,25;80;-0,4;-0,08;44,81;19463,84;336;55;391
0,42;0,16;0,05;0,2;105;-0,3;-0,01;42,08;21508,77;349;42;391
0,42;0,16;0,05;0,2;105;-0,4;-0,01;42,08;21508,77;349;42;391
0,42;0,11;0,15;0,25;80;-0,4;0,05;40,23;21818,80;297;94;391
0,42;0,16;0,05;0,25;80;-0,3;-0,01;38,84;19469,81;336;55;391
0,42;0,16;0,05;0,25;80;-0,4;-0,01;38,84;19469,81;336;55;391
0,42;0,16;0,05;0,2;105;-0,3;0,05;36,05;21514,80;349;42;391
0,42;0,16;0,05;0,2;105;-0,4;0,05;36,05;21514,80;349;42;391
0,42;0,11;0,15;0,25;80;-0,3;0,05;35,69;21817,12;297;94;391
0,42;0,16;0,05;0,25;80;-0,3;0,05;34,05;19474,60;336;55;391
0,42;0,16;0,05;0,25;80;-0,4;0,05;34,05;19474,60;336;55;391
0,42;0,11;0,05;0,2;80;-0,4;-0,08;18,22;18221,19;339;52;391
0,42;0,11;0,05;0,2;80;-0,3;-0,08;17,90;18221,51;339;52;391
0,42;0,11;0,05;0,2;80;-0,4;-0,01;13,88;18225,53;339;52;391
0,42;0,11;0,05;0,2;80;-0,3;-0,01;13,33;18226,08;339;52;391
0,42;0,16;0,1;0,25;105;-0,3;-0,08;550,61;25359,30;326;65;391
0,42;0,16;0,1;0,25;105;-0,4;-0,08;550,61;25359,30;326;65;391
0,42;0,16;0,1;0,25;105;-0,3;-0,01;538,01;25371,90;326;65;391
0,42;0,16;0,1;0,25;105;-0,4;-0,01;538,01;25371,90;326;65;391
0,42;0,16;0,1;0,25;105;-0,3;0,05;529,83;25380,08;326;65;391
0,42;0,16;0,1;0,25;105;-0,4;0,05;529,83;25380,08;326;65;391
0,42;0,16;0,15;0,25;105;-0,4;-0,08;451,97;26838,99;311;80;391
0,42;0,16;0,15;0,25;105;-0,3;-0,08;450,66;26840,30;311;80;391
0,42;0,16;0,15;0,25;105;-0,4;0,05;450,16;26854,89;312;79;391
0,42;0,16;0,15;0,25;105;-0,3;0,05;449,03;26856,02;312;79;391
0,42;0,16;0,15;0,25;105;-0,4;-0,01;442,51;26856,01;311;80;391
0,42;0,16;0,15;0,25;105;-0,3;-0,01;440,47;26858,05;311;80;391
0,42;0,21;0,1;0,2;80;-0,4;-0,08;386,93;20343,47;323;68;391
0,42;0,21;0,1;0,2;80;-0,3;-0,08;382,43;20347,97;323;68;391
0,42;0,21;0,1;0,2;80;-0,4;-0,01;374,45;20355,95;323;68;391
0,42;0,21;0,1;0,2;80;-0,3;-0,01;368,16;20362,24;323;68;391
0,42;0,21;0,1;0,2;80;-0,4;0,05;366,36;20364,04;323;68;391
0,42;0,21;0,1;0,2;80;-0,3;0,05;362,72;20367,68;323;68;391
0,42;0,21;0,1;0,1;80;-0,3;-0,08;322,77;19927,31;332;59;391
0,42;0,21;0,1;0,1;80;-0,4;-0,08;315,25;19885,72;332;59;391
0,42;0,21;0,1;0,1;80;-0,3;-0,01;314,23;19970,32;332;59;391
0,42;0,21;0,1;0,1;80;-0,4;-0,01;305,32;19874,98;332;59;391
0,42;0,21;0,1;0,1;80;-0,4;0,05;304,27;19876,03;332;59;391
0,42;0,21;0,1;0,25;105;-0,4;-0,08;299,85;25039,79;321;70;391
0,42;0,21;0,1;0,25;105;-0,3;-0,08;299,71;25039,93;321;70;391
0,42;0,16;0,15;0,2;105;-0,4;-0,08;298,84;25253,65;320;71;391
0,42;0,21;0,1;0,1;80;-0,3;0,05;292,93;19836,79;332;59;391
0,42;0,16;0,15;0,2;105;-0,4;-0,01;292,82;25617,63;320;71;391
0,42;0,21;0,1;0,25;105;-0,4;-0,01;288,08;25051,56;321;70;391
0,42;0,21;0,1;0,25;105;-0,3;-0,01;287,82;25051,82;321;70;391
0,42;0,16;0,15;0,2;105;-0,3;-0,08;282,22;25260,24;320;71;391
0,42;0,16;0,15;0,2;105;-0,3;-0,01;281,19;25553,17;320;71;391
0,42;0,16;0,1;0,25;80;-0,4;-0,08;279,58;21073,97;315;76;391
0,42;0,21;0,1;0,25;105;-0,3;0,05;278,78;25060,86;321;70;391
0,42;0,21;0,1;0,25;105;-0,4;0,05;278,67;25060,97;321;70;391
0,42;0,16;0,1;0,25;80;-0,3;-0,08;277,22;21076,33;315;76;391
0,42;0,21;0,1;0,05;80;-0,4;-0,08;276,77;19344,87;341;50;391
0,42;0,16;0,1;0,25;80;-0,4;-0,01;276,25;21082,92;315;76;391
0,42;0,16;0,1;0,25;80;-0,3;-0,01;273,35;21085,82;315;76;391
0,42;0,21;0,1;0,05;80;-0,4;0,05;270,78;19338,10;341;50;391
0,42;0,21;0,1;0,05;80;-0,4;-0,01;270,11;19338,77;341;50;391
0,42;0,21;0,1;0,05;80;-0,3;-0,08;264,95;19423,90;341;50;391
0,42;0,21;0,1;0,05;80;-0,3;0,05;259,36;19334,03;341;50;391
0,42;0,16;0,1;0,25;80;-0,4;0,05;257,67;21086,37;315;76;391
0,42;0,16;0,1;0,25;80;-0,3;0,05;257,20;21086,84;315;76;391
0,42;0,21;0,1;0,05;80;-0,3;-0,01;255,06;19426,75;341;50;391
0,42;0,21;0,05;0,2;80;-0,4;-0,08;249,38;19376,07;341;50;391
0,42;0,16;0,15;0,2;105;-0,3;0,05;248,19;24882,85;320;71;391
0,42;0,21;0,05;0,2;80;-0,3;-0,08;247,62;19377,83;341;50;391
0,42;0,16;0,15;0,2;105;-0,4;0,05;245,70;24883,76;320;71;391
0,42;0,21;0,05;0,2;80;-0,4;-0,01;239,52;19385,93;341;50;391
0,42;0,21;0,05;0,2;80;-0,3;-0,01;237,33;19388,12;341;50;391
0,42;0,21;0,05;0,2;80;-0,4;0,05;233,24;19392,21;341;50;391
0,42;0,21;0,05;0,2;80;-0,3;0,05;230,67;19394,78;341;50;391
0,42;0,21;0,05;0,25;105;-0,3;-0,08;212,48;23221,69;343;48;391
0,42;0,21;0,05;0,25;105;-0,4;-0,08;212,48;23221,69;343;48;391
0,42;0,21;0,05;0,25;105;-0,3;-0,01;203,23;23230,94;343;48;391
0,42;0,21;0,05;0,25;105;-0,4;-0,01;203,23;23230,94;343;48;391
0,42;0,16;0,15;0,2;80;-0,4;-0,01;199,14;21091,54;305;86;391
0,42;0,16;0,15;0,2;80;-0,4;-0,08;197,23;20969,91;305;86;391
0,42;0,21;0,05;0,25;105;-0,3;0,05;192,03;23242,14;343;48;391
0,42;0,21;0,05;0,25;105;-0,4;0,05;192,03;23242,14;343;48;391
0,42;0,16;0,1;0,2;80;-0,3;-0,08;190,04;19954,09;320;71;391
0,42;0,16;0,1;0,2;80;-0,4;-0,08;190,02;19954,11;320;71;391
0,42;0,16;0,15;0,2;80;-0,3;-0,01;187,50;21128,14;305;86;391
0,42;0,16;0,1;0,05;60;-0,4;0,05;187,30;15784,77;334;57;391
0,42;0,16;0,1;0,05;60;-0,4;-0,08;186,38;15785,69;335;56;391
0,42;0,16;0,15;0,2;80;-0,3;-0,08;182,79;20972,74;305;86;391
0,42;0,16;0,1;0,2;105;-0,4;-0,08;182,18;23634,58;331;60;391
0,42;0,16;0,1;0,2;105;-0,3;-0,08;181,59;23635,17;331;60;391
0,42;0,21;0,1;0,25;80;-0,4;-0,08;181,18;20882,81;309;82;391
0,42;0,16;0,1;0,05;60;-0,3;0,05;180,24;15791,83;333;58;391
0,42;0,16;0,1;0,05;60;-0,4;-0,01;179,93;15792,14;334;57;391
0,42;0,21;0,1;0,25;80;-0,3;-0,08;179,81;20884,18;309;82;391
0,42;0,16;0,1;0,2;80;-0,4;-0,01;178,65;19965,48;320;71;391
0,42;0,16;0,1;0,2;80;-0,3;-0,01;177,96;19966,17;320;71;391
0,42;0,16;0,1;0,05;60;-0,3;-0,08;177,81;15794,26;334;57;391
0,42;0,21;0,1;0,25;80;-0,4;-0,01;177,68;20891,53;309;82;391
0,42;0,21;0,1;0,25;80;-0,3;-0,01;175,70;20893,51;309;82;391
0,42;0,16;0,1;0,2;80;-0,3;0,05;175,50;19968,63;320;71;391
0,42;0,16;0,1;0,2;80;-0,4;0,05;175,00;19969,13;320;71;391
0,42;0,21;0,05;0,1;80;-0,4;-0,08;174,48;19104,98;348;43;391
0,42;0,16;0,1;0,2;105;-0,3;-0,01;172,69;23644,07;331;60;391
0,42;0,16;0,1;0,2;105;-0,4;-0,01;172,56;23644,20;331;60;391
0,42;0,16;0,15;0,2;80;-0,3;0,05;169,78;20715,74;306;85;391
0,42;0,21;0,05;0,1;80;-0,4;-0,01;169,32;19110,14;348;43;391
0,42;0,21;0,05;0,1;80;-0,3;-0,08;168,58;19110,88;348;43;391
0,42;0,16;0,1;0,05;60;-0,3;-0,01;167,78;15817,28;333;58;391
0,42;0,16;0,1;0,2;105;-0,3;0,05;167,23;23649,53;331;60;391
0,42;0,16;0,1;0,2;105;-0,4;0,05;166,55;23650,21;331;60;391
0,42;0,16;0,15;0,2;80;-0,4;0,05;165,99;20719,53;306;85;391
0,42;0,21;0,05;0,1;80;-0,4;0,05;163,84;19115,62;348;43;391
0,42;0,21;0,05;0,1;80;-0,3;-0,01;161,29;19118,17;348;43;391
0,42;0,21;0,05;0,1;80;-0,3;0,05;157,77;19121,69;348;43;391
0,42;0,21;0,1;0,25;80;-0,4;0,05;152,37;20896,36;309;82;391
0,42;0,21;0,1;0,25;80;-0,3;0,05;150,80;20897,93;309;82;391
0,42;0,21;0,05;0,05;80;-0,4;-0,08;143,15;18696,06;350;41;391
0,42;0,16;0,15;0,25;80;-0,4;-0,08;141,42;21989,76;300;91;391
0,42;0,16;0,15;0,25;80;-0,3;-0,08;140,27;21992,18;300;91;391
0,42;0,16;0,15;0,25;80;-0,3;-0,01;137,41;22005,42;300;91;391
0,42;0,21;0,15;0,2;80;-0,4;-0,08;408,65;21076,36;308;83;391
0,42;0,21;0,15;0,2;80;-0,4;-0,01;405,38;21147,76;308;83;391
0,42;0,21;0,15;0,2;80;-0,3;-0,01;390,54;21156,51;308;83;391
0,42;0,21;0,15;0,2;80;-0,3;-0,08;388,66;21083,36;308;83;391
0,42;0,21;0,15;0,2;80;-0,3;0,05;372,31;20928,60;309;82;391
0,42;0,21;0,15;0,2;80;-0,4;0,05;370,72;20930,19;309;82;391
0,42;0,21;0,15;0,25;105;-0,3;-0,08;299,34;26530,54;309;82;391
0,42;0,21;0,15;0,25;105;-0,4;-0,08;299,07;26530,81;309;82;391
0,42;0,21;0,15;0,25;105;-0,3;0,05;294,09;26550,78;310;81;391
0,42;0,21;0,15;0,25;105;-0,4;-0,01;293,60;26544,32;309;82;391
0,42;0,21;0,15;0,25;105;-0,4;0,05;293,56;26551,31;310;81;391
0,42;0,21;0,15;0,25;105;-0,3;-0,01;293,52;26544,40;309;82;391
0,42;0,21;0,15;0,1;80;-0,3;-0,08;268,39;20549,83;322;69;391
0,42;0,21;0,15;0,1;80;-0,4;-0,08;260,90;20508,21;322;69;391
0,42;0,21;0,15;0,1;80;-0,3;-0,01;260,67;20606,36;322;69;391
0,42;0,21;0,15;0,1;80;-0,4;-0,01;252,64;20498,88;322;69;391
0,45;0,01;0,15;0,2;105;-0,3;-0,01;247,58;22866,52;332;59;391
0,42;0,21;0,15;0,1;80;-0,4;0,05;245,89;20488,29;322;69;391
0,45;0,01;0,15;0,2;105;-0,3;0,05;243,34;22272,12;333;58;391
0,45;0,01;0,15;0,2;105;-0,3;-0,08;242,31;22638,37;332;59;391
0,42;0,21;0,15;0,1;80;-0,3;0,05;235,46;20448,14;322;69;391
0,45;0,01;0,15;0,2;105;-0,4;-0,01;223,20;22851,32;332;59;391
0,45;0,01;0,15;0,2;105;-0,4;-0,08;209,40;22636,82;332;59;391
0,45;0,01;0,15;0,2;105;-0,4;0,05;200,02;22269,02;332;59;391
0,45;0,01;0,15;0,25;105;-0,3;0,05;191,65;23832,09;325;66;391
0,45;0,01;0,15;0,25;105;-0,4;0,05;191,04;23832,70;325;66;391
0,45;0,01;0,1;0,2;105;-0,4;-0,08;190,50;21687,59;340;51;391
0,45;0,01;0,15;0,25;105;-0,4;-0,01;184,08;23834,02;325;66;391
0,45;0,01;0,15;0,25;105;-0,3;-0,01;183,93;23834,17;325;66;391
0,45;0,01;0,1;0,2;105;-0,4;-0,01;179,75;21698,34;340;51;391
0,45;0,01;0,1;0,2;105;-0,4;0,05;177,77;21700,32;340;51;391
0,45;0,01;0,15;0,25;105;-0,3;-0,08;175,86;23835,73;324;67;391
0,45;0,01;0,15;0,25;105;-0,4;-0,08;175,73;23835,86;324;67;391
0,42;0,21;0,15;0,05;80;-0,4;-0,08;174,02;19991,50;331;60;391
0,45;0,01;0,1;0,2;105;-0,3;0,05;171,76;21700,77;340;51;391
0,45;0,01;0,1;0,2;105;-0,3;-0,08;171,62;21686,65;339;52;391
0,42;0,21;0,15;0,05;80;-0,4;-0,01;171,15;19984,69;331;60;391
0,45;0,01;0,1;0,2;105;-0,3;-0,01;167,36;21698,55;339;52;391
0,45;0,01;0,15;0,2;80;-0,3;0,05;166,38;18738,76;323;68;391
0,45;0,01;0,15;0,2;80;-0,4;0,05;164,55;18740,59;323;68;391
0,45;0,01;0,15;0,2;80;-0,4;-0,01;162,77;19052,88;322;69;391
0,42;0,21;0,15;0,05;80;-0,4;0,05;162,66;19975,84;331;60;391
0,42;0,21;0,15;0,05;80;-0,3;-0,08;159,33;20073,40;331;60;391
0,45;0,01;0,15;0,2;80;-0,4;-0,08;158,99;18921,72;322;69;391
0,45;0,01;0,15;0,2;80;-0,3;-0,08;156,08;18925,14;322;69;391
0,42;0,21;0,15;0,05;80;-0,3;-0,01;153,37;20094,43;331;60;391
0,42;0,21;0,15;0,25;80;-0,4;-0,08;152,68;21540,60;296;95;391
0,45;0,01;0,15;0,2;80;-0,3;-0,01;152,28;19042,56;322;69;391
0,42;0,21;0,15;0,05;80;-0,3;0,05;151,25;19971,76;331;60;391
0,42;0,21;0,15;0,25;80;-0,3;-0,08;148,06;21545,61;296;95;391
0,42;0,21;0,15;0,25;80;-0,4;-0,01;147,68;21550,82;296;95;391
0,42;0,21;0,15;0,25;80;-0,3;-0,01;147,36;21556,56;296;95;391
0,45;0,01;0,1;0,2;80;-0,4;-0,08;138,83;18438,81;331;60;391
0,45;0,01;0,1;0,2;80;-0,3;-0,08;137,66;18439,98;331;60;391
0,45;0,01;0,1;0,2;80;-0,4;0,05;130,43;18447,21;331;60;391
0,45;0,01;0,1;0,2;80;-0,3;0,05;129,16;18448,48;331;60;391
0,45;0,01;0,1;0,2;80;-0,4;-0,01;127,83;18449,81;331;60;391
0,45;0,01;0,1;0,2;80;-0,3;-0,01;126,29;18451,35;331;60;391
0,42;0,21;0,15;0,25;80;-0,4;0,05;122,48;21555,54;296;95;391
0,42;0,21;0,15;0,25;80;-0,3;0,05;112,50;21558,63;296;95;391
0,45;0,01;0,1;0,25;105;-0,4;-0,08;83,94;23017,74;331;60;391
0,45;0,01;0,1;0,25;105;-0,3;-0,08;83,67;23018,01;331;60;391
0,45;0,01;0,1;0,25;105;-0,4;-0,01;73,92;23027,76;331;60;391
0,45;0,01;0,1;0,25;105;-0,3;-0,01;73,37;23028,31;331;60;391
0,45;0,01;0,1;0,25;105;-0,3;0,05;71,23;23030,45;331;60;391
0,45;0,01;0,1;0,25;105;-0,4;0,05;71,03;23030,65;331;60;391
0,45;0,01;0,05;0,25;105;-0,3;-0,08;57,36;21333,94;347;44;391
0,45;0,01;0,05;0,25;105;-0,4;-0,08;57,36;21333,94;347;44;391
0,45;0,01;0,05;0,25;105;-0,3;-0,01;52,87;21338,43;347;44;391
0,45;0,01;0,05;0,25;105;-0,4;-0,01;52,87;21338,43;347;44;391
0,45;0,01;0,05;0,2;80;-0,3;-0,08;49,77;17492,95;346;45;391
0,45;0,01;0,05;0,2;80;-0,4;-0,08;49,50;17493,22;346;45;391
0,45;0,01;0,05;0,25;105;-0,3;0,05;47,44;21343,86;347;44;391
0,45;0,01;0,05;0,25;105;-0,4;0,05;47,44;21343,86;347;44;391
0,45;0,01;0,05;0,2;80;-0,4;-0,01;44,46;17498,26;346;45;391
0,45;0,01;0,05;0,2;80;-0,3;-0,01;44,35;17498,37;346;45;391
0,45;0,01;0,05;0,2;80;-0,3;0,05;43,46;17499,26;346;45;391
0,45;0,01;0,05;0,2;80;-0,4;0,05;43,46;17499,26;346;45;391
0,45;0,01;0,05;0,2;105;-0,4;-0,01;42,68;19856,38;352;39;391
0,45;0,01;0,05;0,2;105;-0,3;-0,08;42,56;19856,50;352;39;391
0,45;0,01;0,05;0,2;105;-0,4;-0,08;42,52;19856,54;352;39;391
0,45;0,01;0,05;0,2;105;-0,3;-0,01;41,86;19857,20;352;39;391
0,45;0,01;0,05;0,2;105;-0,4;0,05;37,16;19861,90;352;39;391
0,45;0,01;0,05;0,2;105;-0,3;0,05;35,59;19863,47;352;39;391
0,42;0,21;0,15;0,2;105;-0,4;-0,01;20,75;25496,36;314;77;391
0,42;0,21;0,15;0,2;105;-0,3;-0,08;9,47;25426,33;314;77;391
0,42;0,21;0,15;0,2;105;-0,3;-0,01;7,66;25541,38;314;77;391
0,42;0,21;0,15;0,2;105;-0,4;0,05;-4,85;25141,13;315;76;391
0,42;0,21;0,15;0,2;105;-0,3;0,05;-4,87;25141,15;315;76;391
0,42;0,21;0,15;0,2;105;-0,4;-0,08;-6,37;25461,71;313;78;391
0,45;0,01;0,1;0,2;60;-0,4;-0,08;-30,62;14900,35;305;86;391
0,45;0,01;0,1;0,2;60;-0,4;-0,01;-34,35;14904,08;306;85;391
0,45;0,01;0,1;0,2;60;-0,4;0,05;-36,53;14906,26;305;86;391
0,45;0,01;0,05;0,1;60;-0,4;-0,08;-38,39;13292,01;342;49;391
0,45;0,01;0,05;0,1;60;-0,4;-0,01;-39,00;13306,98;342;49;391
0,45;0,01;0,05;0,1;60;-0,3;-0,08;-39,40;13293,02;342;49;391
0,45;0,01;0,05;0,1;60;-0,3;-0,01;-40,26;13308,24;342;49;391
0,45;0,01;0,05;0,1;60;-0,4;0,05;-42,88;13296,50;341;50;391
0,45;0,01;0,05;0,1;60;-0,3;0,05;-44,44;13298,06;341;50;391
0,42;0,21;0,15;0,2;60;-0,4;-0,08;-59,92;16574,63;277;114;391
0,45;0,05;0,15;0,2;105;-0,3;-0,01;236,69;24882,68;326;65;391
0,45;0,05;0,15;0,2;105;-0,3;-0,08;236,21;24771,22;326;65;391
0,45;0,05;0,15;0,2;105;-0,3;0,05;234,31;24298,82;327;64;391
0,45;0,05;0,15;0,25;105;-0,4;0,05;232,95;26046,53;315;76;391
0,45;0,05;0,15;0,25;105;-0,3;0,05;232,89;26046,59;315;76;391
0,45;0,05;0,15;0,25;105;-0,4;-0,08;229,36;26037,57;314;77;391
0,45;0,05;0,15;0,25;105;-0,3;-0,08;228,83;26038,10;314;77;391
0,45;0,05;0,15;0,25;105;-0,4;-0,01;224,53;26049,13;315;76;391
0,45;0,05;0,15;0,25;105;-0,3;-0,01;223,71;26049,95;315;76;391
0,45;0,05;0,15;0,2;80;-0,3;0,05;206,79;20198,76;316;75;391
0,45;0,05;0,15;0,2;80;-0,4;0,05;204,95;20200,60;316;75;391
0,45;0,05;0,15;0,2;105;-0,4;-0,01;201,88;24832,29;326;65;391
0,45;0,05;0,15;0,2;105;-0,4;-0,08;200,35;24768,05;326;65;391
0,45;0,05;0,15;0,2;80;-0,4;-0,08;197,48;20449,79;315;76;391
0,45;0,05;0,15;0,2;80;-0,4;-0,01;197,36;20497,27;315;76;391
0,45;0,05;0,15;0,2;80;-0,3;-0,08;193,12;20447,18;315;76;391
0,45;0,05;0,15;0,2;80;-0,3;-0,01;191,65;20514,17;315;76;391
0,45;0,05;0,15;0,2;105;-0,4;0,05;185,65;24297,75;326;65;391
0,45;0,05;0,1;0,2;80;-0,4;-0,08;175,76;19812,15;326;65;391
0,45;0,05;0,1;0,2;80;-0,3;-0,08;174,14;19813,77;326;65;391
0,45;0,05;0,1;0,2;80;-0,4;-0,01;168,74;19819,17;326;65;391
0,45;0,05;0,1;0,2;80;-0,4;0,05;166,21;19821,70;326;65;391
0,45;0,05;0,1;0,2;80;-0,3;-0,01;166,05;19821,86;326;65;391
0,45;0,05;0,1;0,2;80;-0,3;0,05;164,95;19822,96;326;65;391
0,45;0,05;0,1;0,25;105;-0,3;-0,08;157,73;24816,36;324;67;391
0,45;0,05;0,1;0,25;105;-0,4;-0,08;157,73;24816,36;324;67;391
0,45;0,05;0,1;0,25;105;-0,3;-0,01;150,27;24823,82;324;67;391
0,45;0,05;0,1;0,25;105;-0,4;-0,01;150,27;24823,82;324;67;391
0,45;0,05;0,1;0,25;105;-0,3;0,05;144,30;24829,79;324;67;391
0,45;0,05;0,1;0,25;105;-0,4;0,05;144,30;24829,79;324;67;391
0,45;0,11;0,05;0,25;80;-0,4;-0,08;120,62;19228,96;337;54;391
0,45;0,11;0,05;0,25;80;-0,3;-0,08;119,55;19230,03;337;54;391
0,45;0,05;0,1;0,2;105;-0,3;-0,08;117,23;23328,60;333;58;391
0,45;0,11;0,05;0,25;80;-0,4;-0,01;114,59;19234,99;337;54;391
0,45;0,05;0,1;0,2;105;-0,3;0,05;114,15;23346,58;334;57;391
0,45;0,11;0,05;0,25;80;-0,3;-0,01;113,27;19236,31;337;54;391
0,45;0,05;0,1;0,2;105;-0,3;-0,01;109,99;23343,82;333;58;391
0,45;0,11;0,05;0,25;80;-0,4;0,05;108,61;19240,97;337;54;391
0,45;0,11;0,05;0,25;80;-0,3;0,05;107,08;19242,50;337;54;391
0,45;0,05;0,1;0,2;105;-0,4;-0,08;84,83;23326,17;333;58;391
0,45;0,05;0,1;0,2;105;-0,4;-0,01;70,62;23340,38;333;58;391
0,45;0,05;0,1;0,2;105;-0,4;0,05;67,72;23343,28;333;58;391
0,45;0,05;0,05;0,2;80;-0,3;-0,08;66,89;18311,45;343;48;391
0,45;0,05;0,05;0,2;80;-0,4;-0,08;66,62;18311,72;343;48;391
0,45;0,05;0,05;0,2;80;-0,4;-0,01;61,71;18316,63;343;48;391
0,45;0,05;0,05;0,2;80;-0,3;-0,01;61,60;18316,74;343;48;391
0,45;0,05;0,05;0,2;80;-0,3;0,05;58,14;18320,20;343;48;391
0,45;0,05;0,05;0,2;80;-0,4;0,05;58,14;18320,20;343;48;391
0,45;0,05;0,15;0,25;80;-0,3;-0,08;36,86;20844,34;299;92;391
0,45;0,05;0,15;0,25;80;-0,4;-0,08;36,65;20843,67;299;92;391
0,45;0,05;0,15;0,25;80;-0,3;-0,01;32,71;20858,96;300;91;391
0,45;0,05;0,15;0,25;80;-0,4;-0,01;29,61;20856,43;300;91;391
0,45;0,11;0,05;0,1;105;-0,4;-0,08;26,41;17666,88;356;35;391
0,45;0,11;0,05;0,1;105;-0,4;-0,01;25,37;17695,96;355;36;391
0,45;0,05;0,15;0,2;60;-0,3;0,05;25,00;16071,49;290;101;391
0,45;0,11;0,05;0,1;105;-0,3;-0,08;23,74;17669,55;356;35;391
0,45;0,11;0,05;0,1;105;-0,4;0,05;23,71;17597,55;356;35;391
0,45;0,11;0,05;0,1;105;-0,3;0,05;22,17;17568,37;356;35;391
0,45;0,11;0,05;0,1;105;-0,3;-0,01;20,19;17701,15;355;36;391
0,45;0,11;0,05;0,2;80;-0,3;-0,08;19,35;18274,36;343;48;391
0,45;0,11;0,05;0,2;80;-0,4;-0,08;19,35;18274,36;343;48;391
0,45;0,05;0,15;0,25;80;-0,4;0,05;18,56;20852,44;300;91;391
0,45;0,11;0,05;0,2;80;-0,3;-0,01;13,77;18279,94;343;48;391
0,45;0,11;0,05;0,2;80;-0,4;-0,01;13,77;18279,94;343;48;391
0,45;0,05;0,15;0,25;80;-0,3;0,05;11,78;20852,29;300;91;391
0,45;0,11;0,05;0,2;80;-0,3;0,05;10,86;18282,85;343;48;391
0,45;0,11;0,05;0,2;80;-0,4;0,05;10,86;18282,85;343;48;391
0,45;0,11;0,05;0,2;105;-0,3;-0,08;-5,90;20798,08;348;43;391
0,45;0,11;0,05;0,2;105;-0,4;-0,08;-5,90;20798,08;348;43;391
0,45;0,05;0,15;0,2;60;-0,3;-0,08;-6,85;16160,75;287;104;391
0,45;0,05;0,15;0,2;60;-0,3;-0,01;-7,94;16224,42;287;104;391
0,45;0,11;0,05;0,25;105;-0,3;-0,08;-10,95;22227,16;343;48;391
0,45;0,11;0,05;0,25;105;-0,4;-0,08;-10,95;22227,16;343;48;391
0,45;0,11;0,05;0,2;105;-0,3;-0,01;-12,02;20804,20;348;43;391
0,45;0,11;0,05;0,2;105;-0,4;-0,01;-12,02;20804,20;348;43;391
0,45;0,11;0,05;0,2;105;-0,3;0,05;-17,07;20809,25;348;43;391
0,45;0,11;0,05;0,2;105;-0,4;0,05;-17,07;20809,25;348;43;391
0,45;0,11;0,05;0,25;105;-0,3;-0,01;-17,39;22233,60;343;48;391
0,45;0,11;0,05;0,25;105;-0,4;-0,01;-17,39;22233,60;343;48;391
0,45;0,05;0,05;0,25;105;-0,3;-0,08;-17,92;22227,02;344;47;391
0,45;0,05;0,05;0,25;105;-0,4;-0,08;-17,92;22227,02;344;47;391
0,45;0,05;0,05;0,25;105;-0,3;-0,01;-21,58;22230,68;344;47;391
0,45;0,05;0,05;0,25;105;-0,4;-0,01;-21,58;22230,68;344;47;391
0,45;0,05;0,15;0,2;60;-0,4;0,05;-22,50;16068,71;288;103;391
0,45;0,11;0,05;0,25;105;-0,3;0,05;-25,16;22241,37;343;48;391
0,45;0,11;0,05;0,25;105;-0,4;0,05;-25,16;22241,37;343;48;391
0,45;0,05;0,05;0,25;105;-0,3;0,05;-27,25;22236,35;344;47;391
0,45;0,05;0,05;0,25;105;-0,4;0,05;-27,25;22236,35;344;47;391
0,45;0,05;0,15;0,2;60;-0,4;-0,08;-30,86;16150,51;287;104;391
0,45;0,11;0,05;0,2;60;-0,4;-0,08;-33,54;15709,43;326;65;391
0,45;0,05;0,15;0,2;60;-0,4;-0,01;-34,79;16201,48;287;104;391
0,45;0,05;0,1;0,2;60;-0,3;0,05;-35,61;15976,78;300;91;391
0,45;0,05;0,1;0,2;60;-0,3;-0,08;-37,32;15969,99;298;93;391
0,45;0,11;0,05;0,2;60;-0,4;-0,01;-37,56;15713,45;326;65;391
0,45;0,05;0,1;0,2;60;-0,3;-0,01;-41,13;15978,36;298;93;391
0,45;0,11;0,05;0,2;60;-0,4;0,05;-41,13;15717,02;326;65;391
0,45;0,11;0,05;0,2;60;-0,3;-0,08;-47,43;15715,00;325;66;391
0,45;0,11;0,05;0,2;60;-0,3;-0,01;-48,68;15720,71;325;66;391
0,45;0,05;0,1;0,2;60;-0,4;-0,08;-50,18;15963,75;298;93;391
0,45;0,11;0,05;0,2;60;-0,3;0,05;-50,50;15726,39;326;65;391
0,45;0,11;0,1;0,25;105;-0,3;-0,08;194,60;26110,17;323;68;391
0,45;0,11;0,1;0,25;105;-0,4;-0,08;194,25;26110,52;323;68;391
0,45;0,11;0,1;0,25;105;-0,3;-0,01;179,76;26126,52;323;68;391
0,45;0,11;0,1;0,25;105;-0,4;-0,01;179,76;26126,52;323;68;391
0,45;0,11;0,1;0,2;105;-0,4;-0,08;169,24;23832,61;329;62;391
0,45;0,11;0,1;0,2;105;-0,3;-0,08;168,61;23833,24;329;62;391
0,45;0,11;0,1;0,25;105;-0,3;0,05;159,31;26105,03;323;68;391
0,45;0,11;0,1;0,25;105;-0,4;0,05;159,31;26105,03;323;68;391
0,45;0,11;0,1;0,2;105;-0,4;-0,01;157,82;23844,03;329;62;391
0,45;0,11;0,1;0,2;105;-0,3;-0,01;157,50;23844,35;329;62;391
0,45;0,11;0,1;0,2;105;-0,4;0,05;150,32;23851,53;329;62;391
0,45;0,11;0,1;0,2;105;-0,3;0,05;150,23;23851,62;329;62;391
0,45;0,11;0,15;0,2;105;-0,3;0,05;149,70;25065,12;318;73;391
0,45;0,11;0,15;0,2;105;-0,4;0,05;147,11;25073,05;318;73;391
0,45;0,11;0,15;0,2;105;-0,4;-0,01;133,57;25798,27;317;74;391
0,45;0,11;0,15;0,2;105;-0,3;-0,01;132,03;25803,35;317;74;391
0,45;0,11;0,15;0,2;105;-0,4;-0,08;129,04;25532,39;317;74;391
0,45;0,11;0,15;0,2;105;-0,3;-0,08;126,87;25534,56;317;74;391
0,45;0,16;0,1;0,25;105;-0,3;-0,08;117,28;25681,19;323;68;391
0,45;0,16;0,1;0,25;105;-0,4;-0,08;117,28;25681,19;323;68;391
0,45;0,11;0,15;0,25;105;-0,4;-0,08;115,61;27639,03;310;81;391
0,45;0,11;0,15;0,25;105;-0,3;-0,08;115,43;27639,21;310;81;391
0,45;0,11;0,15;0,25;105;-0,4;-0,01;103,43;27659,84;311;80;391
0,45;0,11;0,15;0,25;105;-0,3;-0,01;103,41;27659,86;311;80;391
0,45;0,16;0,1;0,25;105;-0,3;-0,01;103,32;25695,15;323;68;391
0,45;0,16;0,1;0,25;105;-0,4;-0,01;103,32;25695,15;323;68;391
0,45;0,11;0,15;0,25;105;-0,3;0,05;98,45;27629,04;311;80;391
0,45;0,11;0,15;0,25;105;-0,4;0,05;97,77;27629,72;311;80;391
0,45;0,16;0,1;0,25;105;-0,3;0,05;94,98;25703,49;323;68;391
0,45;0,16;0,1;0,25;105;-0,4;0,05;94,98;25703,49;323;68;391
0,45;0,16;0,05;0,1;105;-0,4;-0,08;87,96;19041,52;356;35;391
0,45;0,16;0,05;0,1;105;-0,3;-0,08;87,40;19042,08;356;35;391
0,45;0,16;0,05;0,1;105;-0,4;-0,01;82,97;19046,51;355;36;391
0,45;0,11;0,15;0,2;80;-0,3;0,05;82,86;21054,10;307;84;391
0,45;0,16;0,05;0,1;105;-0,3;0,05;82,52;19046,96;355;36;391
0,45;0,16;0,05;0,1;105;-0,4;0,05;82,52;19046,96;355;36;391
0,45;0,16;0,05;0,1;105;-0,3;-0,01;82,18;19047,30;355;36;391
0,45;0,11;0,15;0,2;80;-0,4;0,05;81,09;21061,21;307;84;391
0,45;0,11;0,15;0,2;80;-0,4;-0,01;78,58;21317,34;306;85;391
0,45;0,11;0,15;0,2;80;-0,4;-0,08;74,11;21247,23;306;85;391
0,45;0,11;0,15;0,2;80;-0,3;-0,01;73,03;21324,09;306;85;391
0,45;0,11;0,15;0,2;80;-0,3;-0,08;71,56;21249,78;306;85;391
0,45;0,11;0,1;0,25;80;-0,4;-0,08;54,51;21340,52;307;84;391
0,45;0,11;0,1;0,25;80;-0,3;-0,08;50,99;21344,04;307;84;391
0,45;0,11;0,1;0,25;80;-0,4;-0,01;49,04;21351,68;307;84;391
0,45;0,11;0,1;0,1;105;-0,4;0,05;48,85;19252,34;346;45;391
0,45;0,11;0,15;0,25;80;-0,4;-0,08;46,72;21979,40;294;97;391
0,45;0,16;0,1;0,25;80;-0,4;-0,08;43,96;21077,84;306;85;391
0,45;0,11;0,1;0,25;80;-0,3;-0,01;42,80;21357,92;307;84;391
0,45;0,11;0,15;0,25;80;-0,3;-0,08;41,76;21984,41;294;97;391
0,45;0,11;0,15;0,25;80;-0,4;-0,01;41,51;21990,30;294;97;391
0,45;0,11;0,1;0,1;105;-0,3;0,05;40,34;19223,39;346;45;391
0,45;0,16;0,1;0,25;80;-0,3;-0,08;39,90;21081,90;306;85;391
0,45;0,16;0,1;0,25;80;-0,4;-0,01;39,28;21088,33;306;85;391
0,45;0,11;0,15;0,25;80;-0,3;-0,01;38,11;21998,75;294;97;391
0,45;0,16;0,1;0,25;80;-0,3;-0,01;35,21;21092,40;306;85;391
0,45;0,11;0,15;0,1;105;-0,4;0,05;32,22;19458,87;342;49;391
0,45;0,11;0,1;0,25;80;-0,4;0,05;27,03;21353,61;307;84;391
0,45;0,11;0,15;0,2;60;-0,4;0,05;26,90;16967,55;282;109;391
0,45;0,11;0,1;0,1;105;-0,3;-0,01;26,63;19950,94;345;46;391
0,45;0,11;0,1;0,1;105;-0,4;-0,01;25,88;19705,13;345;46;391
0,45;0,11;0,1;0,1;105;-0,4;-0,08;25,55;19622,60;345;46;391
0,45;0,11;0,15;0,25;80;-0,4;0,05;23,99;21987,74;294;97;391
0,45;0,11;0,1;0,25;80;-0,3;0,05;22,48;21358,16;307;84;391
0,45;0,11;0,15;0,1;105;-0,3;0,05;22,11;19431,52;342;49;391
0,45;0,11;0,15;0,2;60;-0,4;-0,08;19,40;17017,24;282;109;391
0,45;0,11;0,15;0,2;60;-0,4;-0,01;19,01;17085,13;282;109;391
0,45;0,16;0,05;0,2;80;-0,4;-0,08;18,28;18583,47;342;49;391
0,45;0,16;0,05;0,05;80;-0,3;0,05;18,03;16651,75;351;40;391
0,45;0,16;0,05;0,2;80;-0,3;-0,08;17,02;18584,73;342;49;391
0,45;0,11;0,1;0,1;105;-0,3;-0,08;15,74;19725,56;345;46;391
0,45;0,16;0,1;0,25;80;-0,4;0,05;14,46;21093,17;306;85;391
0,45;0,11;0,15;0,25;80;-0,3;0,05;12,48;21991,96;294;97;391
0,45;0,11;0,15;0,1;105;-0,4;-0,01;10,51;19910,40;341;50;391
0,45;0,16;0,05;0,2;80;-0,4;-0,01;10,05;18591,70;342;49;391
0,45;0,11;0,1;0,2;60;-0,4;-0,08;9,71;16786,96;296;95;391
0,45;0,11;0,15;0,1;105;-0,3;-0,01;9,56;20157,91;341;50;391
0,45;0,16;0,1;0,25;80;-0,3;0,05;9,52;21098,11;306;85;391
0,45;0,16;0,05;0,05;80;-0,3;-0,01;9,10;16809,90;350;41;391
0,45;0,11;0,15;0,1;105;-0,4;-0,08;9,03;19829,02;341;50;391
0,45;0,16;0,05;0,05;80;-0,3;-0,08;8,78;16744,24;350;41;391
0,45;0,16;0,05;0,2;80;-0,3;-0,01;8,25;18593,50;342;49;391
0,45;0,16;0,05;0,2;80;-0,4;0,05;8,05;18593,70;342;49;391
0,45;0,16;0,05;0,05;60;-0,4;-0,08;7,95;15052,57;340;51;391
0,45;0,16;0,05;0,2;80;-0,3;0,05;6,58;18595,17;342;49;391
0,45;0,16;0,05;0,05;60;-0,4;-0,01;3,97;15056,55;340;51;391
0,45;0,11;0,1;0,2;60;-0,4;-0,01;3,16;16793,51;296;95;391
0,45;0,16;0,05;0,05;60;-0,3;-0,08;2,26;15058,26;338;53;391
0,45;0,11;0,1;0,2;60;-0,4;0,05;1,82;16794,85;296;95;391
0,45;0,16;0,05;0,05;60;-0,4;0,05;1,53;15058,99;340;51;391
0,45;0,11;0,15;0,1;105;-0,3;-0,08;-2,43;19933,63;341;50;391
0,45;0,16;0,05;0,05;80;-0,4;-0,08;-3,83;16661,39;349;42;391
0,45;0,16;0,05;0,05;60;-0,3;0,05;-4,70;15065,22;339;52;391
0,45;0,16;0,05;0,05;80;-0,4;0,05;-6,73;16664,29;349;42;391
0,45;0,16;0,05;0,05;80;-0,4;-0,01;-7,76;16665,32;349;42;391
0,45;0,16;0,05;0,05;60;-0,3;-0,01;-8,25;15082,84;338;53;391
0,45;0,11;0,15;0,2;60;-0,3;0,05;-24,81;16970,89;282;109;391
0,45;0,16;0,1;0,05;105;-0,3;0,05;-26,01;19818,09;347;44;391
0,45;0,16;0,05;0,1;80;-0,4;-0,08;-26,11;17265,05;346;45;391
0,45;0,16;0,1;0,1;105;-0,4;0,05;-29,78;21145,43;336;55;391
0,45;0,21;0,05;0,05;105;-0,3;0,05;94,65;20060,21;355;36;391
0,45;0,21;0,05;0,05;105;-0,3;-0,01;93,10;20367,65;354;37;391
0,45;0,16;0,15;0,2;105;-0,4;-0,01;88,05;25952,34;318;73;391
0,45;0,21;0,05;0,05;105;-0,3;-0,08;85,48;20304,22;354;37;391
0,45;0,16;0,15;0,2;105;-0,3;-0,01;73,85;25868,13;318;73;391
0,45;0,16;0,15;0,2;105;-0,3;0,05;70,72;25284,14;319;72;391
0,45;0,21;0,05;0,05;105;-0,4;-0,08;70,54;20039,27;354;37;391
0,45;0,16;0,15;0,2;105;-0,4;-0,08;68,99;25610,11;318;73;391
0,45;0,16;0,15;0,2;105;-0,4;0,05;68,80;25286,06;319;72;391
0,45;0,16;0,15;0,2;105;-0,3;-0,08;66,55;25612,55;318;73;391
0,45;0,21;0,05;0,05;105;-0,4;-0,01;61,59;20048,22;354;37;391
0,45;0,21;0,05;0,05;105;-0,4;0,05;59,79;20050,02;354;37;391
0,45;0,21;0,05;0,05;80;-0,4;-0,08;44,66;18191,20;344;47;391
0,45;0,21;0,05;0,05;80;-0,3;-0,01;44,61;18351,38;344;47;391
0,45;0,21;0,05;0,05;80;-0,4;-0,01;37,69;18198,17;344;47;391
0,45;0,21;0,05;0,05;80;-0,3;-0,08;37,39;18332,05;344;47;391
0,45;0,21;0,05;0,05;80;-0,4;0,05;34,39;18201,47;344;47;391
0,45;0,16;0,15;0,2;80;-0,4;-0,01;30,08;21130,50;306;85;391
0,45;0,21;0,05;0,05;80;-0,3;0,05;26,87;18210,29;344;47;391
0,45;0,21;0,05;0,1;80;-0,4;-0,08;24,63;18481,14;343;48;391
0,45;0,16;0,15;0,25;105;-0,4;-0,08;22,51;27131,21;310;81;391
0,45;0,16;0,15;0,25;105;-0,3;-0,08;21,17;27132,55;310;81;391
0,45;0,16;0,15;0,25;105;-0,4;0,05;18,71;27149,02;311;80;391
0,45;0,21;0,05;0,1;80;-0,4;-0,01;17,84;18487,93;343;48;391
0,45;0,16;0,15;0,25;105;-0,3;0,05;17,56;27150,17;311;80;391
0,45;0,21;0,05;0,1;80;-0,3;-0,08;17,13;18488,64;343;48;391
0,45;0,16;0,15;0,25;105;-0,4;-0,01;13,49;27147,74;311;80;391
0,45;0,21;0,05;0,1;80;-0,4;0,05;13,00;18492,77;343;48;391
0,45;0,16;0,15;0,25;105;-0,3;-0,01;11,43;27149,80;311;80;391
0,45;0,16;0,15;0,2;80;-0,4;-0,08;10,81;20998,59;306;85;391
0,45;0,16;0,15;0,1;105;-0,4;0,05;9,53;21417,50;333;58;391
0,45;0,16;0,15;0,2;80;-0,3;-0,01;9,18;21146,01;306;85;391
0,45;0,16;0,15;0,2;80;-0,4;0,05;9,04;20892,48;307;84;391
0,45;0,21;0,05;0,1;80;-0,3;-0,01;8,54;18497,23;343;48;391
0,45;0,16;0,15;0,2;80;-0,3;0,05;7,39;20894,13;307;84;391
0,45;0,16;0,15;0,1;105;-0,3;-0,08;6,82;21757,64;333;58;391
0,45;0,21;0,05;0,1;80;-0,3;0,05;5,14;18500,63;343;48;391
0,45;0,16;0,15;0,1;105;-0,3;-0,01;4,30;21935,36;332;59;391
0,45;0,16;0,15;0,2;80;-0,3;-0,08;2,56;21006,84;306;85;391
0,45;0,16;0,15;0,1;105;-0,4;-0,08;2,08;21598,46;333;58;391
0,45;0,16;0,15;0,1;105;-0,4;-0,01;-0,18;21573,38;332;59;391
0,45;0,16;0,15;0,1;105;-0,3;0,05;-4,86;21358,25;333;58;391
0,45;0,21;0,05;0,2;105;-0,3;-0,08;-12,64;21984,26;346;45;391
0,45;0,21;0,05;0,2;105;-0,4;-0,08;-12,64;21984,26;346;45;391
0,45;0,21;0,15;0,05;105;-0,3;0,05;-14,47;22205,57;337;54;391
0,45;0,21;0,05;0,05;60;-0,4;-0,08;-17,85;16113,78;330;61;391
0,45;0,21;0,05;0,05;60;-0,3;-0,01;-21,78;16137,84;330;61;391
0,45;0,21;0,05;0,05;60;-0,4;-0,01;-22,07;16118,00;330;61;391
0,45;0,21;0,15;0,2;80;-0,4;-0,01;-22,30;20938,04;298;93;391
0,45;0,21;0,15;0,2;80;-0,4;-0,08;-22,35;20898,99;298;93;391
0,45;0,21;0,15;0,05;105;-0,3;-0,01;-22,63;22577,11;336;55;391
0,45;0,21;0,05;0,2;105;-0,3;-0,01;-24,17;21995,79;346;45;391
0,45;0,21;0,05;0,2;105;-0,4;-0,01;-24,17;21995,79;346;45;391
0,45;0,21;0,15;0,2;80;-0,3;-0,08;-24,26;20900,90;298;93;391
0,45;0,21;0,15;0,2;80;-0,3;-0,01;-24,83;20940,57;298;93;391
0,45;0,21;0,05;0,1;105;-0,4;-0,08;-24,90;20888,34;349;42;391
0,45;0,21;0,05;0,05;60;-0,4;0,05;-25,72;16121,65;330;61;391
0,45;0,21;0,05;0,2;105;-0,3;0,05;-27,00;21998,62;346;45;391
0,45;0,21;0,05;0,2;105;-0,4;0,05;-27,00;21998,62;346;45;391
0,45;0,21;0,05;0,05;60;-0,3;-0,08;-27,89;16123,82;330;61;391
0,45;0,21;0,05;0,1;105;-0,3;-0,08;-28,32;20891,76;349;42;391
0,45;0,16;0,15;0,05;80;-0,3;0,05;-29,90;18073,36;334;57;391
0,45;0,21;0,05;0,1;105;-0,4;-0,01;-31,35;20894,79;348;43;391
0,45;0,21;0,05;0,05;60;-0,3;0,05;-34,11;16131,34;330;61;391
0,45;0,16;0,15;0,05;105;-0,3;0,05;-34,25;20144,35;344;47;391
0,45;0,21;0,05;0,1;105;-0,4;0,05;-34,97;20898,41;349;42;391
0,45;0,21;0,05;0,1;105;-0,3;-0,01;-36,07;20899,51;348;43;391
0,45;0,21;0,15;0,05;105;-0,3;-0,08;-36,16;22513,42;336;55;391
0,45;0,21;0,05;0,1;105;-0,3;0,05;-36,36;20899,80;349;42;391
0,45;0,21;0,15;0,1;80;-0,4;-0,08;-37,52;20298,90;313;78;391
0,45;0,21;0,15;0,1;80;-0,4;0,05;-39,50;20282,08;313;78;391
0,45;0,16;0,15;0,25;80;-0,4;-0,08;-41,08;21845,79;292;99;391
0,45;0,21;0,15;0,05;105;-0,4;0,05;-42,50;22216,48;336;55;391
0,45;0,21;0,15;0,05;105;-0,4;-0,08;-43,36;22274,06;336;55;391
0,45;0,21;0,15;0,05;105;-0,4;-0,01;-44,04;22269,03;336;55;391
0,45;0,21;0,15;0,1;80;-0,4;-0,01;-45,38;20310,45;313;78;391
0,45;0,21;0,15;0,2;80;-0,3;0,05;-45,52;20857,44;299;92;391
0,45;0,16;0,15;0,25;80;-0,3;-0,08;-47,09;21851,04;292;99;391
0,45;0,16;0,15;0,05;80;-0,3;-0,08;-47,60;18170,88;333;58;391
0,45;0,16;0,15;0,25;80;-0,4;-0,01;-47,72;21858,24;292;99;391
0,45;0,21;0,15;0,2;80;-0,4;0,05;-48,27;20860,19;299;92;391
0,45;0,16;0,15;0,05;105;-0,4;0,05;-48,32;20139,46;343;48;391
0,45;0,16;0,15;0,05;105;-0,4;-0,08;-49,27;20254,35;344;47;391
0,45;0,16;0,15;0,05;80;-0,4;0,05;-49,32;18062,23;333;58;391
0,45;0,16;0,15;0,25;80;-0,3;-0,01;-49,94;21864,91;292;99;391
0,45;0,16;0,15;0,05;80;-0,3;-0,01;-52,18;18214,65;333;58;391
0,45;0,16;0,15;0,05;80;-0,4;-0,08;-52,95;18092,75;333;58;391
0,45;0,16;0,15;0,05;105;-0,4;-0,01;-54,35;20235,93;344;47;391
0,45;0,16;0,15;0,05;80;-0,4;-0,01;-60,91;18073,82;333;58;391
0,45;0,16;0,15;0,2;60;-0,3;0,05;-62,37;16889,09;283;108;391
0,45;0,16;0,15;0,05;60;-0,4;0,05;-62,85;15872,97;314;77;391
0,45;0,16;0,15;0,05;60;-0,4;-0,08;-63,31;15873,43;315;76;391
0,45;0,16;0,15;0,05;105;-0,3;-0,08;-63,96;20397,04;344;47;391
0,45;0,21;0,05;0,2;80;-0,3;-0,08;-66,69;18964,31;331;60;391
0,45;0,21;0,05;0,2;80;-0,4;-0,08;-66,69;18964,31;331;60;391
0,45;0,16;0,15;0,05;60;-0,4;-0,01;-68,01;15878,13;314;77;391
0,45;0,16;0,15;0,2;60;-0,3;-0,01;-69,10;17051,42;282;109;391
0,45;0,16;0,15;0,25;80;-0,4;0,05;-69,59;21860,13;292;99;391
0,45;0,16;0,15;0,05;60;-0,3;-0,08;-71,16;15881,28;314;77;391
0,45;0,16;0,15;0,05;105;-0,3;-0,01;-72,37;20445,49;344;47;391