Market ID;Result;Invested ($);PnL ($);PnL (%);Win;Loss
0xf14cdd2ecba611b6a9456c920791e6d9daf4ab81f9af191e00e283d3a95b6f20;WIN;92,29;9,50;10.29;1;0
0x2dbd0400e44861f3cc52036c46f33218426ddbeff05a1d250dde6e813fa68b1e;WIN;25,28;4,08;16.12;1;0
0xbb0a98b30bb4e32498a1b0bbdf1c11d10465eb18fc79af68aa2ae01908adb446;WIN;102,08;9,02;8.84;1;0
0xbdd9fdfe201d5b7447751fe0e7b3402b15f3edbbbb69c528f44db7d241353403;WIN;30,11;4,66;15.47;1;0
0x4ea8bee71b11bcce210ca4716f7c675d01cc94a4584d830d4853739646c9ced0;WIN;19,50;3,35;17.16;1;0
0x584ec541ff460c412e4696ee7adb7377591e8e1644c899755451e16e4f6c6190;WIN;14,89;2,41;16.22;1;0
0x82e063efa7d4401cbe1f2bfb48d44599ee625e06d59674ee42fa649fd4b82162;WIN;15,69;2,00;12.75;1;0
0xed23b8f26dc9d3628bf30a6f024c0a7195ae050239c0e37a8d36f16bf5b42336;WIN;16,15;2,46;15.23;1;0
0x016d0ec09af59e8e5d1faa1e3de71c87dfd917c5ea2270bdb0e8632e22e0bb0d;WIN;68,38;11,78;17.23;1;0
0x110270f434e7e9925d93afcd48e88c3b48c02ef0034eba54237975ded05db028;WIN;60,59;9,30;15.35;1;0
0x9f96187eb167e6b170f08449b7df859df7f86c1a34e2fc8514eafe126ea1cf92;LOSS;79,66;-32,74;-41.10;0;1
0xf3dfd74e149dce625bed28c9724591b4c489752961991b28ec8fd24aa032fb91;WIN;17,17;2,48;14.43;1;0
0x1f246a4fa53749f699b4b0bf1939bcc2d3d7c7d8d7b7983d3871a73d57aab0b2;WIN;71,63;9,37;13.09;1;0
0x40fa893e363360abdb08f950b5a362114ea1700155356ea88f03f93000915ae2;WIN;88,62;14,14;15.95;1;0
0xf11259ace6c0d8853e9497c8479c268f33e4e30bb7a40c0cc7336aceef44110a;WIN;90,05;3,75;4.16;1;0
0xf1c04530ed46fb650970ac6efaf85e0ad39471c2f541e5951955e06ea00a1383;WIN;90,91;7,14;7.85;1;0
0x4c6c16e4a4c5fa793d4736080c548e3a02f697fafeb4a851a1fcf27ade3bf7d0;WIN;16,08;2,84;17.65;1;0
0x53a26b9fed8455300b0974785187a38d8ab4030b0eb1cf70fa90152efca2da00;WIN;15,28;2,35;15.39;1;0
0x7f2a60ea7c134526ca2db4419da17c7074e4f0660eb2f8623af2ea1121e4c461;WIN;20,28;3,39;16.74;1;0
0x5eb07c5ee0d03fc8d5c3064eaefc2e3823be075b07b61cae0cdd862514f10c7e;WIN;95,76;16,68;17.42;1;0
0x609c6e7841e8dcbe54e8817f03282edf796beb6c2a01cac9b411fd080593f243;WIN;44,36;6,56;14.79;1;0
0x7fd2220f87c1e4f605c69938165b5092f257a306d56431b5879a5c950eeb96fe;WIN;23,97;4,07;16.99;1;0
0x9c96f15a2fbbfaee8af8ba30b42f7005f7990a917b52ca0516e41f2e08ccb550;WIN;29,65;5,20;17.52;1;0
0x3231010658ac5b6cc595da4ae8c9e1316e8a73eb5b558815e59be9f77f293fef;WIN;109,45;13,99;12.78;1;0
0x7eaf8e3cb5177910a015c62b7753cd30bfd163f2d6f2bd654ee33e992080f2b9;WIN;105,06;16,42;15.63;1;0
0x8e466732329753f48cb156beb28c839600629684f3b1728f833c5cd23595c6cc;WIN;104,29;18,21;17.46;1;0
0xac320d243787964641cfc151a245db301ffd2700947a76c318d60d8828fb15b4;WIN;108,35;16,30;15.04;1;0
0xd1755121e39955993660ecbbd0a29f7ec971254cafee1e85d38e2b960df9350b;WIN;14,51;2,79;19.23;1;0
0xf17260c7275782389877858527ad38bd9d8c41d8cf2060bb970175fc231359d8;WIN;101,39;1,30;1.28;1;0
0x464cc2b2ef11b103ef6b705a273861ffb5f2bca0eeb5bc196c74ee961c1c2f7a;WIN;103,48;8,50;8.21;1;0
0xdb80edb1a6c19bb1352537484511be2e83d62098e48a5decd1e9b03dfcada786;WIN;106,55;9,28;8.71;1;0
0x0ffab648766278e8e99ffda387cfa0ca01c779724d2016c6a36186c039c4e2a1;WIN;67,81;11,04;16.28;1;0
0x2b79bbbb612a6ff652ae9a8e08f4bc095712e2cd80fe2b3e6d198c7812d6472e;LOSS;91,79;-33,21;-36.18;0;1
0x80b0be108ebe5c7925ba46e78090dd28c1c4651a2b1b5ab8e6a6744d5d22b8f1;LOSS;78,21;-34,14;-43.65;0;1
0xfbc1dd1eb873d340da4787f46b092d7108b82b3bc4d76b6404c6d527124fd3eb;WIN;99,53;14,06;14.13;1;0
0x79c44a6848b080faff4a67b1faf43ed07598a1c7bfb122ca24e77eee7cd52532;WIN;17,59;2,42;13.79;1;0
0xe3f3c598f3b3591fea3c69458bce46748c824d8ebd90694a2abc3027d0c58e5f;WIN;12,68;2,21;17.46;1;0
0xc5523265bdcafdc899db9a070b577679a878e19b59d12d85da0c35394c742127;WIN;15,07;2,48;16.48;1;0
0xef331b5cb4cafa14b563a7a588de5a0ea013fc63aa18c853167c45fcf9945938;WIN;12,19;1,44;11.83;1;0
0x8c4e5c0d112aa33bb73efdc95aeabd88c7346f1a480467e23cfbdab4d793b22e;LOSS;86,64;-45,75;-52.80;0;1
0x9330631b5fecae5e6cdb5585ac730e61f0164de9f6ca9284435c54c9c5d17a13;WIN;87,94;18,11;20.59;1;0
0xa019fd929474f7c285213bf2995fe5ad517898908bb947bd2fee5cf3f12ec42f;WIN;34,08;6,11;17.93;1;0
0xa2bcf9ccc562f7314488f6ca1efa93930c87e830ca0546387c806f5b29f684b8;LOSS;70,42;-29,41;-41.76;0;1
0x07bae72d901cd99379dd7878f4f5092487d0d6519144e87a42cbce3af04e6a18;WIN;74,04;11,73;15.85;1;0
0x3cc68e4f51da4e105c1d2fe4795960f750577326b46537aac2f5990aa37e5ddc;WIN;69,08;14,04;20.33;1;0
0x66a2092598269de798e975fc3d2401f0bc1f3abbaad459a61d50c7a303ed8a21;LOSS;92,95;-36,55;-39.32;0;1
0x7cdd8aa250e447cfe896030d5dd03d3d53bed7807e366e9c55ae029f17ae1787;LOSS;100,63;-37,63;-37.39;0;1
0x579b670ca940fa10603f69b18a540da071515e85af4582d944f44fa35af4ada1;WIN;65,07;16,71;25.67;1;0
0x3c834d8fd7293682c4bff043cf67a0af6192c2546ad0c7e5cea59e832c56c7b6;WIN;31,73;5,42;17.10;1;0
0xa54fc091db16aab2d7af1142423beb34666b0081c30f25973998d65a1fe8ea66;WIN;100,56;16,97;16.88;1;0
0xcdcc5ca76eba84f468822fcefcc9d68b42686ee6a5165bd430ee04de72c007e3;WIN;98,53;17,44;17.70;1;0
0x668352ad7d6ad91e670f9d9fffe81b36528b9345fd0db9bafa3c107c4787385e;WIN;19,31;2,93;15.15;1;0
0xc0ebb37ce6c52d95c2c48f73aec5792541a6d72af3696ccdafe895408bcf491a;WIN;17,88;3,23;18.05;1;0
0xfa90588e4567d4e1bbf1ead0fae137c9e00cdb236d11df49f1614cfd76ab0534;WIN;13,04;2,09;16.00;1;0
0xfb67e035ec719fe4ecf09ff4891ec18c4f2f1908b1dd97756b68e97d26d50dca;WIN;14,64;2,33;15.88;1;0
0x0ffdc534f51e6ee2155276439e696f4fcf4405ee3fe5d92aaf39cc943e9131ab;WIN;94,11;7,92;8.42;1;0
0x4eac32569ea746c6f2ece9905cf9abb442d384af0096016e08b663c786e9b423;LOSS;66,30;-18,05;-27.22;0;1
0xad946134a54a1c2cffdeb0a14c6619f4dbdd5ac862ad9687469e73e6eee2ee6d;WIN;102,33;8,68;8.48;1;0
0xc8f35a7524df642c29fb6ca957ab1dcce2d2f52be92560e50411337c78745c92;WIN;70,97;11,33;15.96;1;0
0x2ddc288ecbe8aaa3ea6191ed9927c4d6e7796aa0c7a2a343b4cbea049622cf97;WIN;100,83;8,77;8.70;1;0
0x38f96fc8a7d6a58d075a726049ea28a6bb839cf1faf4b879a0338a6106acee58;LOSS;78,11;-27,39;-35.07;0;1
0xd49b97eb05086aef067f521a8ad3682ce935c8d5338a2950107d4b0ab60561c4;WIN;35,34;4,62;13.09;1;0
0xece50ea5027c2d31b68f32012d9b85e088fb8ea92aa56f71f41fba08127b5d46;WIN;108,76;14,02;12.89;1;0
0x7b182455cf92d322ca1842a8423e8ae32bf3a1d3aa63b38faaddd733a5a75a8d;WIN;14,27;2,48;17.34;1;0
0x8fd8969ef5399481103a71a9c86b796a3c391b97785995d892f6f29c01e6519c;LOSS;66,14;-31,89;-48.22;0;1
0x8113827a9b88d2bde0b6dd4c7a1ee4330a020eee796d96e1f2aca8209608c5c6;LOSS;84,51;-35,23;-41.68;0;1
0xd446e7656f34e3a4a0d751f4b5adc07390a613fbc3a7dc608d01949991fb08f1;LOSS;71,01;-32,24;-45.40;0;1
0x663878bb9704160b8d9fee5229221ed101e29ec59a243d2d0d03bf97ddfe5446;LOSS;84,60;-40,15;-47.46;0;1
0x24abb4cfff1e05110aaf66a051979e4bf6d1a0117db06f83285db9ac1dbf86cd;WIN;53,64;7,95;14.82;1;0
0x4ba4f59c6bf6180bd1746c6c049d5311c3e34ab4d1bdba7856a754aa3a2d4c3a;LOSS;98,20;-50,43;-51.35;0;1
0x9a3687f240853cfebf05f2d403a2ff1e8c4ab3304901630a085f0aace54e43cf;WIN;15,77;2,06;13.07;1;0
0x58dd7d12582051d648250e9c021eb805d010738258183ac86401cf06c27009aa;LOSS;96,62;-31,70;-32.81;0;1
0x0bed914de0ca1bc78342ff3f00e4eec10efeee10f9fb7b8952f283b17883ebfa;WIN;49,93;9,83;19.69;1;0
0x8844e5f4277b8876d0ac75fb38e111bf7af05901288e8aeec18083e33049937a;WIN;97,95;11,95;12.20;1;0
0x8fce8bf3ed50975531272f068c4e05894df260d12263839690ab65cb112137a3;WIN;101,27;17,38;17.16;1;0
0x35681ac7047b29879a6a01541deefefac97f179ce7bcc20c306f673512e91180;LOSS;104,23;-60,55;-58.09;0;1
0x50887c2c3bcd72a75b1ee923223e104e4ec1013a930215f09d8c4ce65cecf763;LOSS;88,05;-47,16;-53.56;0;1
0xa7be56a3b349e04601fee45e034e68a0d44c9aa11c94f4ae11cbce118779b28c;WIN;84,56;11,13;13.16;1;0
0xbf68642556c2bd28e3bced69e2f5266c37e59a63e3c89042b2ad78818e6dac44;LOSS;23,05;-13,05;-56.62;0;1
0x02bea548ce0826d2c2519b775239054b14fbc525864465a87dda8629913dcf18;WIN;106,34;17,99;16.92;1;0
0xed05d6ca8ad562ee15732dcfa95d84f1c29af26037b4ac3034cff0cdc1f6a89d;WIN;32,52;6,46;19.86;1;0
0xf0ad96991dc6590afeb10cd927ff0b7728009524dde6f4abd1c5450d28ec96ab;WIN;17,96;2,77;15.40;1;0
0xbdc8362b68b2e30642b0dbb9d561513e17dc1fc9ea2e7102e455517a9fa1b5ed;WIN;13,86;2,24;16.20;1;0
0x8efa9d51d3cdb076ca2988a4526dca1497bbddb4929defdf7d9d4af03f34fcbb;WIN;13,42;1,82;13.59;1;0
0xe7a68232da9057337d9078683b43aec7749a5332d361e5cfef5c5ed0aee4158e;WIN;86,64;14,87;17.17;1;0
0xf1331d219ad116a46a98cbea0410d76bada4a671b43a83a73be5d23c67c4e0bf;WIN;38,77;3,03;7.81;1;0
0xa6cf34ffe522a11d09b60b534bc98ebbc5453e48d3bc126f7c857c7d997c3258;WIN;15,08;2,13;14.14;1;0
0x4e0b5a3433e1dba709afa6051b5f8a2c6dc36a97ab8b66447dd154f1231e19fb;WIN;101,02;7,63;7.56;1;0
0x50aeff5d48ca9182aa541dd199b3d7d31eb8567fa20ee64d00a80526b9288ab8;WIN;63,94;4,87;7.61;1;0
0x72fb4430e865dbb3852a60725f367466a629804fa7d762fd9803990c47c66680;LOSS;59,80;-24,39;-40.79;0;1
0x5cc67c3db8660bb83251210241920ba483fa259569a1806c2c85da9b5cc21347;WIN;35,72;5,35;14.96;1;0
0x2037ae3fa3a774591a6afca6e75d9e9d9c362126fc3be8c2677587688efd6e8f;LOSS;103,98;-80,72;-77.63;0;1
0x440ee06436efb165119d8f1f06efcb7c3a72f45a8a1e26427a5025c9eafa031b;LOSS;59,15;-36,10;-61.03;0;1
0x48875b15f8ef7a322e3160e41a50cd4e58d6c75df1d59ea7fddda5ce9a458601;LOSS;104,28;-80,76;-77.45;0;1
0xe2a116dfb6e07ae70a9b128c1f27e3473d3f4e1371cd8c50588fc944460515f1;LOSS;81,62;-44,20;-54.16;0;1
0x08b897090e7243da6e45ffee76cab1d0df1aad86242173337cbf9202897a8b1a;WIN;17,12;2,73;15.96;1;0
0x967e66bf40c0c2eaa7b9c4a7f60d997ce2eb07e30ff07e25a90f53bb5c70ec57;WIN;16,03;2,13;13.28;1;0
0xdce0934f04eaabc0df9eb8fa4a6c57670cee8f41138b34f87a1814ac6d6a7c5d;WIN;16,05;2,47;15.35;1;0
0x92a73500d701454709b4d67d82c107568645356c61c82e99d554a574b2b02844;WIN;20,57;3,21;15.60;1;0
0x36a8ccba91add67fa31ad170dae5080bc7d456554fa77423e331635efb1824c6;WIN;30,74;4,94;16.07;1;0
0x4a48b241a50958e1f569998e4bd9e053e892f754206b6969a73e53839fcce02c;WIN;99,33;10,94;11.01;1;0
0xc69066bdbd240fe88cd4d0b7e09525b8391749455a122301e311761a44d3db38;WIN;95,85;9,80;10.22;1;0
0xf4f2f20f91fa957a3e6a42d8a84d27888dacb0c8142e9669f5f45eac1fc2193f;WIN;71,72;6,19;8.63;1;0
0x725c40625bd78fd6969a8b6f011888d6ac389956f53e7ad573bacaeace35054e;WIN;97,62;6,33;6.48;1;0
0x676b04bfa321a4265a2b807e8e14a474843d1d83394c622e694007fa2380a63f;WIN;63,74;4,28;6.71;1;0
0x8712b1c9b8c6661aa49e2cfac1533f0ca3065796424d2c4c4de0da995e090936;WIN;18,91;2,58;13.66;1;0
0xcd6b64b3a0ca7176efea04a34e6c29bfcfa7ba4da8c383f713d04efc0a8c81a2;WIN;36,27;5,59;15.42;1;0
0x1306ab77c40d95fa4c70eecc11430c1f9ab83c5d60a2847ad9436b06de70c6c6;WIN;18,94;2,89;15.27;1;0
0x146a6881ddc9ba7bd77400052d7e21cade84da5bfffa7981ff3f54087df4ea6a;WIN;106,93;12,00;11.22;1;0
0xfc88878e2dbc71bd896d98d51c80d6c1b1dd562422b7ba804e427050871be5cd;WIN;16,40;2,69;16.37;1;0
0xea357aef71bb0da1e67ef2acd408bf5c35636666fa53e578be08eb15126d48fb;WIN;81,81;4,18;5.11;1;0
0x1d7af3683e6762ec5b8b8b3ff2164e3225c75b2f2b3279d8fb0f354122c82e08;WIN;103,00;20,21;19.62;1;0
0x81774e86fb562654b2c6d28380a6d762b57caa0186029084d8da5fe46f6f1802;WIN;102,42;9,67;9.44;1;0
0x1c49dd5b35b5bc9551e5f3c1076f2e3706e8dabfefb98e24f7204ed522f0d554;WIN;74,52;15,08;20.24;1;0
0xe0da73c3d529924b80d5bd76e65890ff9d970b4a6958536ffb13609159684331;WIN;98,77;6,49;6.57;1;0
0x1f53663aa2088ceb6e882c466ada81dfd925b4f5f00249232a511259e0603c89;WIN;27,82;4,98;17.88;1;0
0x6bb59bb7763203e35715caffdc4a9fb58793b27902b0e14aa28e13ff7b6f6350;WIN;95,36;7,58;7.95;1;0
0x7421c1052521215d1d148240b2e59db538cc4db64a7c5792756c4266f8aba89d;WIN;52,98;6,26;11.82;1;0
0x7935623b783a76a1a8074172575f2763c459519cd8ffc317d9948075f2205feb;WIN;25,85;3,96;15.33;1;0
0x03fa4ad090a4bf1ce2f0ae66c267c4da599467283045cc7387403b1d40e9d36e;WIN;17,21;2,37;13.78;1;0
0x42fdc6f7b6384bbedeabc3829cde143abf1f3cbbd34377b3722332597e1c110c;WIN;23,22;3,67;15.80;1;0
0x6f7a70c6c72bc2e6658170cb1dcfd6602102aa13c9f536b37d20d008dcad6b1a;WIN;12,23;1,28;10.51;1;0
0xbc9152259f7bcfaac0133f57e9bc8e171cd1e453c3fb512598942052c9a820bf;WIN;14,55;1,78;12.20;1;0
0x59b1b125e2f5b218a544fe861dedfa1c39576e660cedae4232698f7a9323bf68;WIN;11,96;1,55;13.01;1;0
0x7191ebaad8f582a0037a4fecb24234a6a4deadbd833820fa9d3c435c10cd8735;WIN;15,77;2,19;13.92;1;0
0x7308e5481b97670bab09516f2baff0294d4e8cadfba0192c47a9005a7b938de5;WIN;21,07;3,13;14.87;1;0
0xcb052afc05f10c3cf2d01c2d43976b2d1db0caa21fc3f611fd661d499c902629;WIN;30,22;4,99;16.52;1;0
0xa83ab87f250da03338fb4100259c66d3cf7ff02d668871b6f1b900142146b97b;WIN;99,08;5,57;5.63;1;0
0x6efbdc05afae306076cb56ac4f3b310c8589b54201472079d69a6f554a58b010;WIN;104,60;5,46;5.22;1;0
0xe085a5c497029d69bd3b2bbc4258cb9ddf8ceee79eef29cea69f7becd6221a51;WIN;104,54;16,50;15.78;1;0
0xff6907672fb1205492e93c30112af437bb6a0ccf5b34781c5f2367d12c75c942;WIN;94,05;18,07;19.22;1;0
0xae20f869985f16b774d2369805bc33d678b3866c1e78b90d919da16d94046e48;WIN;101,35;15,03;14.83;1;0
0xb766b3c21110f83b7ace5b2310e0086b689645f63e220db1aaa1e0cf0773d5ab;WIN;93,89;16,80;17.89;1;0
0x3d5b3d3cbff6dabbd39a2d82b957c2c2111009ce4e6dcb1c2aab783c43f9492b;WIN;70,36;9,27;13.18;1;0
0x6a0f797e11932c4164cb8e959fcb64fae4cfd1b6798156f570ffdda2a08ee0d7;WIN;101,66;11,06;10.88;1;0
0x787ed7c031d698883181c60da75e1a57163681150b237fd018e685c94486f7fd;WIN;18,58;2,87;15.44;1;0
0x5121b938876d754044bd5c2e8088385a97eea7dc4df1244c803ee2aac172f729;WIN;15,96;2,27;14.26;1;0
0x824d3ac45a4d68dd792621dfb174477ac18fd0cf93db5dd52fc68c3b3151ad16;WIN;15,46;2,02;13.09;1;0
0xc03f8158a779c092a5829a49daf4b43f409802b44f3c07e73beb3bd62b3c60dc;WIN;15,20;2,48;16.30;1;0
0x9328ae7a9a971f59fff7c810281bb6afbb33ab0067c6e682dca053133c820696;WIN;102,12;17,24;16.88;1;0
0x5e1bc8f1dd31ac667b303e164f31d666ea6e65c7dd5867d985a04c88ae1a4047;WIN;89,84;23,16;25.78;1;0
0x000b29e03d1f6b409df4a4e5df52bee091bef80cfd35212349a168feea75e31a;WIN;41,26;6,46;15.66;1;0
0x46c35ab3c870cb94ca64c5c07accbfc169d130565ba61d158f97e1e0922d02d4;WIN;18,79;2,67;14.24;1;0
0x15f903145a4df7da1535cce2e49ffdbe15efa195dc462ae6744940979ecd5062;WIN;100,64;13,66;13.58;1;0
0x1ccff884baeccbd90c7b2dfdfcfdf276255a65f6ca34396e8ffde9117a5f0961;LOSS;61,05;-29,13;-47.71;0;1
0x930ea046a29c367059d3ed5cf3ea9dc4505b15a2a5e386ae43340a7a6c9469bf;WIN;53,11;8,01;15.07;1;0
0xf96daf88c3d45ce773d7a6457c468158429a60a306d18896fac3444ab40f6967;WIN;56,25;9,51;16.90;1;0
0xa0af8cbf840f3d16f4df0a47044188e4e22065431dd2ebb3e6abd2f19b705466;LOSS;81,11;-35,30;-43.52;0;1
0x0539c562d7f55851438811894bae87130c76a9f15d1fddfbbb54c1c085c2d35f;WIN;66,09;10,50;15.88;1;0
0x213b742dec73950f532ccc10a7a2a30a20e9140912b3aad9128ac61cfef26c5a;LOSS;64,69;-20,15;-31.15;0;1
0x5e541b95629eb19d1a80fe8cbae10755167ed28a549b0f6540efa06a11b871ec;WIN;94,95;4,35;4.58;1;0
0x459bee3d809bb5324f8666485ed0cfe487d043ec83f39dcf079301819e06b820;WIN;16,01;2,34;14.64;1;0
0x9a0cbc7123926c4bb5ca82eaad2adb530f6c413eba4daf8260bdb79c738ae3d6;WIN;20,74;3,74;18.05;1;0
0xb3beba45b9eb3d0e61c4721c68443e9242d3e88e7293eab52a4f43cbd0b6b6c5;WIN;58,05;11,89;20.47;1;0
0x84eb46205af4c78eab8e41300c519c103c603710c77095fc9ed4284662d29bd9;WIN;18,53;3,19;17.23;1;0
0x02ba8dc9914ffac14b4759ab2b36888bff6ff864730e24683260db33cfc22e73;WIN;40,88;6,06;14.81;1;0
0xf806169a0aefc6c92cdcdf893d844ebb4677b2081e901586f4941d0f543d3980;WIN;31,54;6,19;19.62;1;0
0x385fd99dd4931926a9f4be332c8acdaa619023319e12dbd484b159d6b801d346;WIN;88,40;8,12;9.18;1;0
0x4316cf7104783cd57519aa8b4bd3ae7337ed8559eec7ae45c90d9bb9d1dc2636;WIN;28,46;5,16;18.14;1;0
0x7cc3a785cfa1660e435ae57886d668a1dd254c7c8c6774b02a3da7becb44db55;LOSS;32,04;-22,04;-68.79;0;1
0xddae204490332643bfb5ec3cc776af264adb9f4e245304355625c792bdde3a85;WIN;104,64;10,87;10.39;1;0
0x24abd4cef3a3747b851b22ab9bd59d73a0953b6dc1102ed1fac379a3c12c4caf;LOSS;61,75;-25,50;-41.30;0;1
0x76212a62cc1776d25ec3dcd6aff7e72a544fa00b4b6eb1d238f48931a2397819;WIN;104,46;9,90;9.48;1;0
0x9a367f2178e0fecc6949e79f8cd0c6a7e8701a44c7e69ef0b47ae25e9d728df3;LOSS;104,66;-39,97;-38.19;0;1
0xc90ad79644d92ea559b3f10cafc5b6aab52a870b73e908be54bb942e2153180d;LOSS;81,99;-64,13;-78.22;0;1
0xe8967e3e726fb18c8a62947db02496cc8558acac7f123124cc49aee273ac4191;WIN;16,81;2,49;14.79;1;0
0x13f5afbeed15ffe06b77b9b5b94f97b457e864b32907ec90283d0e6cb919c2af;WIN;15,63;2,02;12.94;1;0
0xa6fe26ca39a4a8b2d7e2c259cd73495c1c2bc9588bdb20aa5e679467b7cde7ca;WIN;101,75;12,65;12.43;1;0
0xe217ebdf8f24ecdb9ad5170abc19a0ef5e08a4e39fa42de8b7cb27685f1795f8;WIN;22,22;3,27;14.72;1;0
0x287b6c3ae44c6f14db79b12d739b3808dc2aa0001e34ce5a92f7e9698ed79c4d;WIN;15,44;2,95;19.09;1;0
0x0eb90f661c6c6a79fb0d32781a1dd8bd925f832fdfb9dcfd06b0c4dc3ac1d9a4;WIN;13,48;2,19;16.26;1;0
0xa7a802a7650e7a9348c49d19821b6688575eef4c0d8b4abbd98e15070ae19b89;WIN;101,53;10,50;10.34;1;0
0xa725620ce89772de0f76c19026807d607fbd744923a75736d614e45d401616fe;WIN;55,73;8,99;16.13;1;0
0xbdbbd8e99a82b45638def7f314f95afa62dca7c2acfa8130b740b69b0265dee7;WIN;29,63;4,58;15.45;1;0
0xffe41e2bb61cc0767e482317c10ef406cca3eb06774d5533b3993a84da194ebe;WIN;29,15;4,40;15.10;1;0
0xe8b308c2219e50453c7dc88c4034abdf865785bab0343d12d9f483ba1d3d497d;WIN;47,82;6,66;13.94;1;0
0x69eaf4021a12dc1fe3c100c3e59b9c6f4504fbbd0dca31f282271b740090f2b2;LOSS;71,94;-25,72;-35.75;0;1
0xe04992d352d7d048605c281ebe3f31a4abba1a8f3d842f7c26a851667a988c7f;WIN;75,29;12,16;16.15;1;0
0xe3e8e6d0b2b95ee19c825973fa7d51f8dd8044373c4a9371087eebf7338838f3;WIN;94,44;5,61;5.94;1;0
0xcf769f4eea8ac32c4678401bb60bb2b56d4ae042ad93c03a838f8cf5b9527257;WIN;17,99;2,57;14.28;1;0
0xf26584c41b756da44cad661a8c19316981d4229c81692dfd69f3dfe14544ea1c;WIN;73,84;3,19;4.32;1;0
0x32bd977584aada967fe39ec98cab8b177248959add92c1b9d90d814e2a785363;WIN;87,51;13,36;15.26;1;0
0x9455f580dc66ee91dfd70e8e3231f3dac46681c77b38dc674712cec24eaf0036;WIN;16,01;2,01;12.52;1;0
0xa5a198d79578bf3ca51c15d79d66ad74e7f13ac3b8c01ad34265ed78fe55f084;WIN;74,18;13,19;17.78;1;0
0x3ab4a8243b623d6f0e5482f38086e031c787c3a02d215ee6a186db2c989efbb2;WIN;15,08;2,39;15.83;1;0
0x3aa5dc96ca51a79baa602f56472136279477bee3f83acb328214061815cab405;WIN;21,80;3,37;15.44;1;0
0x55d57ce81e9518e5627ad12c7f910f04ad5a760a879bdc34a1de8cec07362e72;WIN;19,26;3,17;16.45;1;0
0x657bd336c2f0e4503581449005eb2837428bef7c6a2400de3eda862e7037b975;WIN;60,17;0,89;1.48;1;0
0xa5c3b6d5c46d6e3463974e2177ea93ff12ba488315fcc74cd1ced3bdb594b608;WIN;42,56;2,74;6.45;1;0
0xa56964ebdcb2a7d246046adf95bbf4f1da389f0b80e014c4fffe3d7ae8ce6810;WIN;74,82;11,13;14.87;1;0
0xe418fba8748955a6b0896bfbf58a4fbaab9b7378d41a05659b3b91ce7057e6dc;WIN;97,84;6,25;6.39;1;0
0x80d262f856bff60bc8d85b17cc3a330cafba80c8c06d820db735f29cff6e89a7;LOSS;65,73;-39,40;-59.94;0;1
0x7571beff56a9d990425306a9185a25665474b92b1cf15bc5232a89aa2221ffa3;LOSS;65,06;-29,51;-45.36;0;1
0x38cc3164fe62fd314082d34f38b4cd277a0d35413b3397c27a9134c6ed142c36;WIN;106,35;17,76;16.70;1;0
0x7cfdfa4502d61edab171e9bd6ceed5a8f3a6f5d6712efccc710f83bb36e9ec5f;WIN;20,95;3,46;16.49;1;0
0xeb4b0aa31ed830a378f046a845f6be2487b45ba5f7bbbd070690cd731ead8da0;WIN;30,39;4,62;15.20;1;0
0xf16e7da09a41fca36ba2285aad19b142f27197cefd9c4bdf43831251738c109c;WIN;106,31;10,92;10.27;1;0
0x677b9eca0618cf89c8447f16d67f0d70c33b5663ac84e81fb5de037c43363e3b;WIN;104,66;17,85;17.06;1;0
0x0cecae9d60e070d169e220792eab0e4227bab4040b2a50442cb25b952582d6bc;WIN;80,72;13,18;16.33;1;0
0xa08bf8f87df0a5282dbd16b5580329ce8781df275f072007614bc9c10ff32b2e;LOSS;103,95;-50,01;-48.11;0;1
0xdb377d5f51a0d04982aa5e8504c09bcd1af71dedbad1544a8ea1ac6b5139a365;WIN;96,01;17,83;18.57;1;0
0xe18151e2ac8ea2934ca6e4f20cd3004d39f8a8b7655b3bbb78bab755095ab734;WIN;14,49;2,73;18.82;1;0
0x8df2d273f9f94a8bdf2c1919db1101d1df4918a3266d1281292d78a939bfd2fb;WIN;9,95;2,02;20.35;1;0
0xcf2f33326d455dd35802892eb87be446199912bce2660ae85a2cf144ad60de2d;WIN;9,51;2,52;26.45;1;0
0xaec93ab969b4896c68da40ba6b3a63d3f6e4e54daf3bdbd2a86356f2ff95ca63;WIN;16,66;3,25;19.49;1;0
0x056c197410cdcb275474d122c3c50a1109b86cb6a7f063a69149bcbf7978fbd2;WIN;15,42;2,29;14.86;1;0
0x2b90d80586e909bbe2ddf5c49e5668a2725c8551cf50dc09eb410c884339e384;WIN;93,43;1,01;1.08;1;0
0x45d1275e94656b587593938cf92cc08754d4ca0ed43cb5d7c15cc4494d36817e;WIN;51,83;8,40;16.20;1;0
0xa782cc49123670667016167bae623539f33e11f88f786bc75da13459c7bbfb90;LOSS;106,05;-0,11;-0.10;0;1
0x77664d8e5ec7cf7741894072d3aaaf171e90ab4668b1b9683ebbefcec9f2b047;LOSS;50,80;-16,42;-32.32;0;1
0xfa5475e98173d96ddc828bdd8a528c3aa9fd9e0cb7943b3e14b7a961a129243c;WIN;64,45;8,99;13.94;1;0
0x42b7a55e553905e6067ae6d62117a6fffbf01cf877342e70403e42a8e7b54aac;WIN;99,38;10,03;10.09;1;0
0x8bee9acb2939e6ad25dce240ea69c19e084db002957b932bb41fc662ef072aa0;WIN;32,90;5,10;15.51;1;0
0x62cfaf7200727398dc05cdb3d0a61c74077cdcec84d7426894263ee8f5273efb;WIN;104,60;6,50;6.22;1;0
0xca06f690c7a1dd02202a330617a69ac0725e1ed2d0a60d3caff3c865d0cb7fc8;WIN;92,90;12,39;13.34;1;0
0x11f006cdba52eb7beaff82320a9864d9c361e6aaf1fa4d89cc62f72af169a857;WIN;44,10;8,06;18.28;1;0
0x955703adcb08a99b3be16aac67a5741889a31a58b7a42cd9b43fbb67b51ad01f;WIN;77,52;12,94;16.69;1;0
0x77eb1511e827f460bb519352139af82a69c75335f52d4195e1913919ccab6e1c;WIN;107,48;14,73;13.71;1;0
0x04618e31853fbc16c21a9e39c27dca16af47e78d1679d048e17b57ed51ae58b8;WIN;35,69;6,01;16.83;1;0
0xdac27039f75e44c2402eeeac9ffeefb2c7cee85096ac2191e8f4303f72f9bd21;WIN;100,31;8,89;8.86;1;0
0x23a8c5ffa77aefb8dd08c8d6e344fe6f995f4c6cb02ab85ebe623b55a1ecfb0b;LOSS;60,44;-50,44;-83.45;0;1
0xa1de00c916c0d5439dd3394f4a49779ba2d09a5fca95297376db70ee6442d2c0;WIN;22,71;3,62;15.93;1;0
0x3f26dc8549679d9a1b1f22196847a252f5db03f6be9c40183d2ae0df90566f3a;WIN;83,34;12,65;15.18;1;0
0x4d7841bab2490b99dc351b682dbae61c8f6839bcb00be5bb4e26b5212d83b1e7;WIN;27,33;4,74;17.34;1;0
0x763d10082d883d627374d429e1294a1f449e7508e9ce3a06462a25fb4506b1e3;WIN;29,29;3,73;12.74;1;0
0xa54acd6e462f391e24757fb744065ac2a03ee57fbe686b999ecae9aa5e913e44;WIN;51,77;10,12;19.56;1;0
0x57c3f04a045c2cdcbe7679e96bf582d89b5a88836e94920245513b4e770acd19;WIN;92,92;18,58;20.00;1;0
0xa72b104e2fc56e63c528f66b6b48fe8b7b1519257b350e0d2a4c52eb81c8dfa4;WIN;61,28;9,52;15.54;1;0
0xbd57598c1820bea70fd9c014c52258a35b5f8f8bcdede07e401c7e06d2a785e0;WIN;11,91;1,72;14.39;1;0
0x81eab016b3585fd15e33ef98105d51c05b509f4c2a6cbc466593ce180ae95c03;WIN;17,03;2,62;15.37;1;0
0xc975c085a1cfbee8372c4e88590b42d9bb6951c27a230656dce95785bc54806f;WIN;18,60;2,59;13.90;1;0
0xdc6ac845d95e7685101a8b448e8f301f2b83244dc42f0ac346059f8b648c5815;WIN;16,19;2,48;15.35;1;0
0x5a8c1d7aa7e3ca897a94dbd6f35aed5dd99e9f392237b0ddf55a030d4351e87f;WIN;16,28;3,57;21.95;1;0
0x37242875fd5494246bebc5e6471f554a86319461b0b86b34db512e791e5e0f03;LOSS;40,74;-24,06;-59.06;0;1
0x39335e6989c07366b21275846eb9962ed8b578dc289088903c7416c412d5e5d4;LOSS;26,56;-7,92;-29.81;0;1
0x70cad64d474b21b0f30d75d1aee08f2f485b262d2ce2cca4da163c1c9a368682;LOSS;68,42;-25,64;-37.48;0;1
0xfcc383f96741a9fa4935416f6f285091363d5827927ef666ce33a6060c2ce591;WIN;87,12;15,01;17.23;1;0
0xa05a71165c43618d1f185e0d91258b564596ed1a51d38920b93784303a74f858;WIN;64,44;8,60;13.34;1;0
0x044a43d6d31b7878e29cbf4ab0f81a41ada907c6320a2b75712cf207f2cd949e;WIN;104,41;11,90;11.40;1;0
0x2bd31eca651ef0296c7a565eea55bc0c5aafa95db09939fd73ea78620f2db5e1;WIN;105,88;13,59;12.83;1;0
0xa04fbff54959b59603d02098a6d0435c5414c7a463636aa22a8434fe9c80c173;WIN;27,57;4,47;16.22;1;0
0x076af2d00121854e3e8a34b9c2de03f25a4efa56e0aaae521ccc0a960711d958;WIN;11,91;1,38;11.58;1;0
0x35e66e9b02dd91a850502cffb863df35a7953accb353d961e3bfe923f7505daf;WIN;13,50;1,95;14.45;1;0
0xa225fa1b489ca5c5a79e1bf9e8ebae96832fce39ababb6fb5c595fc948359fa4;WIN;16,29;2,37;14.53;1;0
0xbf17f9b84c372f4502bd6e6b2a4058ed09b4ce58e4989aa1f636a1bd759c185f;WIN;11,97;1,98;16.52;1;0
0x1f1123da3813a4cf8822e2d002a9827c647f639599d22c0d63ea90cefe8b3fc3;WIN;16,39;2,19;13.37;1;0
0x7a3bb2a4ed1db9a75d2a326273c4388c89b7d170b8ccc9624491b0fca85774ed;WIN;13,99;1,80;12.84;1;0
0xe434e3cc137198e843862c14882b3fd31d590a42d3d8def78adab59e4f6ae1b5;WIN;94,15;14,95;15.88;1;0
0xa00754917239708c1cc2f5a555c64df0fdd742210f797c56312433e48daf513d;WIN;14,22;2,07;14.53;1;0
0x057b486caee0a968d26ca3cb8c4b88d81505f26fa2e8f6d5f765f88a082e5a4a;LOSS;98,48;-35,56;-36.11;0;1
0x9b4b07db5394f3ec3c94990e6ff5e5b0964cc9a1a1d03b410703e5191f368ae7;LOSS;96,37;-70,95;-73.62;0;1
0xd48b93a97976dfffc4051764f66b7406746d10294f9764bffe0c0ade842af8f7;LOSS;104,10;-37,96;-36.46;0;1
0xf247be4de47f55e7b2ce9ed335e7160d1414ee7d29dad01727ebb1f5a45cba51;LOSS;54,84;-37,85;-69.02;0;1
0xdfc7cd0c6c09783ae32fbd7f5ed05735fe27660c68fda3c6c37c6872aa82409d;WIN;38,33;5,97;15.58;1;0
0xdd2bce10651b30326f98a8b41140d830bbb0ff0c1b2692b05a774f8e0adefac7;WIN;49,82;8,29;16.64;1;0
0x2525dcf95bec93ff0f971cf98861d7e5821f37d7dea70f3ba1ee3a206fbfa953;WIN;14,80;2,36;15.98;1;0
0xbe4b7a103f1e8e39898ae07ddaececb88f2dd883dc18ea22d45f0f1beb944125;WIN;42,10;6,53;15.51;1;0
0x39de0c80ae32f5b6f14b8c62119faa146180f3cd3e563218a0b7becc7e44148c;WIN;104,67;20,40;19.48;1;0
0x928dba200c3a16473d1eee33f42a21b5f5fdef49f58e01d73c27237fc6cadd8c;WIN;83,67;2,41;2.88;1;0
0xc3d7de08e2326725d2495e168f44bc66d184d7b088dbf5e7270541adfe867ead;LOSS;103,35;-39,91;-38.62;0;1
0xc548107181c5625dc154acf08eed280769250a98468188640972a279625788f1;WIN;95,38;5,04;5.28;1;0
0x04963c8a7d145694f27529454c76afd1939fb5f7b99a5b2394f35716418412e5;WIN;63,58;11,26;17.71;1;0
0x23357107334ab6efb18190e5dee49706bedd3117d08b0bf636ed41c3c12927d4;WIN;48,78;7,95;16.29;1;0
0xf3096d2af557b5c4fc20bf006ea63b03543995c1d1701e9114267111116bc548;WIN;101,77;10,20;10.02;1;0
0x2e2d5bb55368b0dc260cdf91ef9dceb397e7453977695938d5e0e4f920ae560e;WIN;97,93;2,84;2.90;1;0
0xbf080f4536840ec6d3a57a56c695d12edb622311dda28b77c5d99d0922fbf43e;WIN;101,06;14,46;14.30;1;0
0x5de784e288c4ce271f43bad6226184714cac827e444998a2b0c6be423fa8a407;WIN;76,31;12,55;16.44;1;0
0x6babf4eb2c462784c4c5da613280e081341d9f93a28dc758f1cc489db4117325;WIN;9,63;1,69;17.51;1;0
0xb5e69ec8df5615d087ae979084ea1585a6b9240cfe39f196e3000b02b81a5394;WIN;54,44;9,40;17.26;1;0
0x038b316841314ae75eaf1c7105c6fa96c1660d25aa797af6b5a8c1ead2a284b0;WIN;16,17;2,08;12.89;1;0
0x647c6a2ba6eec5f79e0b9bc6567577d9129d9021f04314a00636713be409f42e;WIN;16,56;2,61;15.77;1;0
0xd41317288d49c2751432c67be2daf3ada33e031bd46e03cb5d284ddaff4354fd;WIN;17,91;3,26;18.18;1;0
0x9a7a81635aeddc5b5e68f58b587a6a7d45898f1518998376c8fbcc449eed2da4;WIN;54,21;8,63;15.91;1;0
0x1ab946aa3d1523e1d23cb0eeec8767761d0da7b5b4ba9052c2d23d9b0cd41b91;WIN;102,12;18,71;18.32;1;0
0x9edadedbc69de7e4ea530987eb3a2572238e5b2dacccc4c0a35aa2136e8dc893;LOSS;104,16;-41,37;-39.72;0;1
0xd4aad3672475241e46761afb29bcfcbad315ae723760acfaff65109fdffbc262;WIN;15,11;2,41;15.94;1;0
0xd8cf91c9e7718bf176be450f9ddaf108c273166fa1fee13f406423da438068ef;WIN;13,18;2,15;16.29;1;0
0xc73859d57141387be10133e63bff171096829fa6a31572cde4e10c5795f8ecba;WIN;46,32;7,23;15.60;1;0
0x2a994b021227142099e775b7d9543436a1fc2428488fee1afdecd5ddb19a5fe0;WIN;100,59;4,61;4.58;1;0
0xeecaa764c8b49374363acc27014c5c5972f089f6528673dccd6974f2c6542827;LOSS;72,55;-23,55;-32.46;0;1
0xf2e7d53706ee26a1f63fc6e3e2dea6b06fce505584bb27701a1a743b7670c5d4;LOSS;51,50;-23,08;-44.82;0;1
0x5551c28a266d851935e7c56c9fc2e1f341328e34d557895bc9167d8e49da0daa;WIN;83,25;13,44;16.15;1;0
0xf6815096fbea318637c6776c9155d1c655589a9910c43c34b75a3b6c0fb8db60;LOSS;61,40;-15,64;-25.47;0;1
0x00d729502998e43db521ff1d865de027d0b2905afffdd5adfa96ac6068ea3edc;WIN;18,18;3,17;17.47;1;0
0x1c39b3ee3c2af156bb6a6f16a759955229276405e6e33aafd826c8766b29692b;WIN;15,24;2,01;13.20;1;0
0x50db95c19f8a1dbf87996d51983a1ec3240c11ab4f88fa0e9bc389a9f98fd416;WIN;32,12;4,51;14.03;1;0
0x72190da59fa9eddb2188f05bd11d9ae9ba362da472c68251bb3aefa488e6cf24;WIN;16,24;2,11;13.00;1;0
0x8c79b730648317032b55a3265b57b6a0926e5a92ec5d2a4693edf327422b2163;WIN;14,96;1,79;11.98;1;0
0x9f77b45a31d88eb31edb58cf1ad7295994db8b65a30c2c6f49865aabad209375;WIN;14,19;2,14;15.04;1;0
0x3efd40e768b33e15fcd880c82cfe817920b0d3dc9c450eedb041e40916e5b400;WIN;15,34;2,02;13.20;1;0
0xf5504d16d076ae095ec998f2f3d86ea9612b99599426f80c5943f796529387f1;WIN;12,18;1,78;14.61;1;0
0x1636bc3022ebde5d4276d2dbbd4b7446721f9d8677955c55a2ef32af854abcbf;WIN;15,03;2,16;14.36;1;0
0xeae21e8641feee91673a08011b386f2fa309fa09471526437b8e317198cbe71f;WIN;13,82;1,97;14.27;1;0
0xaca092066f9a3958dd5b83156c6855b57ecab2592a9e361c0872a48adb1bbd2e;WIN;101,77;10,21;10.03;1;0
0x2c568e24b6e7831633472eb34832f8802220f903664e21b1fbc26f9bb3a4ba31;WIN;37,27;5,83;15.66;1;0
0xd0909f230fe9c25676b35f81a1b2095ddc8c01073e11d8b3e2876d2402cb917a;WIN;102,96;10,48;10.17;1;0
0xe20b7037954fcda8a8b93b05cc3f55ce558a6a2e9af8e55ef200205f542cdbd9;WIN;14,29;2,40;16.76;1;0
0x646a5d5897e6aa8cd103fe497dc436888242965be13d86839247fc23cdb44993;WIN;24,78;3,79;15.31;1;0
0xdaf32b19f04a41368191caf1c540e7e6f0999a5d70283cda6b261958eac077ea;WIN;13,72;1,78;13.01;1;0
0x426caf7de11953dbd1ee315296cd7df3c4d43c1018161a8385c80b6967b803c9;WIN;39,96;2,80;7.01;1;0
0xc1c5bd64c1260e4a4b0997bc1af5a520a3192df96b3d9fb4e617ff1a27028069;WIN;21,73;8,27;38.07;1;0
0x193e6357e63dbc59451484872556b34032bda0a14f5cdaa05c97978ff6e0ce0f;WIN;94,26;19,12;20.28;1;0
0x32252cf8f6565fc764fa2c6cbb8849527d0f0ab7f8c0341aa1b5fed9a2a9ee32;WIN;16,43;2,22;13.54;1;0
0x7f000fe1f5b3cc6ac83e643c49bfa53693d6c9bcfa3209852ef591f3cd6c051d;WIN;16,83;3,44;20.45;1;0
0xd2450fb163823a47761887fccdc69c8313db0a7784853664be7d05aa2ea34cba;LOSS;74,24;-37,39;-50.36;0;1
0x9a67b4072656ea3258d0191010f6c2db0ded0954fd93e83a081323fcb02f8ad4;WIN;15,64;2,35;15.06;1;0
0x0dca76a1234dc3bf8112c80734bc6778c647a39684db9b211a0f72aa3ded3bcf;WIN;43,34;6,01;13.87;1;0
0x2f74a44263ff7cfc11f9b92c448110c876638ff3af081a29b87ad1854e455247;WIN;20,05;2,97;14.82;1;0
0x62c880974d9ee1f62a9ad4ed2315e631442459fadfe3a035a40b4c95b0d485c1;WIN;59,84;9,48;15.84;1;0
0xa53a8a0de9d2cf17a8ecd5f73b24d5f5cf73acf09559ef5bee4380b85e8529ae;WIN;16,93;2,25;13.31;1;0
0xee2dbf07f3940e2d1270011e5a9e4fcd468d3584ad353d6173ae3164f1e7d9c8;WIN;103,87;10,37;9.98;1;0
0x1d2716bbae8e514b6d08c06d135a0967b20e611d364e4e00f29d93096d3ea272;WIN;103,58;19,45;18.78;1;0
0x714cfa92502f87f5c71fa370961de97a4e8904ce28adc7b782cbafa1efbc81c7;WIN;63,10;10,65;16.89;1;0
0xba26f39c3c3400b0d656d67f0ca9ab221a00fb65987c06a37dd368c2cba67f45;WIN;101,26;9,31;9.20;1;0
0x302e3fd2bdd724fe8dae513a0046b38ca953f128cb0f7777b24b9e53c3bd0468;WIN;20,34;3,42;16.82;1;0
0xba7ef44837c0415d86bf2d30dc62f608a6cf8aab76a3b2aa50eab924493cc094;WIN;60,34;5,35;8.86;1;0
0x3ed9c19dc83994eab04a0ced08181ae59420eb8844a841c121eac9319bb48f78;WIN;53,72;8,46;15.75;1;0
0x3a5a8e2e647372e7c2ea042ebd4dc32cb1ba35a91ef7b20662067fa17bbae533;LOSS;103,36;-42,59;-41.21;0;1
0x8fd678cc45a88a939cc2a49c55826a998925d67f69cfb8573a2dd744e954c1f8;WIN;77,92;3,33;4.27;1;0
0x3dbe9bf2f500b74538c2cb0133569228eac06fab14443e7f9dfa70320e243198;LOSS;99,98;-58,48;-58.49;0;1
0xd52323b1ca071067f7d046950f28a14e55aa5a335c182f3da47de1b90aba2233;WIN;102,78;12,51;12.17;1;0
0xa6833b348ae2dfbfcbc0d72255018c41088700db0bc8a6893b4221e8040b97be;WIN;42,84;6,12;14.28;1;0
0xc6e89267beaa4e8911cae7653eb2325971b1101b06eb9119bacf91afa0bb245a;WIN;107,63;8,57;7.96;1;0
0xcf707cccbe206b70188cb2a93c20b26b0109e988ede89029f507e267ee346d93;WIN;36,40;5,12;14.08;1;0
0xe0dcc3ff8d303c41281d888247c43e4cb579e7614f7a64e79ea19601415e84f5;WIN;109,21;12,39;11.35;1;0
0x6f31705f7a92f1bc5d22cb78728c7db1ca1798862c3678065ef13d9199f194a2;WIN;24,16;3,97;16.42;1;0
0x458af93df3f095eb280a99d972d76db581bb4067fbb8dc5e96091be24a6dc21f;WIN;81,96;13,88;16.93;1;0
0x684357ede4a232152be40b138de595806eb444cdf7b8e18ab54ae16a54e04934;WIN;104,53;9,67;9.25;1;0
0xb7d31d3cf7c20fce6ad2c316045947c2d19328be11b182880aa8d4895f969081;LOSS;81,39;-39,96;-49.10;0;1
0x1a44577d8460223c0ec07caa26c1a381073e7bcc77ea2a100bddc93f20ac5c89;WIN;28,00;5,27;18.80;1;0
0x5aef2e0d0a700abb29db122fa58bd5c4fbfc3b74f9103339f7cb56ccccc85711;WIN;35,52;4,28;12.05;1;0
0xdab07c1c12f54de01e472639d9bdbe19f8e232b8373d9441a3e8f3fa5ee447f0;WIN;67,02;4,96;7.40;1;0
0x49a6bf11c3323174e4fbee07eb855852264b14c0c60f5fcc3acb2c968ce51d34;WIN;58,77;2,05;3.48;1;0
0xfaa95e5d391d95ae21f1e7456f574ab63d43c33c07bd260eddf28cd6b5c307b6;WIN;107,56;16,86;15.67;1;0
0xfd0e9285d5536cbd7fdc0cee40a5dbcfb91049103f8bb395a4db3e22b3f55e54;WIN;110,10;14,52;13.19;1;0
0x743a1ff66b3b473b2c5b29f99c520a9b9f47cdfce07edd36e8af91440fde6c81;LOSS;64,65;-31,23;-48.31;0;1
0xa4ddd342e2de56d3f537f1e6c17ccda69eedff6856306b23fedeb1e6afbe55d7;LOSS;57,59;-28,28;-49.11;0;1
0x07a96f82822e590463423ab68ea1300cad663bb73e6a08b600ed0939ddf92df5;WIN;71,71;13,03;18.17;1;0
0x88a2d3cac6d6d2414a314b7273b97a4e2a25e686fdbeb1eecbfcef38108c793d;WIN;16,96;2,82;16.63;1;0
0xdda6fa1cfa7945421d90f88c87e5a7f282b36af6ba99097f9f399c8625db9444;WIN;14,94;2,29;15.33;1;0
0x11fbb09c2d09e4318fe22ddee5674d45d8772e6f0578307acfa6d56d63d6107b;WIN;57,19;8,23;14.38;1;0
0xdd015985e870726ae06fd210d73bb20a7a46d4a482450e97a8f30ba229a1b64b;WIN;39,42;5,94;15.08;1;0
0xa2122056c4e7e47b256d7c33f3ef078d74afe6c223fc660a8d912a18e5adf563;WIN;98,08;8,08;8.24;1;0
0x185296b5c4800aedcd93c0b63c7ad6440db17c72f902b0c24dd3c0d68a16058f;WIN;104,09;14,63;14.06;1;0
0x86a542580f5102143c0d03cf12345141c3aac9b6e48c2afc073f62f8aaa8beec;WIN;75,54;12,36;16.36;1;0
0xb60e8c3b64959f9951714116f32fb4a3b10a0c94fbb7765f1359f21b135b1915;WIN;15,48;1,95;12.57;1;0
0xe7530c89fe8456d279d5c9a0e96406491071142a2c91a2a441272051c28b3fcf;WIN;102,71;11,31;11.02;1;0
0x8446d3e9fbdd9ed186f6f0514ce4f8e279106b01ef91fdff2a77073bdb211aed;WIN;86,96;8,14;9.36;1;0
0xf5c002622419e497cabc2cd40e51cff37ca53f7b98b2ab0135a04aab66d8092a;WIN;22,26;3,52;15.83;1;0
0x6cc96b298b3a30cc9c00b5d14cb10fb5b5d60e4637f541d9a38a68be78bfc933;LOSS;48,27;-15,80;-32.73;0;1
0xff769e476500993811e2bcd88849e7b5a1b4abdfdc8436cb1a46b9607936ed95;WIN;27,38;4,11;15.02;1;0
0x83356f336bb56bc75e2f583460aa3d5e8eff87cfa33f182cfeed613ea3bd69ba;WIN;43,03;5,99;13.92;1;0
0xa14adc451c590b26715681f4876dac7aea0f5794a18d47b403f0af2a2facc92d;WIN;61,17;10,42;17.03;1;0
0x52ca6654bf396c93446e4a31caa1982140e4f38b91b1b86e87872becec081297;WIN;11,78;2,18;18.51;1;0
0x62f6a11cbfd373e12d3ee4b281f4a6054a2a389655706a9e0769663281d9c3af;WIN;14,97;2,08;13.91;1;0
0xe8add35c59b936fd2aec7156367477163a2ebf433ef3b0e68b6035eb4dbbace8;WIN;12,00;1,88;15.71;1;0
0xec811b218079537b46b037f73466b530902b6dce0ddc7a568b87cf7710e9bf2c;WIN;35,04;5,81;16.57;1;0
0x244f3373d704161861d2cf9c11818de426e72056387814cd6673050de82c3317;WIN;81,27;13,51;16.62;1;0
0x008b377e42f6027b6b67151f35dc6df87ed937a559b07c9433fcc46fabd3e2e6;WIN;104,03;10,97;10.54;1;0
0x2013f3afe1362b0ec85e94287fbd955e0cc887b8af20f58f32e43bc0b39dced8;WIN;15,24;2,05;13.45;1;0
0xad8f1053b98b6bfbde077e371798449be8513d9bdd54b866253b730beb574003;WIN;19,28;2,99;15.48;1;0
0x11631fb2a8a89510f0e9baccd717109e999727855b09f959b130d5cf1d1c39f4;LOSS;91,29;-63,40;-69.45;0;1
0x25a4056c3f3bdc3cb47de6615e849a47dc65994798f533e241b859d8b130c7f1;WIN;88,63;14,43;16.28;1;0
0x2eddf4eba12d30e178f08db66a44bb4d7e5e48b1538da7e09204bde9c70c0a18;LOSS;77,72;-26,88;-34.59;0;1
0xc3577f2959713b218331c819d5c80fe070b350ca7d91776a4b1ef0b097418a03;WIN;52,35;7,88;15.06;1;0
0x1fdd41403b800f572c289b11cdd75c0d5a5c6779d460dcb373d105d3f9d30ca7;WIN;106,73;13,09;12.26;1;0
0x436dee7ce00b5f4ea21a730e39371d049a8a1599d618da185e2a3cb4e263b78c;WIN;108,89;16,55;15.20;1;0
0x85fa5a8e07101d415e506f9bbc8ad618dcfe56113ec13684b92243398e5ca838;WIN;105,69;10,44;9.88;1;0
0xff0d71838ede78789d60198e7e616728559ad048361387574dd5792d7a97d74e;WIN;79,38;6,61;8.33;1;0
0xa8b262a0797d0d1990aab2a23ad63ceea0a428ba96decf0805e3bdbf3184c6f8;WIN;44,88;17,22;38.38;1;0
0x1fd79a957cf6265cae4142496a735a2ea781c01f2f7b269e08e5295003e075b0;WIN;60,66;14,38;23.71;1;0
0x390f6efff3d6debc048233a9ddb5934fd7fd57ab3bd3f53dd9348cc9477cca62;WIN;77,55;12,94;16.68;1;0
0xd6533e51fef18b0567770175181f2c177ad2fa72da3edc9884363810a3be4eef;WIN;104,44;13,12;12.56;1;0
0x1ca7fbe49b5e1769aea6bade5e486547e1ec5280cca24a5a36c55e3071a616f8;WIN;61,15;10,61;17.36;1;0
0x42050d60c15f450f1a26768cbb16822a676b0cba8000f2519953030dcdb37d7b;WIN;94,28;14,32;15.19;1;0
0x95330ad19653a1820ea014c0e6c9f44d2d314660eea95835da93b4a5d1ccc37f;WIN;20,01;2,84;14.21;1;0
0x2f1ef5e6c6fc4406e1d987e1b8fb7be3c3780c593aa686d1b56ef3654084939f;WIN;17,53;2,34;13.32;1;0
0x6baa7bddcb58ed569fba5022ad7793ea429f6c5fd3f44f93a5aaa667bbe6a2b0;WIN;13,58;2,46;18.09;1;0
0xc25c5a15586c2c664380acd97def6493fbec163b18bc5a294b7321c1652383bd;WIN;103,12;17,10;16.58;1;0
0xee244aea04db1e9bcf84403e3ff11b282d6046c5f50eaf02b86e388bd4942c87;WIN;102,30;13,77;13.46;1;0
0xf6fca1d77df80442ab83730c9f9eff31acecfe8d4ff1755bd186ebcd68fd0682;LOSS;95,05;-57,27;-60.25;0;1
0x7ebf1cfc235dc1f37b54baa0e4799bcc1baef51cd3f8b2896b6c36d687e51a7a;WIN;62,13;11,33;18.23;1;0
0x824abcdbdcc29ccffd0e00a4d21f322505d6099a1cc5beb9da0e0a2ef3ba6aed;WIN;23,79;4,05;17.04;1;0
0xacf5c0771378186bff9580a58c805d2a4c61fd6098cab31b2627af360a686484;WIN;33,47;6,12;18.30;1;0
0xd6f16d498d1aced61fa5a5726e6c073acb5f96b338bb0a174f3cbf4d661a6a1b;WIN;55,89;8,48;15.17;1;0
0xa79561fc8844345c5a624c47fb52fed84bd1f4434db9e51095b3725fa0cb7ba8;WIN;18,37;2,59;14.12;1;0
0xca17bea16e85a4ca8c9bceba7b250eacf04646798d152673201c702785c039f8;WIN;15,39;2,12;13.76;1;0
0xdb04d6eeba9d6a22aad1d2f0b1267165862e5ffa637759c69e67048003dc2b9c;WIN;17,57;3,06;17.43;1;0
0x370e1f87de7ecbcc292b8af888c6627f0ba22ca24593ff574f0b956efae9e4fb;WIN;16,39;2,62;15.95;1;0
0x0280442eaab18df92b115b2b594b6b474a69d30227057d935d874928acfb21af;LOSS;59,63;-30,92;-51.85;0;1
0x2054ac07de1009ff1cec2463b638afef12724d652f1c404f4edd72fb4af3bc6e;WIN;101,85;9,81;9.63;1;0
0x655bf410822f9391eb3bfbaab4f71f4afd318e486886366dafa371a17f3d4700;WIN;104,62;10,55;10.08;1;0
0x5b6ca04d2e62f5b761e5287de6df5873b2371800e680f3a3c235fccdde1cac3a;WIN;23,28;3,68;15.78;1;0
0xe2f4b65b94a49c474232c73c0be6c2ad180955a3e260281cb9e28bd7447cf879;WIN;96,61;8,55;8.85;1;0
0x58f6b01305baae95dbfb279cbc07ff44d64bfd07f97058c1e76d36b2ec842af8;WIN;97,75;3,81;3.90;1;0
0x7efb5f325e005c5926b4f978d3c06bbedf70344636735e03d7b48358af93e2f7;LOSS;79,76;-45,68;-57.27;0;1
0xba44571ac9515b8bfff98aeddd624912eec92345badf61c254e9650d103d96f8;WIN;82,29;8,07;9.81;1;0
0xef605a278c21c644512c6465309a496733577f2ec762d9e2d1da213644e53a83;WIN;59,63;10,19;17.09;1;0
0x008292581549cb8e2dfd1b7f4c6d5bc1b48ba17c46a90b31da1ab71cd9bc0f85;WIN;75,14;12,71;16.92;1;0
0xb7378bb6347ba5787a0258861f37f583590d5df791aa207eb95dd786f4612319;WIN;22,29;3,55;15.94;1;0
0xf20209ed9f34e40dd1e2a61d4d654d0f02d38e5024bec6c244447ea6ed6e6364;WIN;50,21;8,64;17.20;1;0
0xf3ad77d42c255423b930d14358b9fde8abe514dbc72a13f2e0e8f7c5b3985a02;WIN;109,22;13,16;12.05;1;0
0x25c5449f94ca887337ae0558cd12ce8261effcfcc520366a982175de39f1abd6;WIN;21,04;3,24;15.41;1;0
0x7bba2ef9c1bb9941527ba00f65b7c2983916d6d3531c0fd5edd162be6fc88949;WIN;94,38;14,61;15.48;1;0
0xe35cc337d932b607706c281d7ea99a6cd9e5cebb86f8324716d20af49af99208;WIN;96,61;1,12;1.16;1;0
0xe81a7d42315d04cb4f2a9429fc67bc7e16ea226005a54cfdecddcfd62257be3d;WIN;97,15;9,90;10.19;1;0
0x694dfb969e974049926bef83fe9a96e9d467e4d299c81beffcea1bde94af839d;WIN;13,45;1,85;13.79;1;0
0x2d1b3a6155c423c20726d937744ff157724237d25db64052750e74372d063fff;WIN;16,07;2,13;13.23;1;0
0x8ee214e20841820be482a160859805ac3fb0a058f463b5b8bc8be275cc34cdbc;WIN;14,69;2,36;16.05;1;0
0xfed374a2d8aa907b6a2f0aa6bf69a57064b0a3919f237093cbb1996a2ffed900;WIN;18,15;2,67;14.68;1;0
0x977b6afa7223ebc65884db3329387657376d13b0037afaf193e35c775154956e;WIN;84,98;14,17;16.67;1;0
0x51c1d8f1af113d5bb6147ec823e2a3e5de11e90c979b98b631017e8fad53146e;WIN;9,88;5,07;51.30;1;0
0x564b98e16c670982ca31466c4c250486244bc00b9a50ab413c0f97b85486eca2;WIN;29,84;4,61;15.46;1;0
0xa8fa872edb02074634c80d4fda7df819d02d089f6c3ce9608812aa77a1932e78;WIN;44,98;6,97;15.50;1;0
0xacc3b00d71b959d86f8f015dfd137e5cc8152685f071959aa8ace99c7e432139;LOSS;33,58;-14,80;-44.08;0;1
0x1e875ffd6f49e0372adc104b4489f9e15c8dd33eb839ee88edec43ebf4bb997e;WIN;74,64;15,05;20.16;1;0
0x309f60936b1d2063db0ee9e1de2fb0b116ff46c09ebc003b94d01daa571ea20d;LOSS;98,40;-4,20;-4.27;0;1
0x369b74a3d7a7345207e6458f6065d4d3f98e13d17d5dc6806f075ecd278d060c;LOSS;83,90;-51,90;-61.86;0;1
0x770096e02eb8cc5f80fc4fdffce68b7bcd33aeb84965e7006097841b4443dd77;WIN;15,19;2,03;13.36;1;0
0xddf1dd16293fd67a8258ae889182c2c4344425b57fc7f988a2c072ccd7919a58;WIN;14,94;2,09;13.97;1;0

TOTAL;Win rate: 84.76%;24230.04;288.13;1.19%;356;64