Entry Price;Hedge50 Profit;RF Profit;Arb Profit;Budget Limit;Risk Threshold;Target Loss;Total PnL ($);Total Invested ($);Entry size;Wins;Losses;Total Markets
0,42;0,11;0,15;0,2;105;-0,3;0,05;362,52;23406,76;10;359;61;420
0,42;0,11;0,15;0,2;105;-0,3;-0,01;340,41;24317,66;10;356;64;420
0,42;0,11;0,15;0,2;105;-0,5;-0,01;316,55;24146,45;10;356;64;420
0,42;0,11;0,15;0,2;105;-0,5;-0,08;292,07;23917,11;10;357;63;420
0,42;0,11;0,15;0,2;105;-0,3;-0,08;286,22;24001,28;10;357;63;420
0,42;0,11;0,15;0,2;105;-0,5;0,05;282,51;23460,88;10;357;63;420
0,42;0,16;0,15;0,2;105;-0,3;0,05;221,17;23245,88;10;353;67;420
0,42;0,16;0,15;0,2;105;-0,3;-0,01;217,86;24029,29;10;350;70;420
0,42;0,16;0,15;0,2;105;-0,5;-0,01;200,03;23871,67;10;350;70;420
0,42;0,16;0,15;0,2;105;-0,5;0,05;177,03;23276,14;10;352;68;420
0,42;0,05;0,05;0,35;60;-0,5;0,05;172,76;17160,49;15;353;67;420
0,42;0,05;0,05;0,35;60;-0,5;-0,01;172,04;17157,21;15;351;69;420
0,42;0,16;0,15;0,2;105;-0,3;-0,08;171,88;23933,8;10;350;70;420
0,42;0,05;0,05;0,35;60;-0,5;-0,08;171,84;17152,77;15;351;69;420
0,42;0,05;0,05;0,35;60;-0,3;-0,08;169,87;17154,74;15;351;69;420
0,42;0,05;0,05;0,35;60;-0,3;-0,01;169,83;17159,42;15;351;69;420
0,42;0,05;0,05;0,35;60;-0,3;0,05;169,69;17163,56;15;353;67;420
0,42;0,21;0,15;0,3;105;-0,3;-0,08;165,25;26967,46;10;337;83;420
0,42;0,11;0,1;0,35;105;-0,5;-0,08;165,07;26404,34;10;345;75;420
0,42;0,16;0,15;0,2;105;-0,5;-0,08;164,86;23909,8;10;350;70;420
0,42;0,11;0,1;0,35;105;-0,5;-0,01;164,35;26412,97;10;345;75;420
0,42;0,11;0,1;0,35;105;-0,5;0,05;162,04;26422,12;10;346;74;420
0,42;0,21;0,15;0,3;105;-0,3;-0,01;158,35;26981,79;10;337;83;420
0,42;0,05;0,1;0,35;105;-0,5;-0,08;157,17;25693,74;10;346;74;420
0,42;0,11;0,1;0,35;105;-0,3;-0,08;155,42;26413,99;10;345;75;420
0,42;0,05;0,1;0,35;105;-0,3;-0,08;155,1;25695,81;10;346;74;420
0,42;0,16;0,05;0,25;105;-0,3;-0,08;154,42;22822,16;15;373;47;420
0,42;0,11;0,1;0,35;105;-0,3;-0,01;153,68;26423,64;10;345;75;420
0,42;0,05;0,1;0,35;105;-0,5;-0,01;152,84;25704,57;10;346;74;420
0,42;0,21;0,15;0,3;105;-0,3;0,05;152,75;26993,82;10;338;82;420
0,42;0,16;0,05;0,25;105;-0,3;-0,01;152,14;22832,49;15;373;47;420
0,42;0,21;0,15;0,3;105;-0,5;-0,08;152,14;26951,18;10;337;83;420
0,42;0,16;0,15;0,25;80;-0,3;0,05;151,99;20805,95;10;341;79;420
0,42;0,11;0,1;0,35;105;-0,3;0,05;150,41;26433,75;10;346;74;420
0,42;0,05;0,1;0,35;105;-0,3;-0,01;149,83;25707,58;10;346;74;420
0,42;0,16;0,05;0,25;105;-0,3;0,05;149,77;22841,83;15;373;47;420
0,42;0,16;0,15;0,25;80;-0,3;-0,08;148,02;20835,75;10;340;80;420
0,42;0,16;0,15;0,25;80;-0,3;-0,01;146,88;20812,7;10;340;80;420
0,42;0,21;0,15;0,3;105;-0,5;-0,01;139,69;26963,63;10;337;83;420
0,42;0,16;0,15;0,25;80;-0,5;-0,08;136,02;20817,61;10;340;80;420
0,42;0,05;0,1;0,35;105;-0,5;0,05;133,75;25714,76;10;346;74;420
0,42;0,05;0,1;0,35;105;-0,3;0,05;130,56;25717,95;10;346;74;420
0,42;0,16;0,15;0,25;80;-0,5;-0,01;130,3;20793,08;10;340;80;420
0,42;0,16;0,05;0,25;105;-0,5;-0,08;129,76;22811,44;15;373;47;420
0,42;0,16;0,15;0,25;80;-0,5;0,05;128,77;20787,72;10;340;80;420
0,42;0,21;0,15;0,3;105;-0,5;0,05;127,89;26975,43;10;337;83;420
0,42;0,21;0,15;0,2;105;-0,5;-0,01;127,45;23778,08;10;346;74;420
0,42;0,21;0,05;0,25;105;-0,5;-0,08;122,65;23506,17;15;371;49;420
0,42;0,16;0,05;0,25;105;-0,5;-0,01;121,09;22820,11;15;373;47;420
0,42;0,16;0,05;0,25;80;-0,3;0,05;118,24;16294,24;10;377;43;420
0,42;0,21;0,15;0,2;105;-0,3;-0,01;117,3;23999,83;10;346;74;420
0,42;0,16;0,05;0,25;80;-0,3;-0,01;116,21;16291,02;10;376;44;420
0,42;0,21;0,05;0,25;105;-0,3;-0,08;114,86;23511,77;15;371;49;420
0,42;0,16;0,05;0,25;105;-0,5;0,05;114,05;22827,15;15;372;48;420
0,42;0,21;0,05;0,25;105;-0,5;-0,01;112,93;23515,89;15;371;49;420
0,42;0,16;0,05;0,25;80;-0,3;-0,08;110,74;16290,43;10;376;44;420
0,42;0,21;0,15;0,2;105;-0,5;0,05;107,74;23426,98;10;347;73;420
0,42;0,05;0,05;0,35;80;-0,5;-0,08;107,25;21091,55;15;355;65;420
0,42;0,21;0,05;0,25;105;-0,5;0,05;105,54;23523,28;15;371;49;420
0,42;0,01;0,1;0,3;60;-0,3;0,05;104,32;16783,49;15;340;80;420
0,42;0,05;0,05;0,35;80;-0,3;-0,08;103,54;21095,26;15;355;65;420
0,42;0,21;0,05;0,25;105;-0,3;-0,01;103,01;23523,62;15;371;49;420
0,42;0,21;0,05;0,3;105;-0,5;-0,08;103,01;20766,56;10;374;46;420
0,42;0,05;0,05;0,35;80;-0,5;-0,01;102,82;21095,98;15;355;65;420
0,42;0,21;0,15;0,2;105;-0,5;-0,08;100,1;23682,01;10;345;75;420
0,42;0,21;0,05;0,3;105;-0,3;-0,08;98,86;20770,71;10;374;46;420
0,42;0,05;0,05;0,35;80;-0,3;-0,01;98,51;21100,29;15;355;65;420
0,42;0,21;0,05;0,3;105;-0,5;-0,01;97,08;20772,49;10;374;46;420
0,42;0,21;0,15;0,2;105;-0,3;0,05;95,71;23333,01;10;347;73;420
0,42;0,01;0,1;0,3;60;-0,5;-0,01;94,6;16763,68;15;338;82;420
0,42;0,01;0,1;0,3;60;-0,5;0,05;94,41;16767,81;15;339;81;420
0,42;0,05;0,05;0,35;80;-0,5;0,05;94,01;21104,79;15;355;65;420
0,42;0,21;0,05;0,25;105;-0,3;0,05;93,98;23532,65;15;371;49;420
0,42;0,01;0,1;0,3;60;-0,5;-0,08;93,96;16759,77;15;338;82;420
0,42;0,01;0,1;0,3;60;-0,3;-0,01;93,87;16782,19;15;337;83;420
0,42;0,16;0,05;0,2;60;-0,5;-0,08;93,33;15587,03;15;362;58;420
0,42;0,16;0,05;0,2;60;-0,5;0,05;92,59;15596,36;15;363;57;420
0,42;0,16;0,05;0,2;60;-0,5;-0,01;92,39;15592,57;15;362;58;420
0,42;0,21;0,05;0,3;105;-0,3;-0,01;91,81;20777,76;10;374;46;420
0,42;0,21;0,05;0,3;105;-0,5;0,05;89,83;20779,74;10;374;46;420
0,42;0,16;0,05;0,25;80;-0,5;-0,01;88,92;16282,11;10;376;44;420
0,42;0,16;0,05;0,25;80;-0,5;-0,08;88,84;16282,19;10;376;44;420
0,42;0,05;0,05;0,35;80;-0,3;0,05;88,67;21110,13;15;355;65;420
0,42;0,01;0,1;0,3;60;-0,3;-0,08;88,53;16773,95;15;337;83;420
0,42;0,16;0,05;0,25;80;-0,5;0,05;86,82;16284,21;10;376;44;420
0,42;0,16;0,05;0,2;60;-0,3;-0,08;85,31;15595,05;15;362;58;420
0,42;0,21;0,05;0,3;105;-0,3;0,05;85,07;20784,5;10;374;46;420
0,42;0,16;0,05;0,2;60;-0,3;0,05;84,77;15604,18;15;363;57;420
0,42;0,16;0,05;0,2;60;-0,3;-0,01;83,53;15601,43;15;362;58;420
0,42;0,05;0,1;0,25;60;-0,5;0,05;69,03;15419,41;10;346;74;420
0,42;0,21;0,1;0,3;105;-0,5;-0,08;68,87;24091,93;10;354;66;420
0,42;0,21;0,15;0,2;105;-0,3;-0,08;67,21;23832,24;10;344;76;420
0,42;0,05;0,05;0,35;105;-0,5;-0,01;66,5;20984,13;10;371;49;420
0,42;0,05;0,05;0,35;105;-0,3;-0,01;65,19;20985,44;10;371;49;420
0,42;0,16;0,05;0,35;60;-0,5;-0,08;64,64;15604,22;10;358;62;420
0,42;0,05;0,05;0,35;105;-0,5;-0,08;64,6;20977,03;10;371;49;420
0,42;0,05;0,05;0,35;105;-0,3;-0,08;64,21;20977,42;10;371;49;420
0,42;0,21;0,1;0,3;105;-0,3;-0,08;63,92;24096,88;10;354;66;420
0,42;0,05;0,1;0,25;60;-0,5;-0,01;63,73;15420,7;10;345;75;420
0,42;0,05;0,1;0,25;60;-0,5;-0,08;63,32;15416,47;10;345;75;420
0,42;0,11;0,1;0,2;105;-0,5;-0,08;62,53;21595,89;10;367;53;420
0,42;0,21;0,1;0,3;105;-0,5;-0,01;59,89;24100,91;10;354;66;420
0,42;0,16;0,05;0,35;60;-0,3;-0,08;58,95;15609,91;10;358;62;420
0,42;0,16;0,05;0,35;60;-0,5;-0,01;58,11;15610,75;10;358;62;420
0,42;0,21;0,05;0,35;60;-0,3;-0,01;57,99;15830,5;10;356;64;420
0,42;0,16;0,15;0,2;60;-0,5;-0,01;57,43;17396,39;15;320;100;420
0,42;0,05;0,1;0,25;60;-0,3;0,05;57,32;15431,12;10;346;74;420
0,42;0,11;0,1;0,2;105;-0,3;-0,08;55,67;21602,33;10;367;53;420
0,42;0,21;0,1;0,3;105;-0,3;-0,01;55,39;24105,41;10;354;66;420
0,42;0,05;0,1;0,3;60;-0,5;-0,01;54,8;16122,26;10;337;83;420
0,42;0,21;0,05;0,35;60;-0,3;-0,08;53,53;15821,39;10;356;64;420
0,42;0,21;0,05;0,25;80;-0,3;-0,01;53,4;16815,13;10;372;48;420
0,42;0,05;0,1;0,25;60;-0,3;-0,08;53,32;15426,47;10;345;75;420
0,42;0,21;0,05;0,25;80;-0,3;-0,08;53,26;16809,13;10;372;48;420
0,42;0,11;0,1;0,2;105;-0,5;-0,01;53,16;21605,26;10;367;53;420
0,42;0,05;0,1;0,3;60;-0,5;-0,08;52,9;16120,36;10;337;83;420
0,42;0,16;0,05;0,35;60;-0,3;-0,01;51,94;15616,92;10;358;62;420
0,42;0,16;0,05;0,35;60;-0,5;0,05;51,75;15617,11;10;358;62;420
0,42;0,11;0,1;0,25;60;-0,5;0,05;51,71;15506,11;10;343;77;420
0,42;0,21;0,05;0,25;80;-0,3;0,05;51,54;16822,3;10;373;47;420
0,42;0,05;0,1;0,25;60;-0,3;-0,01;51,52;15432,91;10;345;75;420
0,42;0,11;0,1;0,2;105;-0,5;0,05;51,32;21607,1;10;367;53;420
0,42;0,05;0,05;0,25;60;-0,5;0,05;50,71;13427,28;10;368;52;420
0,42;0,16;0,05;0,35;80;-0,3;0,05;50,69;21539,07;15;354;66;420
0,42;0,05;0,05;0,25;60;-0,5;-0,01;49,55;13424,43;10;367;53;420
0,42;0,11;0,1;0,25;60;-0,5;-0,08;49,52;15499,64;10;342;78;420
0,42;0,11;0,1;0,25;60;-0,5;-0,01;49,23;15504,56;10;342;78;420
0,42;0,11;0,1;0,35;105;-0,5;-0,01;48,29;29751,11;15;334;86;420
0,42;0,21;0,15;0,3;80;-0,5;-0,08;48,12;24156,34;15;318;102;420
0,42;0,05;0,05;0,35;105;-0,5;0,05;47,93;20993,8;10;371;49;420
0,42;0,16;0,1;0,3;105;-0,5;-0,08;47,87;24820,82;10;353;67;420
0,42;0,21;0,1;0,3;105;-0,5;0,05;47,81;24112,99;10;354;66;420
0,42;0,21;0,05;0,35;60;-0,5;-0,01;47,17;15828,47;10;356;64;420
0,42;0,05;0,05;0,25;60;-0,5;-0,08;47,13;13422,21;10;367;53;420
0,42;0,21;0,05;0,35;60;-0,5;0,05;46,96;15836,6;10;358;62;420
0,42;0,21;0,05;0,35;60;-0,5;-0,08;46,75;15819,74;10;356;64;420
0,42;0,05;0,1;0,3;60;-0,3;-0,01;46,67;16130,39;10;337;83;420
0,42;0,11;0,1;0,35;105;-0,5;-0,08;46,67;29735,06;15;334;86;420
0,42;0,01;0,05;0,25;60;-0,5;-0,08;45,73;12508,26;10;374;46;420
0,42;0,05;0,1;0,3;60;-0,3;-0,08;45,69;16127,57;10;337;83;420
0,42;0,05;0,05;0,35;105;-0,3;0,05;45,6;20996,13;10;371;49;420
0,42;0,21;0,15;0,3;80;-0,5;-0,01;45,31;24165,07;15;318;102;420
0,42;0,21;0,05;0,35;60;-0,3;0,05;45,21;15838,35;10;358;62;420
0,42;0,11;0,1;0,35;105;-0,3;-0,08;45,2;29740,92;15;334;86;420
0,42;0,16;0,05;0,35;60;-0,3;0,05;45,07;15623,79;10;358;62;420
0,42;0,11;0,1;0,25;60;-0,3;0,05;44,78;15513,03;10;343;77;420
0,42;0,05;0,15;0,25;60;-0,3;0,05;44,56;16207,28;10;334;86;420
0,42;0,16;0,1;0,3;80;-0,5;-0,01;44,39;22850,52;15;332;88;420
0,42;0,16;0,1;0,3;105;-0,3;-0,08;44,29;24824,4;10;353;67;420
0,42;0,16;0,05;0,35;80;-0,3;-0,01;44,04;21529,76;15;351;69;420
0,42;0,11;0,1;0,2;105;-0,3;-0,01;43,95;21614,37;10;367;53;420
0,42;0,05;0,05;0,25;60;-0,3;0,05;43,54;13434,45;10;368;52;420
0,42;0,16;0,1;0,3;80;-0,5;-0,08;43,34;22845,77;15;332;88;420
0,42;0,05;0,05;0,25;60;-0,3;-0,01;43,13;13430,85;10;367;53;420
0,42;0,05;0,05;0,25;60;-0,3;-0,08;42,46;13426,88;10;367;53;420
0,42;0,01;0,05;0,25;60;-0,3;-0,08;42,45;12511,54;10;374;46;420
0,42;0,11;0,1;0,25;60;-0,3;-0,01;42,34;15511,45;10;342;78;420
0,42;0,21;0,1;0,3;105;-0,3;0,05;42,15;24118,65;10;354;66;420
0,42;0,11;0,1;0,25;60;-0,3;-0,08;41,91;15507,25;10;342;78;420
0,42;0,16;0,1;0,35;60;-0,5;-0,08;41,4;17568,47;10;331;89;420
0,42;0,16;0,1;0,3;80;-0,3;-0,01;41,36;22864,32;15;332;88;420
0,42;0,16;0,1;0,35;60;-0,5;-0,01;40,78;17573,49;10;331;89;420
0,42;0,11;0,1;0,35;105;-0,3;-0,01;40,76;29761,37;15;334;86;420
0,42;0,11;0,05;0,25;60;-0,5;-0,08;40,13;13483,26;10;367;53;420
0,42;0,01;0,05;0,25;60;-0,5;0,05;39,92;12486,55;10;374;46;420
0,42;0,11;0,05;0,25;60;-0,5;0,05;39,9;13492,14;10;368;52;420
0,42;0,11;0,05;0,25;60;-0,5;-0,01;39,37;13488,65;10;367;53;420
0,42;0,01;0,05;0,25;60;-0,5;-0,01;39,17;12483,25;10;373;47;420
0,42;0,21;0,05;0,25;80;-0,5;-0,08;38,15;19973,21;15;360;60;420
0,42;0,01;0,05;0,25;60;-0,3;0,05;37,61;12488,86;10;374;46;420
0,42;0,01;0,05;0,25;60;-0,3;-0,01;37,44;12484,98;10;373;47;420
0,42;0,11;0,05;0,25;60;-0,3;-0,08;37,15;13486,24;10;367;53;420
0,42;0,21;0,05;0,25;80;-0,5;-0,01;36,64;19980,87;15;360;60;420
0,42;0,16;0,1;0,3;105;-0,5;-0,01;35,92;24832,77;10;353;67;420
0,42;0,21;0,05;0,25;80;-0,5;0,05;35,9;19986,93;15;361;59;420
0,42;0,05;0,1;0,3;60;-0,5;0,05;35,85;16124,5;10;337;83;420
0,42;0,11;0,05;0,25;60;-0,3;-0,01;35,54;13492,48;10;367;53;420
0,42;0,11;0,05;0,25;60;-0,3;0,05;34,98;13497,06;10;368;52;420
0,42;0,16;0,1;0,35;60;-0,3;-0,08;34,34;17575,53;10;331;89;420
0,42;0,16;0,1;0,3;80;-0,3;-0,08;33,65;22860,41;15;332;88;420
0,42;0,16;0,05;0,2;105;-0,5;-0,08;33,63;17460,58;10;385;35;420
0,42;0,05;0,15;0,25;60;-0,5;0,05;31,61;16197,05;10;333;87;420
0,42;0,16;0,05;0,35;80;-0,3;-0,08;31,6;21523,77;15;351;69;420
0,42;0,16;0,1;0,3;105;-0,3;-0,01;31,49;24837,2;10;353;67;420
0,42;0,16;0,1;0,35;60;-0,3;-0,01;31,34;17582,93;10;331;89;420
0,42;0,01;0,05;0,3;60;-0,3;0,05;31,03;15866,38;15;359;61;420
0,42;0,21;0,15;0,3;80;-0,3;-0,08;30,91;24173,55;15;318;102;420
0,42;0,01;0,05;0,3;60;-0,3;-0,01;29,92;15859,68;15;357;63;420
0,42;0,05;0,15;0,25;60;-0,3;-0,08;29,59;16216,08;10;332;88;420
0,42;0,11;0,1;0,2;105;-0,3;0,05;29,35;21591,49;10;367;53;420
0,42;0,11;0,1;0,25;80;-0,5;-0,01;29,11;21515,97;15;338;82;420
0,42;0,16;0,05;0,2;105;-0,5;-0,01;28,98;17465,23;10;385;35;420
0,42;0,11;0,1;0,35;105;-0,5;0,05;28,56;29763,78;15;334;86;420
0,42;0,05;0,1;0,3;60;-0,3;0,05;28,42;16131,93;10;337;83;420
0,42;0,21;0,05;0,25;80;-0,5;-0,08;28,37;16806,68;10;372;48;420
0,42;0,21;0,05;0,2;60;-0,5;-0,01;28,3;16471,23;15;360;60;420
0,42;0,21;0,05;0,2;60;-0,5;0,05;28,21;16475,29;15;361;59;420
0,42;0,01;0,05;0,3;60;-0,3;-0,08;28,17;15852,4;15;357;63;420
0,42;0,21;0,05;0,25;80;-0,3;-0,08;28,17;19983,19;15;360;60;420
0,42;0,11;0,1;0,25;80;-0,5;-0,08;28,07;21511,02;15;338;82;420
0,42;0,05;0,1;0,3;80;-0,5;-0,01;28,01;22315,32;15;333;87;420
0,42;0,11;0,1;0,25;80;-0,5;0,05;27,98;21522,26;15;339;81;420
0,42;0,16;0,05;0,2;105;-0,3;-0,08;27,96;17466,25;10;385;35;420
0,42;0,21;0,05;0,2;60;-0,5;-0,08;27,95;16466,98;15;360;60;420
0,42;0,21;0,15;0,3;80;-0,5;0,05;27,9;24167,61;15;318;102;420
0,42;0,16;0,05;0,2;105;-0,5;0,05;25,9;17468,31;10;385;35;420
0,42;0,21;0,05;0,25;80;-0,3;-0,01;25,89;19991,62;15;360;60;420
0,42;0,16;0,1;0,3;105;-0,5;0,05;25,83;24842,86;10;352;68;420
0,42;0,01;0,05;0,3;60;-0,5;-0,08;24,48;15844,48;15;358;62;420
0,42;0,16;0,1;0,3;105;-0,3;0,05;24,38;24844,31;10;352;68;420
0,42;0,21;0,05;0,25;80;-0,3;0,05;24,22;19998,61;15;361;59;420
0,42;0,21;0,15;0,3;80;-0,3;-0,01;24,18;24186,2;15;318;102;420
0,42;0,05;0,15;0,25;60;-0,3;-0,01;24,02;16227,34;10;332;88;420
0,42;0,21;0,05;0,25;80;-0,5;-0,01;23,95;16811,1;10;372;48;420
0,42;0,05;0,15;0,25;60;-0,5;-0,08;23,7;16206,88;10;332;88;420
0,42;0,16;0,15;0,2;60;-0,5;-0,08;23,55;17351,11;15;320;100;420
0,42;0,16;0,05;0,2;105;-0,3;-0,01;21,43;17472,78;10;385;35;420
0,42;0,11;0,15;0,25;105;-0,3;-0,08;21,13;28741,94;15;334;86;420
0,42;0,16;0,1;0,3;80;-0,5;0,05;21,04;22858,89;15;332;88;420
0,42;0,01;0,1;0,25;60;-0,5;-0,08;21;14074,72;10;354;66;420
0,42;0,05;0,1;0,3;80;-0,5;-0,08;20,73;22310,8;15;333;87;420
0,42;0,11;0,05;0,25;80;-0,5;0,05;20,34;18931,57;15;365;55;420
0,42;0,01;0,05;0,3;60;-0,5;-0,01;20,11;15848,85;15;358;62;420
0,42;0,05;0,15;0,25;60;-0,5;-0,01;20,05;16211,88;10;332;88;420
0,42;0,11;0,05;0,25;80;-0,5;-0,08;19,45;18921,31;15;364;56;420
0,42;0,11;0,05;0,25;80;-0,5;-0,01;19,33;18927,41;15;364;56;420
0,42;0,21;0,05;0,2;60;-0,3;-0,08;18,42;16476,51;15;360;60;420
0,42;0,01;0,1;0,25;60;-0,5;0,05;18,35;14049,85;10;354;66;420
0,42;0,11;0,15;0,25;105;-0,3;0,05;18,3;28759,71;15;334;86;420
0,42;0,21;0,05;0,25;80;-0,5;0,05;18,14;16816,91;10;372;48;420
0,42;0,16;0,05;0,25;60;-0,5;-0,08;18,13;16545,66;15;355;65;420
0,42;0,16;0,05;0,2;105;-0,3;0,05;17,51;17476,7;10;385;35;420
0,42;0,21;0,15;0,3;80;-0,3;0,05;16,99;24178,52;15;318;102;420
0,42;0,21;0,05;0,2;60;-0,3;-0,01;16,51;16483,02;15;360;60;420
0,42;0,16;0,15;0,2;60;-0,3;-0,01;16,5;17469,21;15;319;101;420
0,42;0,16;0,1;0,35;60;-0,5;0,05;16,15;17581,94;10;331;89;420
0,42;0,21;0,05;0,2;60;-0,3;0,05;15,98;16487,52;15;361;59;420
0,42;0,11;0,05;0,25;80;-0,3;-0,08;15,82;18924,94;15;364;56;420
0,42;0,21;0,05;0,35;105;-0,5;-0,08;15,61;25893,88;15;361;59;420
0,42;0,01;0,05;0,3;60;-0,5;0,05;14,92;15854,04;15;358;62;420
0,42;0,11;0,05;0,25;80;-0,3;0,05;14,88;18937,03;15;365;55;420
0,42;0,11;0,1;0,25;80;-0,3;0,05;14,77;21535,2;15;339;81;420
0,42;0,01;0,1;0,25;60;-0,3;0,05;14,74;14053,46;10;354;66;420
0,42;0,16;0,05;0,25;60;-0,5;-0,01;14,74;16549,05;15;355;65;420
0,42;0,11;0,05;0,25;80;-0,3;-0,01;14,72;18932,02;15;364;56;420
0,42;0,05;0,1;0,3;80;-0,3;-0,01;14,62;22329,38;15;333;87;420
0,42;0,01;0,1;0,25;60;-0,3;-0,08;14,58;14081,14;10;354;66;420
0,42;0,11;0,1;0,25;80;-0,3;-0,08;14,34;21524,48;15;338;82;420
0,42;0,16;0,05;0,25;60;-0,3;-0,08;14,3;16553,26;15;355;65;420
0,42;0,16;0,05;0,25;60;-0,3;-0,01;14,22;16557,9;15;355;65;420
0,42;0,11;0,1;0,25;80;-0,3;-0,01;13,9;21530,9;15;338;82;420
0,42;0,11;0,05;0,35;60;-0,5;-0,01;13,87;17467,55;15;347;73;420
0,42;0,11;0,05;0,35;60;-0,5;0,05;13,74;17471,74;15;348;72;420
0,42;0,01;0,1;0,25;60;-0,5;-0,01;13,05;14051,1;10;353;67;420
0,42;0,05;0,05;0,3;60;-0,3;0,05;12,94;16833,24;15;352;68;420
0,42;0,11;0,15;0,25;105;-0,3;-0,01;12,61;28758,47;15;334;86;420
0,42;0,05;0,1;0,3;80;-0,5;0,05;11,86;22321,69;15;334;86;420
0,42;0,05;0,1;0,25;60;-0,5;-0,01;11,82;17447,09;15;325;95;420
0,42;0,16;0,05;0,3;80;-0,5;-0,08;11,27;20479,76;15;357;63;420
0,42;0,05;0,1;0,25;60;-0,3;-0,01;11,26;17463,11;15;325;95;420
0,42;0,05;0,1;0,3;80;-0,3;-0,08;11,11;22321,92;15;333;87;420
0,42;0,16;0,05;0,25;60;-0,5;-0,08;11,06;13764,69;10;365;55;420
0,42;0,21;0,05;0,35;105;-0,3;-0,08;11,05;25898,44;15;361;59;420
0,42;0,05;0,1;0,25;60;-0,5;0,05;11;17451,94;15;327;93;420
0,42;0,05;0,05;0,3;60;-0,3;-0,01;10,78;16827,61;15;349;71;420
0,42;0,16;0,05;0,25;60;-0,3;0,05;10,71;16565,35;15;356;64;420
0,42;0,16;0,05;0,25;60;-0,5;0,05;10,64;13773,8;10;366;54;420
0,42;0,16;0,1;0,35;60;-0,3;0,05;10,5;17587,59;10;331;89;420
0,42;0,05;0,1;0,25;60;-0,5;-0,08;10,48;17443,78;15;324;96;420
0,42;0,16;0,05;0,25;60;-0,5;-0,01;10,45;13769,96;10;365;55;420
0,42;0,11;0,05;0,35;60;-0,5;-0,08;10,29;17466,43;15;347;73;420
0,42;0,16;0,05;0,25;60;-0,5;0,05;9,87;16553,92;15;355;65;420
0,42;0,16;0,15;0,2;60;-0,5;0,05;9,32;17256,75;15;321;99;420
0,42;0,16;0,05;0,2;80;-0,5;-0,08;9,09;18418,8;15;370;50;420
0,42;0,16;0,05;0,3;80;-0,5;-0,01;8,82;20482,21;15;357;63;420
0,42;0,11;0,05;0,35;60;-0,3;-0,01;8,5;17472,92;15;347;73;420
0,42;0,11;0,05;0,35;60;-0,3;0,05;7,26;17478,22;15;348;72;420
0,42;0,05;0,05;0,3;60;-0,3;-0,08;7,12;16822,26;15;349;71;420
0,42;0,21;0,05;0,35;105;-0,5;-0,01;7,09;25902,4;15;361;59;420
0,42;0,16;0,05;0,2;80;-0,5;-0,01;6,98;18420,91;15;370;50;420
0,42;0,05;0,15;0,2;105;-0,3;0,05;6,82;22667,46;10;354;66;420
0,42;0,11;0,05;0,2;105;-0,3;-0,08;6,4;17168,91;10;388;32;420
0,42;0,11;0,05;0,2;105;-0,5;-0,08;6,33;17168,98;10;388;32;420
0,42;0,16;0,05;0,25;60;-0,3;-0,08;6,14;13768,08;10;365;55;420
0,42;0,01;0,1;0,25;60;-0,3;-0,01;5,88;14058,27;10;353;67;420
0,42;0,11;0,05;0,35;60;-0,3;-0,08;5,19;17471,53;15;347;73;420
0,42;0,16;0,05;0,3;80;-0,3;-0,08;5,01;20486,02;15;357;63;420
0,42;0,16;0,1;0,3;80;-0,3;0,05;4,69;22871,03;15;332;88;420
0,42;0,11;0,1;0,35;105;-0,3;0,05;4,59;29741;15;334;86;420
0,42;0,21;0,05;0,2;105;-0,5;0,05;4,54;18146,68;10;382;38;420
0,42;0,16;0,05;0,25;60;-0,3;-0,01;4,43;13774,45;10;365;55;420
0,42;0,21;0,05;0,2;105;-0,5;-0,01;4,27;18139,98;10;381;39;420
0,42;0,05;0,1;0,25;60;-0,3;-0,08;4,04;17456,92;15;324;96;420
0,42;0,16;0,15;0,2;60;-0,3;-0,08;3,93;17380,81;15;320;100;420
0,42;0,16;0,05;0,2;80;-0,3;-0,08;3,86;18424,03;15;370;50;420
0,42;0,16;0,05;0,2;80;-0,5;0,05;3,84;18424,05;15;370;50;420
0,42;0,16;0,05;0,25;60;-0,3;0,05;3,68;13779,23;10;366;54;420
0,42;0,21;0,15;0,2;60;-0,3;-0,01;2,41;17987,35;15;314;106;420
0,42;0,16;0,05;0,3;80;-0,5;0,05;1,73;20489,3;15;357;63;420
0,42;0,05;0,1;0,3;105;-0,5;-0,08;1,69;26829,59;15;341;79;420
0,42;0,21;0,05;0,35;105;-0,3;-0,01;1,65;25907,84;15;361;59;420
0,42;0,16;0,05;0,3;80;-0,3;-0,01;1,57;20489,46;15;357;63;420
0,42;0,16;0,05;0,2;80;-0,3;-0,01;1,26;18426,63;15;370;50;420
0,42;0,11;0,15;0,25;105;-0,5;-0,08;0,97;28722,75;15;334;86;420
0,42;0,11;0,05;0,2;105;-0,3;-0,01;0,3;17175,01;10;388;32;420
0,42;0,11;0,05;0,2;105;-0,5;-0,01;0,26;17175,05;10;388;32;420
0,42;0,21;0,05;0,2;105;-0,5;-0,08;-0,18;18136,37;10;381;39;420
0,42;0,11;0,05;0,2;105;-0,3;0,05;-0,2;17175,51;10;388;32;420
0,42;0,11;0,05;0,2;105;-0,5;0,05;-0,56;17175,87;10;388;32;420
0,42;0,16;0,15;0,2;60;-0,3;0,05;-1,53;17262,83;15;321;99;420
0,42;0,16;0,15;0,25;60;-0,5;-0,08;-2,3;18595,63;15;310;110;420
0,42;0,21;0,05;0,2;105;-0,3;-0,01;-2,33;18146,58;10;381;39;420
0,42;0,16;0,05;0,2;80;-0,3;0,05;-2,58;18430,47;15;370;50;420
0,42;0,16;0,05;0,3;60;-0,3;0,05;-3,68;17029,51;15;349;71;420
0,42;0,11;0,15;0,2;60;-0,5;-0,01;-3,82;17389,64;15;314;106;420
0,42;0,21;0,15;0,2;60;-0,5;-0,01;-3,88;17872,54;15;314;106;420
0,42;0,21;0,05;0,35;105;-0,5;0,05;-4,19;25913,68;15;361;59;420
0,42;0,05;0,05;0,3;60;-0,5;-0,08;-4,4;16814,78;15;349;71;420
0,42;0,16;0,05;0,35;80;-0,5;-0,01;-4,82;21521,77;15;351;69;420
0,42;0,21;0,05;0,2;105;-0,3;0,05;-4,86;18156,08;10;382;38;420
0,42;0,21;0,05;0,2;105;-0,3;-0,08;-5,46;18141,65;10;381;39;420
0,42;0,11;0,15;0,2;60;-0,5;-0,08;-5,59;17349,03;15;314;106;420
0,42;0,16;0,05;0,3;80;-0,3;0,05;-6,03;20497,06;15;357;63;420
0,42;0,16;0,05;0,35;80;-0,5;-0,08;-6,07;21516,71;15;351;69;420
0,42;0,05;0,1;0,3;105;-0,3;-0,08;-6,13;26837,41;15;341;79;420
0,42;0,16;0,05;0,3;60;-0,3;-0,01;-6,13;17024,11;15;347;73;420
0,42;0,21;0,15;0,3;60;-0,5;-0,08;-6,89;17503,56;10;319;101;420
0,42;0,16;0,05;0,35;80;-0,5;0,05;-6,98;21529,4;15;352;68;420
0,42;0,05;0,1;0,3;80;-0,5;0,05;-7,04;19873,33;10;345;75;420
0,42;0,05;0,05;0,3;60;-0,5;-0,01;-8,07;16818,45;15;349;71;420
0,42;0,16;0,15;0,3;105;-0,3;-0,08;-9;27608,47;10;336;84;420
0,42;0,05;0,1;0,3;105;-0,5;-0,01;-9,6;26840,88;15;341;79;420
0,42;0,21;0,15;0,3;60;-0,5;-0,01;-9,86;17510,56;10;319;101;420
0,42;0,16;0,05;0,3;60;-0,3;-0,08;-10,23;17019,15;15;347;73;420
0,42;0,21;0,05;0,35;105;-0,3;0,05;-10,32;25919,81;15;361;59;420
0,42;0,16;0,15;0,25;60;-0,5;-0,01;-11,2;18604,53;15;310;110;420
0,42;0,05;0,05;0,3;60;-0,5;0,05;-11,81;16822,19;15;350;70;420
0,42;0,21;0,15;0,2;60;-0,5;-0,08;-11,97;17860,26;15;314;106;420
0,42;0,11;0,15;0,25;105;-0,5;-0,01;-12,15;28735,87;15;334;86;420
0,42;0,05;0,1;0,3;80;-0,3;0,05;-12,92;22315,04;15;334;86;420
0,42;0,21;0,15;0,25;60;-0,5;-0,08;-12,92;18303,84;15;309;111;420
0,42;0,05;0,1;0,3;80;-0,5;-0,01;-13,09;19874,05;10;344;76;420
0,42;0,05;0,1;0,3;80;-0,5;-0,08;-13,26;19868,07;10;344;76;420
0,42;0,16;0,15;0,25;60;-0,5;0,05;-13,54;18606,87;15;310;110;420
0,42;0,05;0,1;0,3;80;-0,3;0,05;-13,72;19880,01;10;345;75;420
0,42;0,11;0,15;0,25;105;-0,5;0,05;-13,77;28737,49;15;333;87;420
0,42;0,16;0,15;0,25;60;-0,3;-0,08;-15,06;18612,16;15;310;110;420
0,42;0,21;0,1;0,2;60;-0,5;-0,01;-15,63;17299,86;15;332;88;420
0,42;0,21;0,1;0,2;60;-0,5;-0,08;-16,07;17295,7;15;332;88;420
0,42;0,16;0,15;0,25;60;-0,3;0,05;-16,56;18622,16;15;311;109;420
0,42;0,16;0,05;0,3;60;-0,5;0,05;-16,59;17014,21;15;348;72;420
0,42;0,05;0,15;0,2;60;-0,5;-0,01;-17,17;17154,11;15;322;98;420
0,42;0,21;0,15;0,2;105;-0,3;-0,01;-17,43;26718,93;15;334;86;420
0,42;0,11;0,15;0,25;60;-0,5;0,05;-17,47;16639,64;10;327;93;420
0,42;0,21;0,1;0,2;60;-0,5;0,05;-17,69;17305,89;15;333;87;420
0,42;0,05;0,1;0,3;105;-0,3;-0,01;-17,7;26848,98;15;341;79;420
0,42;0,16;0,05;0,3;60;-0,5;-0,01;-17,74;17011,46;15;347;73;420
0,42;0,11;0,15;0,2;80;-0,3;-0,01;-17,76;21902,88;15;330;90;420
0,42;0,05;0,1;0,25;60;-0,3;0,05;-17,78;17463,76;15;327;93;420
0,42;0,16;0,15;0,3;105;-0,3;0,05;-17,84;27631,1;10;336;84;420
0,42;0,21;0,1;0,2;105;-0,5;-0,08;-17,87;24386,25;15;351;69;420
0,42;0,21;0,15;0,3;60;-0,3;-0,08;-18,44;17515,11;10;319;101;420
0,42;0,16;0,05;0,3;60;-0,5;-0,08;-18,61;17007,83;15;347;73;420
0,42;0,05;0,1;0,3;105;-0,5;0,05;-18,8;26850,08;15;341;79;420
0,42;0,05;0,1;0,3;80;-0,3;-0,01;-19,29;19880,25;10;344;76;420
0,42;0,21;0,1;0,3;80;-0,5;-0,01;-19,45;22682,3;15;335;85;420
0,42;0,21;0,15;0,3;60;-0,3;-0,01;-19,76;17520,46;10;319;101;420
0,42;0,16;0,1;0,25;60;-0,5;-0,08;-19,84;17893,76;15;326;94;420
0,42;0,05;0,1;0,3;80;-0,3;-0,08;-20,36;19875,17;10;344;76;420
0,42;0,16;0,15;0,25;60;-0,3;-0,01;-20,96;18622,62;15;310;110;420
0,42;0,21;0,15;0,2;60;-0,3;-0,08;-21,11;17876,78;15;314;106;420
0,42;0,11;0,15;0,2;80;-0,5;-0,08;-21,32;21756,97;15;330;90;420
0,42;0,05;0,1;0,35;105;-0,5;-0,08;-21,46;28543,47;15;336;84;420
0,42;0,21;0,1;0,3;80;-0,5;-0,08;-22,01;22678,94;15;335;85;420
0,42;0,11;0,15;0,25;60;-0,5;-0,01;-22,16;16647,43;10;326;94;420
0,42;0,11;0,15;0,2;80;-0,5;-0,01;-22,49;21794,49;15;330;90;420
0,42;0,05;0,05;0,25;60;-0,5;-0,08;-22,54;16159,84;15;355;65;420
0,42;0,21;0,1;0,2;105;-0,5;-0,01;-22,89;24391,27;15;351;69;420
0,42;0,05;0,1;0,35;105;-0,5;-0,01;-22,96;28554,77;15;336;84;420
0,42;0,01;0,05;0,35;60;-0,5;0,05;-23,3;16041,67;15;352;68;420
0,42;0,16;0,15;0,3;105;-0,3;-0,01;-23,71;27630,57;10;336;84;420
0,42;0,11;0,15;0,25;60;-0,3;0,05;-24,52;16646,69;10;327;93;420
0,42;0,01;0,05;0,35;60;-0,5;-0,01;-24,73;16039;15;351;69;420
0,42;0,05;0,05;0,25;60;-0,5;-0,01;-25,35;16162,65;15;356;64;420
0,42;0,05;0,1;0,3;105;-0,3;0,05;-25,83;26857,11;15;341;79;420
0,42;0,01;0,15;0,2;105;-0,3;0,05;-26,24;20319,42;10;362;58;420
0,42;0,05;0,05;0,25;60;-0,5;0,05;-26,39;16163,69;15;357;63;420
0,42;0,16;0,1;0,25;80;-0,3;0,05;-26,5;19107,62;10;354;66;420
0,42;0,16;0,1;0,25;60;-0,5;-0,01;-26,56;17900,48;15;326;94;420
0,42;0,21;0,15;0,3;60;-0,5;0,05;-26,67;17510,85;10;319;101;420
0,42;0,11;0,15;0,25;60;-0,5;-0,08;-26,94;16626,36;10;326;94;420
0,42;0,21;0,1;0,2;105;-0,5;0,05;-27,6;24395,98;15;351;69;420
0,42;0,05;0,1;0,35;105;-0,3;-0,08;-27,69;28549,7;15;336;84;420
0,42;0,16;0,15;0,3;105;-0,5;-0,08;-28,07;27591,59;10;336;84;420
0,42;0,01;0,05;0,35;60;-0,3;0,05;-28,22;16046,59;15;352;68;420
0,42;0,01;0,05;0,35;60;-0,5;-0,08;-28,83;16038,36;15;351;69;420
0,42;0,21;0,15;0,25;60;-0,5;-0,01;-28,91;18309,78;15;308;112;420
0,42;0,21;0,15;0,25;60;-0,5;0,05;-28,93;18313,66;15;309;111;420
0,42;0,05;0,05;0,2;105;-0,5;-0,08;-29,03;16644,03;10;387;33;420
0,42;0,05;0,1;0,35;60;-0,5;-0,08;-29,07;18209,11;15;317;103;420
0,42;0,05;0,1;0,35;60;-0,5;0,05;-29,22;18217,9;15;319;101;420
0,42;0,16;0,1;0,25;60;-0,3;-0,08;-29,37;17907,06;15;326;94;420
0,42;0,01;0,05;0,35;60;-0,3;-0,01;-29,52;16043,79;15;351;69;420
0,42;0,05;0,1;0,35;60;-0,5;-0,01;-29,58;18214,26;15;317;103;420
0,42;0,21;0,15;0,25;80;-0,3;0,05;-29,74;20331,24;10;333;87;420
0,42;0,05;0,05;0,25;60;-0,3;-0,08;-29,79;16167,09;15;355;65;420
0,42;0,16;0,1;0,25;80;-0,3;-0,01;-29,96;19105,83;10;353;67;420
0,42;0,16;0,15;0,25;105;-0,3;-0,08;-30,18;28281,14;15;331;89;420
0,42;0,21;0,1;0,2;60;-0,3;-0,08;-30,38;17310,01;15;332;88;420
0,42;0,05;0,1;0,35;105;-0,3;-0,01;-31;28562,81;15;336;84;420
0,42;0,05;0,05;0,2;105;-0,3;-0,08;-31,12;16646,12;10;387;33;420
0,42;0,01;0,15;0,2;105;-0,5;-0,01;-31,6;20759,32;10;360;60;420
0,42;0,11;0,15;0,25;60;-0,3;-0,01;-31,63;16656,9;10;326;94;420
0,42;0,16;0,1;0,25;60;-0,3;-0,01;-32,6;17914,85;15;326;94;420
0,42;0,21;0,1;0,3;80;-0,3;-0,01;-32,64;22695,49;15;335;85;420
0,42;0,01;0,05;0,35;60;-0,3;-0,08;-32,65;16042,18;15;351;69;420
0,42;0,05;0,05;0,25;60;-0,3;-0,01;-32,77;16170,07;15;356;64;420
0,42;0,16;0,1;0,25;60;-0,5;0,05;-32,77;17906,69;15;326;94;420
0,42;0,05;0,05;0,2;105;-0,5;-0,01;-32,78;16649,28;10;387;33;420
0,42;0,05;0,1;0,35;60;-0,3;-0,08;-33,16;18213,2;15;317;103;420
0,42;0,21;0,1;0,2;60;-0,3;0,05;-33,44;17321,64;15;333;87;420
0,42;0,21;0,1;0,2;60;-0,3;-0,01;-33,53;17317,76;15;332;88;420
0,42;0,21;0,15;0,2;60;-0,5;0,05;-33,82;17800,98;15;315;105;420
0,42;0,16;0,15;0,25;105;-0,3;0,05;-33,88;28248,58;15;331;89;420
0,42;0,21;0,1;0,3;80;-0,3;-0,08;-34,09;22691,02;15;335;85;420
0,42;0,16;0,1;0,25;60;-0,3;0,05;-34,26;17920,45;15;327;93;420
0,42;0,21;0,15;0,3;60;-0,3;0,05;-34,33;17518,51;10;319;101;420
0,42;0,05;0,05;0,25;60;-0,3;0,05;-34,82;16172,12;15;357;63;420
0,42;0,11;0,15;0,2;60;-0,5;0,05;-34,82;17254,42;15;315;105;420
0,42;0,16;0,1;0,25;80;-0,3;-0,08;-35,21;19105,02;10;353;67;420
0,42;0,05;0,1;0,35;60;-0,3;-0,01;-35,28;18219,96;15;317;103;420
0,42;0,05;0,05;0,2;105;-0,3;-0,01;-35,72;16652,22;10;387;33;420
0,42;0,11;0,15;0,25;60;-0,3;-0,08;-35,79;16635,21;10;326;94;420
0,42;0,01;0,15;0,2;105;-0,5;-0,08;-35,8;20712,38;10;360;60;420
0,42;0,05;0,1;0,35;60;-0,3;0,05;-35,84;18224,52;15;319;101;420
0,42;0,11;0,05;0,2;60;-0,3;0,05;-36,03;12856,84;10;374;46;420
0,42;0,01;0,15;0,2;60;-0,5;-0,08;-36,15;15742,04;15;331;89;420
0,42;0,05;0,05;0,2;105;-0,5;0,05;-37,35;16655,14;10;387;33;420
0,42;0,16;0,05;0,3;60;-0,5;-0,08;-37,4;14475,83;10;361;59;420
0,42;0,11;0,15;0,2;80;-0,3;0,05;-37,9;21450,73;15;331;89;420
0,42;0,11;0,05;0,2;60;-0,3;-0,01;-38,4;12855,28;10;373;47;420
0,42;0,11;0,1;0,3;60;-0,5;-0,01;-38,51;16677,1;10;333;87;420
0,42;0,16;0,05;0,3;60;-0,5;-0,01;-38,59;14477,02;10;361;59;420
0,42;0,16;0,05;0,3;60;-0,3;-0,08;-38,99;14477,42;10;361;59;420
0,42;0,11;0,05;0,2;60;-0,3;-0,08;-39,11;12851,45;10;373;47;420
0,42;0,11;0,05;0,25;80;-0,5;-0,08;-39,17;15887,37;10;375;45;420
0,42;0,01;0,1;0,25;60;-0,3;-0,01;-39,53;16216,39;15;335;85;420
0,42;0,05;0,05;0,2;105;-0,3;0,05;-39,78;16657,57;10;387;33;420
0,42;0,11;0,1;0,3;60;-0,5;-0,08;-39,91;16674,63;10;333;87;420
0,42;0,11;0,05;0,25;80;-0,3;-0,08;-39,92;15888,11;10;375;45;420
0,42;0,16;0,05;0,3;60;-0,3;-0,01;-39,99;14478,42;10;361;59;420
0,42;0,16;0,15;0,25;105;-0,5;-0,08;-40;28255,58;15;331;89;420
0,42;0,16;0,15;0,25;105;-0,3;-0,01;-40,28;28248,01;15;331;89;420
0,42;0,21;0,1;0,3;80;-0,5;0,05;-40,87;22688,85;15;335;85;420
0,42;0,21;0,15;0,25;80;-0,3;-0,01;-41;20339,09;10;331;89;420
0,42;0,21;0,15;0,25;60;-0,3;-0,08;-41,67;18327,6;15;309;111;420
0,42;0,11;0,15;0,2;80;-0,3;-0,08;-41,95;21860,48;15;329;91;420
0,42;0,11;0,1;0,3;60;-0,3;-0,01;-42;16682,4;10;333;87;420
0,42;0,21;0,15;0,25;80;-0,3;-0,08;-42,08;20326,75;10;331;89;420
0,42;0,16;0,05;0,3;60;-0,5;0,05;-42,51;14480,94;10;361;59;420
0,42;0,11;0,1;0,3;60;-0,3;-0,08;-42,54;16679,82;10;333;87;420
0,42;0,11;0,05;0,25;80;-0,5;-0,01;-42,8;15891;10;375;45;420
0,42;0,11;0,15;0,2;60;-0,3;-0,01;-42,82;17426,48;15;314;106;420
0,42;0,11;0,15;0,2;60;-0,3;0,05;-43,79;17257,39;15;315;105;420
0,42;0,11;0,05;0,25;80;-0,3;-0,01;-44,42;15892,62;10;375;45;420
0,42;0,01;0,1;0,3;80;-0,3;-0,01;-44,53;20456,38;15;344;76;420
0,42;0,16;0,05;0,3;60;-0,3;0,05;-44,6;14483,03;10;361;59;420
0,42;0,16;0,1;0,35;60;-0,5;-0,08;-45,55;18931,47;15;315;105;420
0,42;0,01;0,1;0,25;60;-0,5;-0,08;-46,26;16197,34;15;335;85;420
0,42;0,11;0,05;0,25;80;-0,5;0,05;-46,67;15894,87;10;375;45;420
0,42;0,05;0,15;0,2;60;-0,5;0,05;-47,05;17033,95;15;323;97;420
0,42;0,01;0,1;0,25;60;-0,5;-0,01;-47,15;16198,23;15;335;85;420
0,42;0,01;0,1;0,3;80;-0,3;-0,08;-47,3;20449,29;15;344;76;420
0,42;0,11;0,1;0,25;105;-0,3;-0,08;-47,42;26248,05;15;349;71;420
0,42;0,16;0,15;0,3;105;-0,5;-0,01;-47,54;27611,06;10;336;84;420
0,42;0,11;0,05;0,25;80;-0,3;0,05;-47,56;15895,76;10;375;45;420
0,42;0,21;0,1;0,2;105;-0,3;0,05;-47,67;24410,47;15;351;69;420
0,42;0,21;0,1;0,2;105;-0,3;-0,08;-48,19;24396,67;15;350;70;420
0,42;0,16;0,05;0,35;105;-0,5;-0,08;-48,51;25420,01;15;362;58;420
0,42;0,16;0,05;0,25;80;-0,5;-0,01;-48,62;19244,11;15;359;61;420
0,42;0,11;0,15;0,2;60;-0,3;-0,08;-48,68;17382,76;15;313;107;420
0,42;0,05;0,1;0,35;105;-0,5;0,05;-48,86;28566,6;15;336;84;420
0,42;0,01;0,15;0,2;105;-0,5;0,05;-49,23;20315,6;10;361;59;420
0,42;0,16;0,05;0,25;80;-0,5;0,05;-49,37;19250,12;15;360;60;420
0,42;0,21;0,1;0,3;80;-0,3;0,05;-49,4;22697,38;15;335;85;420
0,42;0,21;0,05;0,25;60;-0,5;-0,08;-49,41;17004,41;15;353;67;420
0,42;0,16;0,05;0,25;80;-0,3;-0,01;-49,43;19244,92;15;359;61;420
0,42;0,11;0,1;0,25;105;-0,3;0,05;-49,56;26265,13;15;349;71;420
0,42;0,11;0,1;0,25;105;-0,3;-0,01;-49,6;26258,24;15;349;71;420
0,42;0,05;0,15;0,2;60;-0,3;0,05;-49,62;17021,06;15;323;97;420
0,42;0,16;0,05;0,25;80;-0,3;0,05;-49,89;19250,64;15;360;60;420
0,42;0,11;0,15;0,25;80;-0,3;0,05;-49,93;20961,13;10;337;83;420
0,42;0,01;0,1;0,25;60;-0,3;-0,08;-49,98;16213,53;15;335;85;420
0,42;0,16;0,1;0,25;80;-0,5;-0,01;-50,07;19089,74;10;353;67;420
0,42;0,11;0,05;0,25;60;-0,5;-0,08;-50,16;16357,44;15;355;65;420
0,42;0,21;0,05;0,25;60;-0,5;-0,01;-50,16;14209,54;10;361;59;420
0,42;0,21;0,05;0,25;60;-0,5;0,05;-50,18;14213,63;10;362;58;420
0,42;0,16;0,1;0,25;80;-0,5;-0,08;-50,62;19090,29;10;353;67;420
0,42;0,16;0,05;0,35;105;-0,5;-0,01;-50,73;25422,23;15;362;58;420
0,42;0,16;0,15;0,25;60;-0,5;-0,01;-50,84;16411,97;10;321;99;420
0,42;0,16;0,1;0,2;105;-0,3;0,05;-51,03;21599,5;10;362;58;420
0,42;0,21;0,05;0,25;60;-0,5;-0,08;-51,29;14205,97;10;361;59;420
0,42;0,21;0,1;0,2;105;-0,3;-0,01;-51,3;24407,45;15;350;70;420
0,42;0,01;0,1;0,25;60;-0,5;0,05;-51,33;16202,41;15;335;85;420
0,42;0,16;0,15;0,25;60;-0,5;0,05;-51,51;16409,78;10;322;98;420
0,42;0,16;0,1;0,35;60;-0,3;-0,08;-51,77;18937,69;15;315;105;420
0,42;0,16;0,05;0,25;80;-0,5;-0,08;-51,81;19241,23;15;359;61;420
0,42;0,16;0,05;0,25;80;-0,3;-0,08;-51,96;19241,38;15;359;61;420
0,42;0,11;0,05;0,25;60;-0,5;-0,01;-52,61;16359,89;15;355;65;420
0,42;0,16;0,1;0,35;60;-0,5;-0,01;-52,74;18938,66;15;315;105;420
0,42;0,16;0,1;0,25;80;-0,5;0,05;-53,21;19092,88;10;353;67;420
0,42;0,01;0,1;0,3;80;-0,5;-0,01;-53,23;20445,5;15;344;76;420
0,42;0,05;0,15;0,2;60;-0,3;-0,01;-53,25;17235,45;15;321;99;420
0,42;0,01;0,1;0,3;80;-0,5;-0,08;-53,76;20440,41;15;344;76;420
0,42;0,21;0,05;0,3;60;-0,5;-0,08;-53,91;14877,14;10;358;62;420
0,42;0,16;0,15;0,3;105;-0,5;0,05;-53,92;27617,44;10;335;85;420
0,42;0,11;0,05;0,2;60;-0,5;-0,08;-53,93;12843,89;10;373;47;420
0,42;0,11;0,1;0,25;60;-0,3;-0,01;-53,94;17670,04;15;322;98;420
0,42;0,21;0,05;0,25;60;-0,3;-0,01;-53,94;14213,32;10;361;59;420
0,42;0,21;0,05;0,3;80;-0,5;-0,01;-54,05;20945,27;15;357;63;420
0,42;0,11;0,15;0,25;80;-0,3;-0,08;-54,15;21014,35;10;336;84;420
0,42;0,16;0,15;0,25;60;-0,5;-0,08;-54,26;16436,3;10;321;99;420
0,42;0,05;0,1;0,35;80;-0,5;0,05;-54,34;21251,04;10;340;80;420
0,42;0,21;0,05;0,25;60;-0,3;-0,08;-54,46;14209,14;10;361;59;420
0,42;0,16;0,05;0,35;105;-0,3;-0,08;-54,52;25426,02;15;362;58;420
0,42;0,21;0,05;0,25;60;-0,3;0,05;-54,62;14218,07;10;362;58;420
0,42;0,16;0,15;0,25;105;-0,5;-0,01;-54,93;28219,23;15;331;89;420
0,42;0,11;0,1;0,3;60;-0,5;0,05;-55,12;16677,06;10;333;87;420
0,42;0,11;0,15;0,25;80;-0,3;-0,01;-55,18;21013,38;10;336;84;420
0,42;0,11;0,05;0,2;60;-0,5;0,05;-55,28;12845,24;10;373;47;420
0,42;0,05;0,1;0,35;80;-0,5;-0,01;-55,39;21241,46;10;338;82;420
0,42;0,21;0,15;0,25;60;-0,3;-0,01;-55,43;18335,65;15;308;112;420
0,42;0,11;0,05;0,2;60;-0,5;-0,01;-55,6;12845,56;10;373;47;420
0,42;0,21;0,05;0,3;80;-0,5;-0,08;-56,07;20941,37;15;357;63;420
0,42;0,01;0,05;0,2;60;-0,5;0,05;-56,12;14312,93;15;362;58;420
0,42;0,16;0,15;0,25;105;-0,5;0,05;-56,33;28220,63;15;330;90;420
0,42;0,21;0,1;0,25;60;-0,5;-0,08;-56,33;17520,63;15;323;97;420
0,42;0,11;0,05;0,25;60;-0,5;0,05;-56,36;16363,64;15;355;65;420
0,42;0,21;0,15;0,2;60;-0,3;0,05;-56,53;17810,03;15;315;105;420
0,42;0,21;0,05;0,25;60;-0,3;-0,08;-56,61;17011,61;15;353;67;420
0,42;0,16;0,05;0,35;105;-0,3;-0,01;-56,65;25428,15;15;362;58;420
0,42;0,16;0,05;0,35;105;-0,5;0,05;-56,89;25428,39;15;361;59;420
0,42;0,05;0,15;0,2;105;-0,5;-0,01;-57,07;23309,28;10;351;69;420
0,42;0,16;0,05;0,2;60;-0,3;0,05;-57,1;13153,08;10;370;50;420
0,42;0,05;0,1;0,35;105;-0,3;0,05;-57,15;28574,89;15;336;84;420
0,42;0,21;0,05;0,3;60;-0,5;-0,01;-57,15;14880,38;10;358;62;420
0,42;0,16;0,1;0,35;60;-0,5;0,05;-57,16;18943,08;15;315;105;420
0,42;0,11;0,1;0,25;60;-0,3;-0,08;-57,18;17664,48;15;322;98;420
0,42;0,21;0,05;0,3;60;-0,3;-0,08;-57,29;14880,52;10;358;62;420
0,42;0,16;0,15;0,25;60;-0,3;0,05;-57,55;16414,29;10;322;98;420
0,42;0,01;0,05;0,2;60;-0,5;-0,01;-57,6;14310,47;15;361;59;420
0,42;0,11;0,1;0,25;60;-0,5;-0,08;-58,04;17653,15;15;322;98;420
0,42;0,01;0,05;0,2;60;-0,5;-0,08;-58,44;14306,77;15;361;59;420
0,42;0,16;0,15;0,25;60;-0,3;-0,01;-58,62;16418,22;10;321;99;420
0,42;0,16;0,1;0,35;60;-0,3;-0,01;-58,88;18944,8;15;315;105;420
0,42;0,21;0,05;0,25;60;-0,5;-0,01;-59,08;17009,43;15;352;68;420
0,42;0,16;0,05;0,2;60;-0,3;-0,01;-59,63;13151,65;10;369;51;420
0,42;0,21;0,05;0,3;60;-0,3;-0,01;-59,83;14883,06;10;358;62;420
0,42;0,21;0,05;0,25;60;-0,5;0,05;-60,14;17014,35;15;353;67;420
0,42;0,01;0,05;0,2;60;-0,3;0,05;-60,16;14316,97;15;362;58;420
0,42;0,21;0,05;0,3;80;-0,3;-0,01;-60,29;20951,51;15;357;63;420
0,42;0,16;0,05;0,2;60;-0,3;-0,08;-60,56;13148;10;369;51;420
0,42;0,05;0,1;0,35;80;-0,3;0,05;-60,57;21257,27;10;340;80;420
0,42;0,21;0,05;0,3;80;-0,3;-0,08;-60,59;20945,89;15;357;63;420
0,42;0,11;0,05;0,25;60;-0,3;-0,01;-60,9;16364,64;15;354;66;420
0,42;0,16;0,15;0,25;60;-0,3;-0,08;-60,96;16441,47;10;321;99;420
0,42;0,21;0,15;0,25;80;-0,5;0,05;-61,01;20323,72;10;332;88;420
0,42;0,01;0,05;0,2;60;-0,3;-0,08;-61,87;14310,2;15;361;59;420
0,42;0,05;0,1;0,35;80;-0,3;-0,01;-61,94;21248,01;10;338;82;420
0,42;0,16;0,1;0,35;60;-0,3;0,05;-62,25;18948,17;15;315;105;420
0,42;0,11;0,05;0,25;60;-0,3;-0,08;-62,26;16361,51;15;354;66;420
0,42;0,01;0,05;0,2;60;-0,3;-0,01;-62,32;14315,19;15;361;59;420
0,42;0,21;0,15;0,25;80;-0,5;-0,08;-62,35;20319,68;10;331;89;420
0,42;0,11;0,05;0,25;60;-0,3;0,05;-62,42;16370,05;15;355;65;420
0,42;0,21;0,15;0,25;60;-0,3;0,05;-62,45;18330,28;15;309;111;420
0,42;0,11;0,1;0,25;60;-0,5;-0,01;-62,56;17657,67;15;322;98;420
0,42;0,05;0,1;0,35;80;-0,5;-0,08;-62,64;21236,43;10;338;82;420
0,42;0,05;0,1;0,25;105;-0,3;-0,08;-63,31;25810,26;15;348;72;420
0,42;0,05;0,1;0,25;105;-0,3;0,05;-63,35;25824,53;15;349;71;420
0,42;0,21;0,05;0,3;60;-0,5;0,05;-63,35;14886,58;10;358;62;420
0,42;0,11;0,05;0,3;60;-0,3;0,05;-63,56;17020,32;15;351;69;420
0,42;0,01;0,15;0,2;60;-0,5;0,05;-63,61;15642,22;15;332;88;420
0,42;0,16;0,1;0,25;60;-0,5;0,05;-64,28;15438,99;10;337;83;420
0,42;0,16;0,1;0,25;60;-0,5;-0,01;-64,34;15435,02;10;336;84;420
0,42;0,16;0,05;0,35;105;-0,3;0,05;-64,46;25435,96;15;361;59;420
0,42;0,11;0,15;0,2;80;-0,5;0,05;-64,53;21563,35;15;330;90;420
0,42;0,05;0,15;0,2;105;-0,3;-0,01;-64,66;23512,23;10;351;69;420
0,42;0,11;0,05;0,25;105;-0,3;-0,08;-64,78;22413,28;15;372;48;420
0,42;0,21;0,15;0,25;80;-0,5;-0,01;-64,82;20329,43;10;331;89;420
0,42;0,21;0,05;0,3;80;-0,5;-0,08;-65,23;17512,77;10;364;56;420
0,42;0,21;0,05;0,3;80;-0,3;-0,08;-65,26;17512,8;10;364;56;420
0,42;0,11;0,05;0,25;105;-0,3;0,05;-65,8;22429,24;15;372;48;420
0,42;0,11;0,05;0,25;105;-0,3;-0,01;-65,96;22422,47;15;372;48;420
0,42;0,11;0,05;0,3;60;-0,3;-0,01;-66,56;17015,44;15;349;71;420
0,42;0,21;0,1;0,2;105;-0,5;-0,01;-66,6;21593,13;10;357;63;420
0,42;0,21;0,05;0,3;60;-0,3;0,05;-66,71;14889,94;10;358;62;420
0,42;0,16;0,1;0,2;105;-0,3;-0,01;-66,81;21609,77;10;361;59;420
0,42;0,05;0,1;0,25;105;-0,3;-0,01;-66,92;25821,5;15;348;72;420
0,42;0,01;0,15;0,2;105;-0,3;-0,01;-66,94;20826,52;10;360;60;420
0,42;0,11;0,1;0,3;60;-0,3;0,05;-66,99;16665,63;10;333;87;420
0,42;0,16;0,1;0,2;105;-0,3;-0,08;-67,25;21603,85;10;361;59;420
0,42;0,21;0,05;0,25;60;-0,3;-0,01;-67,29;17017,64;15;352;68;420
0,42;0,21;0,05;0,3;80;-0,5;0,05;-67,81;17526,91;10;365;55;420
0,42;0,21;0,05;0,3;80;-0,5;-0,01;-67,93;17521,67;10;364;56;420
0,42;0,11;0,05;0,3;60;-0,3;-0,08;-68,04;17007,81;15;349;71;420
0,42;0,11;0,1;0,25;60;-0,5;0,05;-68,11;17663,22;15;322;98;420
0,42;0,21;0,1;0,2;105;-0,5;0,05;-68,38;21601,88;10;358;62;420
0,42;0,21;0,05;0,3;80;-0,3;-0,01;-68,39;17522,13;10;364;56;420
0,42;0,11;0,1;0,25;60;-0,3;0,05;-68,61;17672,33;15;323;97;420
0,42;0,05;0,1;0,35;80;-0,3;-0,08;-68,7;21242,49;10;338;82;420
0,42;0,01;0,1;0,25;60;-0,3;0,05;-68,71;16217,08;15;336;84;420
0,42;0,21;0,1;0,25;60;-0,5;-0,01;-68,79;17526,05;15;322;98;420
0,42;0,21;0,1;0,2;105;-0,5;-0,08;-69,2;21587,67;10;357;63;420
0,42;0,16;0,1;0,25;60;-0,5;-0,08;-69,35;15435,37;10;336;84;420
0,42;0,21;0,05;0,3;80;-0,3;0,05;-69,5;17528,6;10;365;55;420
0,42;0,21;0,1;0,25;60;-0,5;0,05;-70,28;17531,4;15;323;97;420
0,42;0,21;0,05;0,25;60;-0,3;0,05;-70,52;17024,73;15;353;67;420
0,42;0,16;0,1;0,25;60;-0,3;0,05;-70,79;15443,97;10;337;83;420
0,42;0,16;0,1;0,25;60;-0,3;-0,01;-71,43;15440,58;10;336;84;420
0,42;0,01;0,15;0,2;60;-0,3;-0,08;-72,63;15799,99;15;330;90;420
0,42;0,21;0,05;0,3;80;-0,5;0,05;-73,14;20952,82;15;357;63;420
0,42;0,11;0,1;0,25;105;-0,5;-0,08;-73,17;26234,45;15;349;71;420
0,42;0,21;0,15;0,2;105;-0,3;-0,08;-74,11;26455,76;15;333;87;420
0,42;0,01;0,15;0,2;105;-0,3;-0,08;-74,14;20774,87;10;360;60;420
0,42;0,01;0,15;0,2;60;-0,3;-0,01;-74,39;15973,56;15;330;90;420
0,42;0,01;0,1;0,3;80;-0,5;0,05;-74,43;20451,57;15;344;76;420
0,42;0,11;0,15;0,2;60;-0,3;0,05;-74,68;15690,4;10;330;90;420
0,42;0,21;0,15;0,2;105;-0,3;0,05;-75,41;25979,91;15;336;84;420
0,42;0,16;0,1;0,25;60;-0,3;-0,08;-75,54;15440,03;10;336;84;420
0,42;0,11;0,15;0,25;80;-0,5;-0,08;-75,69;21004,59;10;336;84;420
0,42;0,16;0,05;0,2;60;-0,5;-0,08;-76,14;13142,53;10;369;51;420
0,42;0,05;0,15;0,2;60;-0,5;-0,08;-76,35;17115,77;15;321;99;420
0,42;0,11;0,15;0,2;60;-0,3;-0,01;-76,53;15943,97;10;328;92;420
0,42;0,01;0,15;0,25;60;-0,5;0,05;-77,11;14658,53;10;341;79;420
0,42;0,05;0,15;0,2;60;-0,3;-0,08;-77,44;17139,98;15;320;100;420
0,42;0,01;0,15;0,2;60;-0,3;0,05;-77,56;15646,63;15;332;88;420
0,42;0,01;0,15;0,25;60;-0,5;-0,08;-77,65;14692,35;10;341;79;420
0,42;0,16;0,05;0,2;60;-0,5;-0,01;-77,89;13144,28;10;369;51;420
0,42;0,21;0,1;0,25;60;-0,3;-0,08;-77,98;17537,3;15;323;97;420
0,42;0,16;0,05;0,2;60;-0,5;0,05;-78,27;13144,66;10;369;51;420
0,42;0,16;0,1;0,3;80;-0,5;0,05;-78,51;20223,03;10;340;80;420
0,42;0,16;0,1;0,3;80;-0,5;-0,01;-78,53;20217,82;10;339;81;420
0,42;0,21;0,05;0,3;80;-0,3;0,05;-78,9;20958,58;15;357;63;420
0,42;0,11;0,1;0,25;105;-0,5;-0,01;-79,83;26241,11;15;349;71;420
0,42;0,21;0,1;0,2;105;-0,3;-0,08;-80,15;21598,62;10;357;63;420
0,42;0,21;0,1;0,2;105;-0,3;-0,01;-80,37;21606,9;10;357;63;420
0,42;0,05;0,15;0,2;105;-0,5;-0,08;-80,42;23258,07;10;351;69;420
0,42;0,11;0,15;0,25;80;-0,5;-0,01;-80,52;21001,62;10;336;84;420
0,42;0,01;0,15;0,25;60;-0,3;0,05;-82,04;14663,46;10;341;79;420
0,42;0,16;0,1;0,2;105;-0,5;-0,08;-82,18;21588,41;10;361;59;420
0,42;0,16;0,1;0,3;80;-0,5;-0,08;-84,05;20217,29;10;339;81;420
0,42;0,21;0,05;0,35;60;-0,5;-0,08;-84,41;17799,16;15;341;79;420
0,42;0,21;0,05;0,35;60;-0,5;0,05;-84,51;17807,92;15;342;78;420
0,42;0,21;0,1;0,2;105;-0,3;0,05;-84,55;21553,47;10;358;62;420
0,42;0,21;0,05;0,35;60;-0,5;-0,01;-84,68;17804,08;15;341;79;420
0,42;0,11;0,15;0,25;80;-0,5;0,05;-84,72;20998,7;10;336;84;420
0,42;0,05;0,05;0,2;60;-0,5;0,05;-84,77;15145,16;15;360;60;420
0,42;0,16;0,1;0,2;105;-0,5;-0,01;-84,93;21591,16;10;361;59;420
0,42;0,05;0,15;0,35;105;-0,5;-0,08;-85,01;28074,21;10;328;92;420
0,42;0,05;0,05;0,2;60;-0,5;-0,08;-85,53;15137,38;15;359;61;420
0,42;0,05;0,05;0,2;60;-0,5;-0,01;-85,93;15142,36;15;359;61;420
0,42;0,16;0,05;0,3;105;-0,5;-0,08;-86,05;20096,84;10;374;46;420
0,42;0,05;0,1;0,25;105;-0,5;-0,08;-86,17;25795,85;15;348;72;420
0,42;0,05;0,15;0,2;105;-0,5;0,05;-86,27;22700,91;10;352;68;420
0,42;0,01;0,15;0,25;60;-0,3;-0,08;-86,29;14700,99;10;341;79;420
0,42;0,11;0,15;0,2;60;-0,5;-0,01;-86,29;15854,18;10;328;92;420
0,42;0,05;0,05;0,2;60;-0,3;0,05;-86,62;15147,01;15;360;60;420
0,42;0,11;0,1;0,25;105;-0,5;0,05;-86,73;26248,01;15;348;72;420
0,42;0,01;0,1;0,3;60;-0,5;-0,01;-86,81;14623,95;10;345;75;420
0,42;0,05;0,05;0,2;60;-0,3;-0,08;-86,95;15138,8;15;359;61;420
0,42;0,21;0,1;0,25;105;-0,5;-0,08;-87,32;25982,51;15;345;75;420
0,42;0,05;0,05;0,2;60;-0,3;-0,01;-88,44;15144,87;15;359;61;420
0,42;0,11;0,15;0,2;60;-0,3;-0,08;-88,53;15884,76;10;328;92;420
0,42;0,21;0,15;0,2;105;-0,5;-0,01;-88,54;26429,48;15;333;87;420
0,42;0,16;0,05;0,3;105;-0,3;-0,08;-89,39;20100,18;10;374;46;420
0,42;0,21;0,1;0,25;60;-0,3;-0,01;-89,49;17546,1;15;322;98;420
0,42;0,01;0,15;0,25;60;-0,5;-0,01;-90,12;14667,49;10;340;80;420
0,42;0,11;0,1;0,25;80;-0,3;0,05;-90,33;19084,31;10;352;68;420
0,42;0,01;0,15;0,2;60;-0,5;-0,01;-91;15788,17;15;330;90;420
0,42;0,16;0,1;0,2;105;-0,5;0,05;-91,08;21597,31;10;361;59;420
0,42;0,01;0,1;0,2;60;-0,5;0,05;-91,1;15396,1;15;342;78;420
0,42;0,21;0,05;0,35;60;-0,3;-0,08;-91,25;17806;15;341;79;420
0,42;0,01;0,1;0,3;60;-0,3;-0,01;-91,36;14628,5;10;345;75;420
0,42;0,21;0,05;0,35;60;-0,3;-0,01;-91,45;17810,85;15;341;79;420
0,42;0,11;0,15;0,25;80;-0,5;0,05;-91,49;23034,35;15;320;100;420
0,42;0,11;0,05;0,3;60;-0,5;-0,08;-91,52;16992,86;15;349;71;420
0,42;0,05;0,15;0,35;105;-0,3;-0,08;-91,6;28080,8;10;328;92;420
0,42;0,01;0,1;0,3;60;-0,5;-0,08;-91,82;14620,6;10;345;75;420
0,42;0,21;0,1;0,25;80;-0,3;0,05;-92,08;18822,73;10;348;72;420
0,42;0,21;0,1;0,25;80;-0,3;-0,08;-92,21;18811,41;10;347;73;420
0,42;0,11;0,05;0,25;105;-0,5;-0,08;-92,28;22401,43;15;372;48;420
0,42;0,16;0,1;0,35;105;-0,5;-0,01;-92,35;26354,39;10;341;79;420
0,42;0,11;0,15;0,25;80;-0,5;-0,08;-92,48;23024,19;15;319;101;420
0,42;0,05;0,15;0,3;105;-0,5;-0,08;-92,63;26650,39;10;337;83;420
0,42;0,21;0,15;0,35;60;-0,5;-0,08;-92,86;18414,25;10;310;110;420
0,42;0,21;0,05;0,35;105;-0,5;-0,08;-93,14;22192;10;368;52;420
0,42;0,21;0,1;0,3;60;-0,5;-0,01;-93,28;16273,77;10;334;86;420
0,42;0,21;0,1;0,25;80;-0,3;-0,01;-93,43;18818,77;10;347;73;420
0,42;0,21;0,05;0,35;60;-0,3;0,05;-93,47;17816,88;15;342;78;420
0,42;0,05;0,1;0,25;105;-0,5;-0,01;-93,63;25803,31;15;348;72;420
0,42;0,16;0,05;0,3;105;-0,5;-0,01;-94,11;20104,9;10;374;46;420
0,42;0,11;0,1;0,25;80;-0,3;-0,08;-94,22;19077,37;10;351;69;420
0,42;0,21;0,05;0,35;105;-0,5;-0,01;-94,38;22201,43;10;368;52;420
0,42;0,21;0,05;0,35;105;-0,3;-0,08;-94,43;22193,29;10;368;52;420
0,42;0,01;0,15;0,3;60;-0,5;0,05;-94,48;17121,88;15;322;98;420
0,42;0,21;0,1;0,3;60;-0,5;-0,08;-94,61;16271,07;10;334;86;420
0,42;0,11;0,1;0,25;80;-0,3;-0,01;-94,85;19083,8;10;351;69;420
0,42;0,16;0,1;0,35;105;-0,5;-0,08;-95,12;26349,13;10;341;79;420
0,42;0,21;0,05;0,35;105;-0,3;-0,01;-95,55;22202,6;10;368;52;420
0,42;0,01;0,05;0,2;60;-0,3;-0,08;-95,65;11990,21;10;376;44;420
0,42;0,01;0,1;0,2;60;-0,5;-0,08;-95,65;15392,17;15;341;79;420
0,42;0,01;0,05;0,2;60;-0,5;-0,08;-95,69;11990,25;10;376;44;420
0,42;0,01;0,15;0,3;60;-0,5;-0,08;-95,85;17114,76;15;321;99;420
0,42;0,11;0,05;0,3;60;-0,5;-0,01;-95,93;16997,27;15;349;71;420
0,42;0,16;0,1;0,3;80;-0,3;-0,01;-96,08;20235,37;10;339;81;420
0,42;0,21;0,1;0,25;105;-0,5;-0,01;-96,16;25991,35;15;345;75;420
0,42;0,01;0,1;0,3;60;-0,3;-0,08;-96,27;14625,05;10;345;75;420
0,42;0,01;0,1;0,25;80;-0,5;-0,08;-96,36;19447,47;15;346;74;420
0,42;0,01;0,1;0,3;80;-0,3;0,05;-96,4;20439,59;15;344;76;420
0,42;0,01;0,05;0,2;60;-0,5;-0,01;-96,47;11991,72;10;376;44;420
0,42;0,11;0,15;0,2;60;-0,5;0,05;-96,48;15681,35;10;329;91;420
0,42;0,01;0,1;0,2;60;-0,5;-0,01;-96,83;15397,89;15;341;79;420
0,42;0,05;0,15;0,3;105;-0,5;0,05;-97,14;26668,93;10;337;83;420
0,42;0,05;0,1;0,25;105;-0,5;0,05;-97,46;25807,14;15;348;72;420
0,42;0,11;0,05;0,25;105;-0,5;-0,01;-97,57;22406,72;15;372;48;420
0,42;0,01;0,15;0,3;60;-0,5;-0,01;-97,58;17121,04;15;321;99;420
0,42;0,21;0,1;0,35;60;-0,3;-0,08;-97,59;17341,14;10;327;93;420
0,42;0,21;0,1;0,25;105;-0,3;-0,08;-97,81;25990,81;15;345;75;420
0,42;0,01;0,1;0,25;80;-0,5;0,05;-98,05;17488,22;10;361;59;420
0,42;0,21;0,05;0,35;105;-0,5;0,05;-98,12;22212,25;10;369;51;420
0,42;0,01;0,05;0,2;60;-0,3;-0,01;-98,44;11993,69;10;376;44;420
0,42;0,11;0,15;0,2;60;-0,5;-0,08;-98,54;15820,57;10;328;92;420
0,42;0,11;0,15;0,25;80;-0,5;-0,01;-98,55;23036,24;15;319;101;420
0,42;0,16;0,05;0,3;105;-0,3;-0,01;-98,62;20109,41;10;374;46;420
0,42;0,21;0,1;0,35;60;-0,5;-0,08;-98,64;17336,98;10;327;93;420
0,42;0,16;0,1;0,35;105;-0,5;0,05;-98,72;26367,7;10;342;78;420
0,42;0,16;0,1;0,3;80;-0,3;0,05;-98,9;20243,42;10;340;80;420
0,42;0,11;0,05;0,3;60;-0,5;0,05;-99,05;17000,39;15;349;71;420
0,42;0,16;0,1;0,3;80;-0,3;-0,08;-99,11;20232,35;10;339;81;420
0,42;0,16;0,1;0,35;105;-0,3;-0,01;-99,28;26361,32;10;341;79;420
0,42;0,01;0,15;0,25;60;-0,3;-0,01;-99,8;14677,17;10;340;80;420
0,42;0,21;0,05;0,35;105;-0,3;0,05;-99,83;22213,96;10;369;51;420
0,42;0,05;0,15;0,3;105;-0,5;-0,01;-99,98;26663,74;10;337;83;420
0,42;0,21;0,1;0,3;60;-0,3;-0,01;-100,03;16280,52;10;334;86;420
0,42;0,21;0,15;0,2;105;-0,5;0,05;-100,07;25990,86;15;335;85;420
0,42;0,21;0,15;0,25;105;-0,5;0,05;-100,24;24942,66;10;339;81;420
0,42;0,21;0,1;0,25;60;-0,3;0,05;-100,4;17544,62;15;323;97;420
0,42;0,05;0,15;0,35;105;-0,5;-0,01;-100,49;28090,89;10;328;92;420
0,42;0,05;0,15;0,2;105;-0,3;-0,08;-100,82;23321,92;10;351;69;420
0,42;0,16;0,1;0,35;105;-0,3;-0,08;-101,1;26355,11;10;341;79;420
0,42;0,01;0,1;0,2;60;-0,3;0,05;-101,37;15406,37;15;342;78;420
0,42;0,01;0,1;0,25;80;-0,5;-0,01;-101,48;17485,45;10;360;60;420
0,42;0,21;0,1;0,3;60;-0,3;-0,08;-101,54;16278;10;334;86;420
0,42;0,21;0,15;0,35;60;-0,3;-0,08;-101,71;18425,32;10;310;110;420
0,42;0,01;0,1;0,3;60;-0,5;0,05;-101,95;14626,33;10;346;74;420
0,42;0,21;0,15;0,35;60;-0,5;0,05;-102,37;18429,13;10;312;108;420
0,42;0,16;0,05;0,3;105;-0,5;0,05;-102,41;20113,2;10;373;47;420
0,42;0,11;0,05;0,25;105;-0,5;0,05;-102,45;22411,6;15;371;49;420
0,42;0,05;0,05;0,2;60;-0,3;0,05;-102,85;12720,49;10;371;49;420
0,42;0,05;0,1;0,35;60;-0,5;-0,01;-102,95;17146,41;10;329;91;420
0,42;0,05;0,15;0,3;105;-0,3;-0,08;-103,31;26661,07;10;337;83;420
0,42;0,05;0,1;0,35;60;-0,5;-0,08;-103,55;17142,72;10;329;91;420
0,42;0,01;0,1;0,25;80;-0,3;-0,08;-103,63;19454,74;15;346;74;420
0,42;0,21;0,1;0,25;105;-0,5;0,05;-103,63;25998,82;15;345;75;420
0,42;0,05;0,05;0,2;60;-0,3;-0,08;-103,76;12713,03;10;370;50;420
0,42;0,01;0,1;0,25;80;-0,5;-0,01;-103,82;19454,93;15;346;74;420
0,42;0,01;0,1;0,2;60;-0,3;-0,08;-103,98;15400,5;15;341;79;420
0,42;0,05;0,05;0,2;60;-0,3;-0,01;-104,17;12717,93;10;370;50;420
0,42;0,01;0,15;0,3;60;-0,3;-0,01;-104,71;17145,4;15;321;99;420
0,42;0,01;0,15;0,3;60;-0,3;0,05;-104,9;17141,16;15;324;96;420
0,42;0,05;0,1;0,25;80;-0,5;-0,08;-105,15;21146,51;15;337;83;420
0,42;0,16;0,05;0,3;105;-0,3;0,05;-105,43;20116,22;10;373;47;420
0,42;0,21;0,15;0,25;105;-0,5;-0,08;-105,67;24958,83;10;337;83;420
0,42;0,16;0,05;0,3;80;-0,5;0,05;-105,82;17151,87;10;367;53;420
0,42;0,11;0,15;0,25;80;-0,3;0,05;-105,84;23048,43;15;320;100;420
0,42;0,01;0,1;0,25;80;-0,3;0,05;-106,22;17496,39;10;361;59;420
0,42;0,11;0,1;0,3;80;-0,5;-0,08;-106,22;22600,6;15;327;93;420
0,42;0,01;0,1;0,3;60;-0,3;0,05;-106,24;14630,62;10;346;74;420
0,42;0,01;0,1;0,25;80;-0,5;-0,08;-106,47;17486,06;10;360;60;420
0,42;0,16;0,1;0,35;105;-0,3;0,05;-106,53;26375,51;10;342;78;420
0,42;0,16;0,05;0,3;80;-0,5;-0,01;-106,55;17147,38;10;366;54;420
0,42;0,21;0,05;0,2;105;-0,5;-0,08;-106,65;22005,72;15;370;50;420
0,42;0,01;0,05;0,2;60;-0,5;0,05;-106,69;11968,66;10;375;45;420
0,42;0,21;0,15;0,35;60;-0,5;-0,01;-107,29;18422,28;10;309;111;420
0,42;0,01;0,1;0,25;80;-0,5;0,05;-107,31;19458,42;15;346;74;420
0,42;0,01;0,05;0,2;60;-0,3;0,05;-107,67;11969,64;10;375;45;420
0,42;0,16;0,05;0,3;80;-0,5;-0,08;-107,71;17142,48;10;366;54;420
0,42;0,01;0,1;0,2;60;-0,3;-0,01;-107,87;15408,93;15;341;79;420
0,42;0,11;0,1;0,3;80;-0,5;-0,01;-107,87;22607,97;15;327;93;420
0,42;0,21;0,15;0,25;105;-0,3;0,05;-108,26;24884,67;10;339;81;420
0,42;0,05;0,15;0,35;105;-0,3;-0,01;-108,33;28098,73;10;328;92;420
0,42;0,05;0,15;0,3;105;-0,3;0,05;-108,65;26680,44;10;337;83;420
0,42;0,11;0,15;0,25;80;-0,3;-0,08;-108,87;23040,31;15;319;101;420
0,42;0,05;0,15;0,25;80;-0,3;0,05;-108,99;20616,32;10;339;81;420
0,42;0,21;0,1;0,35;60;-0,3;-0,01;-109,03;17350,6;10;326;94;420
0,42;0,21;0,1;0,25;80;-0,5;-0,08;-109,37;21537,21;15;333;87;420
0,42;0,21;0,1;0,25;105;-0,3;-0,01;-109,43;26002,43;15;345;75;420
0,42;0,21;0,1;0,35;60;-0,3;-0,08;-109,73;18752,3;15;314;106;420
0,42;0,01;0,15;0,3;60;-0,3;-0,08;-109,96;17132,66;15;321;99;420
0,42;0,21;0,1;0,35;60;-0,5;-0,01;-110,08;18748,83;15;314;106;420
0,42;0,21;0,15;0,25;105;-0,5;-0,01;-110,09;24947,98;10;337;83;420
0,42;0,21;0,1;0,35;60;-0,5;-0,08;-110,19;18744,29;15;314;106;420
0,42;0,05;0,1;0,25;80;-0,5;-0,01;-110,32;21151,68;15;337;83;420
0,42;0,21;0,1;0,25;80;-0,5;-0,01;-110,33;21544,32;15;333;87;420
0,42;0,21;0,1;0,2;60;-0,5;-0,08;-110,78;15008,16;10;345;75;420
0,42;0,21;0,1;0,25;80;-0,5;0,05;-110,8;21550,11;15;334;86;420
0,42;0,05;0,1;0,35;60;-0,3;-0,08;-110,87;17150,04;10;329;91;420
0,42;0,21;0,05;0,2;105;-0,5;-0,01;-110,93;22010;15;370;50;420
0,42;0,21;0,1;0,2;60;-0,5;-0,01;-111,03;15008,41;10;345;75;420
0,42;0,01;0,1;0,25;80;-0,3;-0,01;-111,14;17495,11;10;360;60;420
0,42;0,21;0,15;0,2;105;-0,5;-0,08;-111,2;26381,04;15;333;87;420
0,42;0,21;0,15;0,35;60;-0,3;-0,01;-111,32;18432,88;10;309;111;420
0,42;0,21;0,15;0,35;60;-0,3;0,05;-111,32;18431,75;10;312;108;420
0,42;0,05;0,1;0,25;80;-0,5;0,05;-111,47;21152,83;15;337;83;420
0,42;0,21;0,1;0,2;60;-0,5;0,05;-111,73;15009,11;10;345;75;420
0,42;0,21;0,1;0,35;60;-0,5;0,05;-111,77;17355,48;10;329;91;420
0,42;0,01;0,1;0,25;80;-0,3;-0,01;-112,04;19463,15;15;346;74;420
0,42;0,05;0,1;0,35;60;-0,3;-0,01;-112,28;17155,74;10;329;91;420
0,42;0,21;0,05;0,2;105;-0,3;-0,08;-112,37;22011,44;15;370;50;420
0,42;0,05;0,1;0,25;80;-0,3;-0,08;-112,63;21153,99;15;337;83;420
0,42;0,21;0,1;0,3;60;-0,5;0,05;-112,63;16276,6;10;334;86;420
0,42;0,21;0,1;0,35;60;-0,5;0,05;-113,03;18755,79;15;315;105;420
0,42;0,05;0,15;0,25;80;-0,3;-0,01;-113,16;20666,69;10;338;82;420
0,42;0,05;0,15;0,2;80;-0,3;-0,01;-113,8;21577,87;15;332;88;420
0,42;0,11;0,1;0,3;80;-0,3;-0,01;-114,05;22594,14;15;327;93;420
0,42;0,21;0,1;0,35;60;-0,5;-0,01;-114,3;17346,24;10;326;94;420
0,42;0,05;0,15;0,3;105;-0,3;-0,01;-114,48;26678,24;10;337;83;420
0,42;0,21;0,05;0,2;105;-0,5;0,05;-114,57;22013,64;15;370;50;420
0,42;0,21;0,1;0,25;80;-0,5;-0,08;-114,92;18806,78;10;347;73;420
0,42;0,01;0,1;0,25;80;-0,3;0,05;-115,06;19466,17;15;346;74;420
0,42;0,01;0,1;0,25;80;-0,3;-0,08;-115,12;17494,71;10;360;60;420
0,42;0,21;0,1;0,35;60;-0,3;0,05;-115,21;17355,7;10;329;91;420
0,42;0,16;0,05;0,35;80;-0,5;-0,01;-115,59;18512,16;10;362;58;420
0,42;0,21;0,15;0,25;105;-0,3;-0,08;-115,97;24903,12;10;337;83;420
0,42;0,05;0,15;0,35;105;-0,5;0,05;-116,34;28097,55;10;328;92;420
0,42;0,11;0,1;0,3;80;-0,3;-0,08;-117,24;22585,85;15;327;93;420
0,42;0,21;0,1;0,25;105;-0,3;0,05;-117,71;26010,71;15;345;75;420
0,42;0,11;0,15;0,35;105;-0,5;-0,08;-117,75;32089,46;15;316;104;420
0,42;0,21;0,1;0,3;60;-0,3;0,05;-117,95;16281,91;10;334;86;420
0,42;0,21;0,1;0,2;60;-0,3;-0,08;-118,52;15015,9;10;345;75;420
0,42;0,01;0,05;0,25;60;-0,3;-0,01;-118,56;15258,48;15;358;62;420
0,42;0,21;0,1;0,2;60;-0,3;-0,01;-118,66;15016,04;10;345;75;420
0,42;0,21;0,1;0,2;60;-0,3;0,05;-118,94;15016,32;10;345;75;420
0,42;0,05;0,1;0,25;80;-0,3;-0,01;-119,34;21160,7;15;337;83;420
0,42;0,11;0,15;0,25;80;-0,3;-0,01;-119,37;23056,79;15;319;101;420
0,42;0,16;0,1;0,2;60;-0,5;-0,08;-119,38;16841,47;15;329;91;420
0,42;0,21;0,05;0,2;105;-0,3;-0,01;-119,44;22018,51;15;370;50;420
0,42;0,11;0,1;0,35;60;-0,5;-0,01;-119,87;18877,63;15;313;107;420
0,42;0,11;0,1;0,2;60;-0,3;0,05;-120,16;14784,56;10;345;75;420
0,42;0,01;0,05;0,25;60;-0,3;0,05;-120,2;15264,07;15;359;61;420
0,42;0,16;0,1;0,2;60;-0,5;-0,01;-120,2;16846,89;15;329;91;420
0,42;0,16;0,1;0,2;60;-0,5;0,05;-120,43;16851,11;15;330;90;420
0,42;0,05;0,1;0,25;80;-0,3;0,05;-120,53;21161,89;15;337;83;420
0,42;0,05;0,15;0,2;80;-0,5;-0,01;-120,64;21370,1;15;332;88;420
0,42;0,01;0,05;0,25;60;-0,3;-0,08;-120,75;15256,1;15;358;62;420
0,42;0,11;0,1;0,35;60;-0,5;0,05;-120,81;18882,63;15;314;106;420
0,42;0,11;0,1;0,25;80;-0,5;-0,08;-120,98;19072,83;10;351;69;420
0,42;0,11;0,1;0,35;60;-0,5;-0,08;-121,33;18874,39;15;313;107;420
0,42;0,05;0,1;0,2;105;-0,5;0,05;-121,36;20797,97;10;363;57;420
0,42;0,01;0,05;0,25;60;-0,5;-0,08;-121,4;15250,71;15;358;62;420
0,42;0,21;0,1;0,25;80;-0,5;-0,01;-121,51;18813,37;10;347;73;420
0,42;0,05;0,15;0,2;80;-0,5;-0,08;-121,82;21352,61;15;332;88;420
0,42;0,01;0,05;0,25;60;-0,5;-0,01;-122,18;15251,49;15;358;62;420
0,42;0,21;0,15;0,25;105;-0,3;-0,01;-122,29;24894,17;10;337;83;420
0,42;0,21;0,1;0,25;80;-0,3;-0,08;-122,32;21550,16;15;333;87;420
0,42;0,05;0,15;0,35;105;-0,3;0,05;-122,55;28103,76;10;328;92;420
0,42;0,21;0,05;0,2;105;-0,3;0,05;-123,88;22022,95;15;370;50;420
0,42;0,21;0,1;0,35;60;-0,3;-0,01;-123,9;18755,57;15;313;107;420
0,42;0,05;0,1;0,35;60;-0,5;0,05;-124,48;17151,65;10;329;91;420
0,42;0,11;0,15;0,35;105;-0,5;-0,01;-124,79;32111,46;15;316;104;420
0,42;0,21;0,1;0,25;80;-0,3;-0,01;-125,07;21559,06;15;333;87;420
0,42;0,05;0,05;0,2;60;-0,5;-0,08;-125,16;12709,71;10;370;50;420
0,42;0,21;0,1;0,25;80;-0,3;0,05;-125,26;21564,57;15;334;86;420
0,42;0,21;0,1;0,25;80;-0,5;0,05;-125,35;18817,21;10;347;73;420
0,42;0,11;0,15;0,35;105;-0,3;-0,08;-125,59;32101,69;15;316;104;420
0,42;0,16;0,1;0,35;105;-0,5;-0,01;-125,59;29270,14;15;334;86;420
0,42;0,21;0,1;0,35;60;-0,3;0,05;-125,62;18765,15;15;315;105;420
0,42;0,11;0,1;0,25;80;-0,5;-0,01;-125,76;19077,61;10;351;69;420
0,42;0,11;0,1;0,3;80;-0,5;0,05;-126,04;22611,09;15;327;93;420
0,42;0,05;0,15;0,3;80;-0,5;-0,01;-126,16;23491,22;15;318;102;420
0,42;0,01;0,05;0,25;60;-0,5;0,05;-126,39;15255,7;15;358;62;420
0,42;0,16;0,1;0,3;60;-0,5;-0,01;-126,42;16449,88;10;328;92;420
0,42;0,05;0,15;0,3;80;-0,5;-0,08;-126,5;23479,76;15;318;102;420
0,42;0,05;0,1;0,25;80;-0,5;-0,01;-126,54;19131,75;10;351;69;420
0,42;0,05;0,15;0,25;80;-0,3;-0,08;-126,65;20627,53;10;337;83;420
0,42;0,01;0,05;0,25;80;-0,5;0,05;-127,2;14860,56;10;378;42;420
0,42;0,05;0,15;0,2;80;-0,3;-0,08;-127,67;21492,11;15;331;89;420
0,42;0,11;0,1;0,35;60;-0,3;-0,08;-127,84;18880,9;15;313;107;420
0,42;0,11;0,1;0,35;60;-0,3;-0,01;-128,06;18885,82;15;313;107;420
0,42;0,11;0,1;0,25;80;-0,5;0,05;-128,16;19080,01;10;351;69;420
0,42;0,01;0,05;0,25;80;-0,5;-0,01;-128,28;14855,44;10;377;43;420
0,42;0,16;0,1;0,3;60;-0,5;-0,08;-128,37;16447,89;10;328;92;420
0,42;0,16;0,1;0,2;60;-0,3;0,05;-129,12;16859,8;15;330;90;420
0,42;0,11;0,1;0,2;60;-0,3;-0,01;-129,46;14789,93;10;344;76;420
0,42;0,05;0,15;0,2;80;-0,3;0,05;-129,58;21125,44;15;333;87;420
0,42;0,11;0,1;0,35;60;-0,3;0,05;-129,58;18891,4;15;314;106;420
0,42;0,05;0,05;0,2;60;-0,5;-0,01;-129,86;12714,41;10;370;50;420
0,42;0,05;0,1;0,25;80;-0,5;0,05;-130,12;19136,12;10;351;69;420
0,42;0,05;0,1;0,2;105;-0,5;-0,08;-130,25;20849,59;10;362;58;420
0,42;0,16;0,15;0,2;60;-0,3;-0,01;-130,66;15757,89;10;326;94;420
0,42;0,11;0,1;0,2;60;-0,3;-0,08;-130,82;14786,75;10;344;76;420
0,42;0,05;0,1;0,35;60;-0,3;0,05;-130,89;17158,06;10;329;91;420
0,42;0,16;0,1;0,3;60;-0,3;-0,01;-131,11;16454,57;10;328;92;420
0,42;0,16;0,1;0,2;60;-0,3;-0,08;-131,35;16853,44;15;329;91;420
0,42;0,05;0,1;0,25;80;-0,3;-0,01;-131,38;19136,59;10;351;69;420
0,42;0,05;0,1;0,2;105;-0,3;0,05;-131,67;20808,28;10;363;57;420
0,42;0,01;0,05;0,25;80;-0,3;0,05;-131,9;14865,26;10;378;42;420
0,42;0,05;0,05;0,2;60;-0,5;0,05;-132,06;12716,61;10;370;50;420
0,42;0,01;0,05;0,25;80;-0,3;-0,01;-132,19;14859,35;10;377;43;420
0,42;0,05;0,1;0,2;105;-0,5;-0,01;-132,21;20900,09;10;362;58;420
0,42;0,21;0,15;0,3;80;-0,5;0,05;-132,24;21616,87;10;324;96;420
0,42;0,16;0,1;0,3;60;-0,3;-0,08;-133,97;16453,5;10;328;92;420
0,42;0,05;0,1;0,25;80;-0,3;0,05;-134,13;19140,13;10;351;69;420
0,42;0,05;0,15;0,3;105;-0,5;-0,08;-134,57;28888,76;15;326;94;420
0,42;0,01;0,05;0,25;80;-0,5;-0,08;-135,09;14857,87;10;377;43;420
0,42;0,16;0,1;0,2;60;-0,3;-0,01;-135,61;16862,3;15;329;91;420
0,42;0,21;0,15;0,3;80;-0,5;-0,08;-136,1;21609,17;10;323;97;420
0,42;0,01;0,1;0,3;80;-0,5;0,05;-137,87;17910,85;10;353;67;420
0,42;0,16;0,15;0,2;60;-0,3;-0,08;-138,02;15770,73;10;326;94;420
0,42;0,11;0,15;0,35;105;-0,3;-0,01;-138,37;32127,77;15;316;104;420
0,42;0,05;0,15;0,3;80;-0,5;0,05;-138,63;23493,91;15;319;101;420
0,42;0,05;0,1;0,25;80;-0,5;-0,08;-138,71;19098,67;10;350;70;420
0,42;0,16;0,1;0,35;105;-0,5;-0,08;-138,74;29265,57;15;334;86;420
0,42;0,01;0,05;0,25;80;-0,3;-0,08;-138,89;14861,67;10;377;43;420
0,42;0,05;0,15;0,25;80;-0,5;-0,01;-139,02;20656,66;10;338;82;420
0,42;0,05;0,1;0,2;105;-0,3;-0,08;-139,26;20858,6;10;362;58;420
0,42;0,21;0,15;0,3;80;-0,5;-0,01;-139,41;21618,68;10;323;97;420
0,42;0,01;0,1;0,3;80;-0,5;-0,01;-139,64;17906,38;10;352;68;420
0,42;0,21;0,15;0,3;80;-0,3;0,05;-139,89;21624,52;10;324;96;420
0,42;0,01;0,05;0,35;80;-0,3;-0,08;-139,92;19642,85;15;355;65;420
0,42;0,11;0,15;0,25;60;-0,5;-0,08;-140,02;18514,03;15;303;117;420
0,42;0,11;0,1;0,35;60;-0,3;-0,01;-140,14;17407,05;10;324;96;420
0,42;0,16;0,15;0,2;60;-0,3;0,05;-140,45;15526,61;10;328;92;420
0,42;0,05;0,1;0,2;60;-0,3;0,05;-140,78;14631,58;10;346;74;420
0,42;0,16;0,1;0,35;105;-0,5;0,05;-140,88;29278,62;15;334;86;420
0,42;0,05;0,15;0,25;80;-0,5;0,05;-140,98;20607,59;10;338;82;420
0,42;0,01;0,05;0,35;80;-0,3;-0,01;-141,14;19650;15;355;65;420
0,42;0,01;0,1;0,3;80;-0,5;-0,08;-141,14;17900,67;10;352;68;420
0,42;0,01;0,1;0,2;105;-0,5;0,05;-141,19;19229,77;10;369;51;420
0,42;0,21;0,1;0,3;80;-0,5;0,05;-141,55;19842,51;10;342;78;420
0,42;0,11;0,1;0,35;60;-0,3;-0,08;-142,01;17400,47;10;324;96;420
0,42;0,01;0,1;0,2;105;-0,5;-0,08;-142,05;19220,28;10;368;52;420
0,42;0,11;0,1;0,2;60;-0,5;0,05;-142,07;14775,62;10;344;76;420
0,42;0,11;0,1;0,3;80;-0,5;-0,01;-142,5;20359,8;10;339;81;420
0,42;0,01;0,1;0,3;80;-0,3;0,05;-142,59;17915,57;10;353;67;420
0,42;0,05;0,1;0,25;80;-0,3;-0,08;-143,01;19102,97;10;350;70;420
0,42;0,05;0,1;0,2;105;-0,3;-0,01;-143,03;20910,91;10;362;58;420
0,42;0,11;0,15;0,35;105;-0,5;0,05;-143,25;32122,86;15;316;104;420
0,42;0,05;0,1;0,35;80;-0,5;-0,08;-143,95;23283,18;15;323;97;420
0,42;0,21;0,1;0,3;80;-0,3;0,05;-144,52;19845,48;10;342;78;420
0,42;0,16;0,1;0,3;60;-0,5;0,05;-144,53;16451,4;10;328;92;420
0,42;0,11;0,1;0,3;80;-0,3;0,05;-144,57;22594,59;15;327;93;420
0,42;0,05;0,15;0,3;80;-0,3;-0,01;-144,69;23518,13;15;318;102;420
0,42;0,05;0,05;0,2;80;-0,3;0,05;-144,81;17819,42;15;369;51;420
0,42;0,05;0,15;0,3;80;-0,3;-0,08;-144,83;23501,98;15;318;102;420
0,42;0,11;0,1;0,3;80;-0,5;0,05;-144,89;20367,62;10;340;80;420
0,42;0,11;0,1;0,2;60;-0,5;-0,08;-145,01;14778,56;10;344;76;420
0,42;0,21;0,1;0,3;80;-0,5;-0,01;-145,11;19840,71;10;341;79;420
0,42;0,21;0,05;0,35;80;-0,3;0,05;-145,17;21748,12;15;349;71;420
0,42;0,01;0,1;0,3;80;-0,3;-0,01;-145,24;17911,98;10;352;68;420
0,42;0,16;0,15;0,2;60;-0,5;-0,08;-145,34;15733,35;10;326;94;420
0,42;0,21;0,15;0,3;80;-0,3;-0,08;-145,59;21618,66;10;323;97;420
0,42;0,11;0,1;0,3;80;-0,5;-0,08;-145,69;20356,71;10;339;81;420
0,42;0,05;0,05;0,2;80;-0,3;-0,01;-145,9;17815,33;15;368;52;420
0,42;0,21;0,05;0,3;105;-0,3;-0,08;-146,22;24469,57;15;359;61;420
0,42;0,11;0,05;0,35;80;-0,3;-0,08;-146,38;21312,57;15;351;69;420
0,42;0,16;0,1;0,3;60;-0,3;0,05;-146,38;16453,25;10;328;92;420
0,42;0,21;0,1;0,3;80;-0,5;-0,08;-146,46;19835,86;10;341;79;420
0,42;0,01;0,1;0,2;105;-0,5;-0,01;-146,72;19275,55;10;368;52;420
0,42;0,05;0,15;0,3;105;-0,3;-0,08;-146,78;28900,97;15;326;94;420
0,42;0,05;0,1;0,2;60;-0,3;-0,08;-146,88;14629,31;10;345;75;420
0,42;0,01;0,1;0,3;80;-0,3;-0,08;-147,02;17906,55;10;352;68;420
0,42;0,21;0,1;0,3;80;-0,3;-0,01;-147,03;19842,63;10;341;79;420
0,42;0,21;0,05;0,3;105;-0,5;-0,08;-147,27;24470,62;15;359;61;420
0,42;0,11;0,05;0,25;105;-0,5;-0,08;-147,41;18242,38;10;379;41;420
0,42;0,11;0,1;0,2;60;-0,5;-0,01;-147,51;14781,06;10;344;76;420
0,42;0,05;0,1;0,35;80;-0,5;-0,01;-147,56;23286,79;15;323;97;420
0,42;0,16;0,15;0,2;60;-0,5;-0,01;-147,75;15701,19;10;325;95;420
0,42;0,05;0,15;0,25;80;-0,5;-0,08;-147,91;20618,48;10;337;83;420
0,42;0,21;0,1;0,3;80;-0,3;-0,08;-148,14;19837,54;10;341;79;420
0,42;0,11;0,15;0,25;60;-0,5;0,05;-148,19;18522,2;15;303;117;420
0,42;0,05;0,05;0,2;80;-0,3;-0,08;-148,62;17812,06;15;368;52;420
0,42;0,21;0,05;0,3;105;-0,3;-0,01;-148,71;24479,99;15;359;61;420
0,42;0,11;0,15;0,25;60;-0,5;-0,01;-149,14;18523,15;15;303;117;420
0,42;0,05;0,05;0,3;80;-0,5;-0,08;-149,22;20162,22;15;357;63;420
0,42;0,01;0,1;0,2;105;-0,3;-0,08;-149,73;19227,96;10;368;52;420
0,42;0,16;0,1;0,35;105;-0,3;-0,01;-149,84;29247,21;15;334;86;420
0,42;0,11;0,15;0,25;60;-0,3;-0,08;-150,21;18533,28;15;303;117;420
0,42;0,05;0,1;0,2;60;-0,3;-0,01;-150,44;14660,02;10;345;75;420
0,42;0,11;0,05;0,25;105;-0,5;-0,01;-150,56;18245,53;10;379;41;420
0,42;0,21;0,15;0,3;80;-0,3;-0,01;-150,65;21629,92;10;323;97;420
0,42;0,11;0,05;0,25;105;-0,3;-0,08;-150,68;18245,64;10;379;41;420
0,42;0,11;0,1;0,35;60;-0,5;-0,08;-150,7;17394,78;10;324;96;420
0,42;0,01;0,1;0,2;105;-0,3;0,05;-150,79;19239,37;10;369;51;420
0,42;0,05;0,1;0,35;80;-0,3;-0,01;-150,82;23297,41;15;323;97;420
0,42;0,05;0,1;0,35;80;-0,3;-0,08;-150,94;23291,68;15;323;97;420
0,42;0,21;0,1;0,25;60;-0,5;0,05;-150,95;15474,53;10;336;84;420
0,42;0,01;0,05;0,35;80;-0,5;-0,08;-151,26;19640,26;15;355;65;420
0,42;0,11;0,1;0,35;60;-0,5;-0,01;-151,31;17399,74;10;324;96;420
0,42;0,05;0,05;0,3;80;-0,5;-0,01;-152,72;20165,72;15;357;63;420
0,42;0,11;0,1;0,3;80;-0,3;-0,01;-152,75;20370,05;10;339;81;420
0,42;0,05;0,15;0,3;105;-0,5;-0,01;-152,78;28907,08;15;326;94;420
0,42;0,11;0,05;0,25;105;-0,5;0,05;-152,79;18247,76;10;379;41;420
0,42;0,05;0,05;0,25;80;-0,5;-0,01;-152,99;15938,55;10;373;47;420
0,42;0,05;0,05;0,25;80;-0,3;-0,01;-153,01;15938,57;10;373;47;420
0,42;0,21;0,1;0,25;60;-0,5;-0,01;-153,04;15472,55;10;335;85;420
0,42;0,11;0,05;0,35;80;-0,5;-0,08;-153,93;21308,82;15;351;69;420
0,42;0,11;0,15;0,25;60;-0,3;-0,01;-154,05;18545,92;15;303;117;420
0,42;0,05;0,05;0,2;80;-0,5;-0,08;-154,64;14492,3;10;376;44;420
0,42;0,11;0,1;0,3;80;-0,3;-0,08;-155,27;20366,29;10;339;81;420
0,42;0,05;0,15;0,2;60;-0,3;0,05;-155,3;15430,97;10;334;86;420
0,42;0,05;0,05;0,3;80;-0,3;-0,08;-155,4;20168,4;15;357;63;420
0,42;0,11;0,05;0,25;105;-0,3;-0,01;-155,77;18250,74;10;379;41;420
0,42;0,05;0,05;0,25;80;-0,5;0,05;-156,24;15942,59;10;373;47;420
0,42;0,21;0,1;0,25;60;-0,5;-0,08;-156,35;15471,16;10;335;85;420
0,42;0,01;0,1;0,25;105;-0,3;0,05;-156,65;23928,48;15;356;64;420
0,42;0,01;0,1;0,25;105;-0,3;-0,08;-156,72;23911,45;15;355;65;420
0,42;0,05;0,1;0,35;80;-0,5;0,05;-157,24;23296,47;15;323;97;420
0,42;0,05;0,05;0,25;80;-0,3;0,05;-157,25;15943,6;10;373;47;420
0,42;0,11;0,05;0,35;80;-0,3;-0,01;-157,28;21318,61;15;350;70;420
0,42;0,01;0,1;0,2;105;-0,3;-0,01;-157,3;19286,13;10;368;52;420
0,42;0,01;0,05;0,35;80;-0,5;-0,01;-157,39;19646,39;15;355;65;420
0,42;0,21;0,1;0,25;60;-0,3;0,05;-158,01;15481,59;10;336;84;420
0,42;0,05;0,05;0,2;80;-0,3;-0,08;-158,07;14495,73;10;376;44;420
0,42;0,11;0,1;0,3;80;-0,3;0,05;-158,08;20380,81;10;340;80;420
0,42;0,11;0,05;0,2;60;-0,5;0,05;-158,45;15366,93;15;352;68;420
0,42;0,11;0,05;0,25;105;-0,3;0,05;-158,64;18253,61;10;379;41;420
0,42;0,21;0,15;0,25;60;-0,5;0,05;-158,67;16413,78;10;320;100;420
0,42;0,05;0,05;0,3;80;-0,5;0,05;-158,72;20171,72;15;357;63;420
0,42;0,05;0,15;0,2;80;-0,5;0,05;-159,15;21123,98;15;332;88;420
0,42;0,05;0,05;0,2;80;-0,5;-0,01;-159,21;14492,95;10;376;44;420
0,42;0,11;0,15;0,25;60;-0,3;0,05;-159,21;18538,7;15;304;116;420
0,42;0,11;0,05;0,35;80;-0,5;-0,01;-159,91;21314,8;15;351;69;420
0,42;0,05;0,1;0,2;80;-0,3;0,05;-159,98;20467,34;15;343;77;420
0,42;0,16;0,15;0,2;60;-0,5;0,05;-160,06;15576,21;10;327;93;420
0,42;0,11;0,05;0,2;60;-0,5;-0,01;-160,08;15364,58;15;351;69;420
0,42;0,21;0,1;0,25;60;-0,3;-0,01;-160,14;15479,65;10;335;85;420
0,42;0,01;0,1;0,25;105;-0,3;-0,01;-160,25;23924,15;15;355;65;420
0,42;0,11;0,05;0,2;60;-0,5;-0,08;-160,31;15360,22;15;351;69;420
0,42;0,05;0,05;0,3;80;-0,3;-0,01;-160,69;20173,69;15;357;63;420
0,42;0,21;0,15;0,35;105;-0,5;-0,08;-160,85;29118,02;10;324;96;420
0,42;0,16;0,15;0,3;80;-0,5;-0,01;-160,86;24174,94;15;313;107;420
0,42;0,05;0,05;0,2;80;-0,5;0,05;-160,95;14495,5;10;376;44;420
0,42;0,11;0,05;0,2;60;-0,3;0,05;-161,08;15369,56;15;352;68;420
0,42;0,16;0,1;0,35;105;-0,3;-0,08;-161,6;29241,25;15;334;86;420
0,42;0,05;0,05;0,2;80;-0,3;-0,01;-161,61;14495,35;10;376;44;420
0,42;0,11;0,05;0,2;60;-0,3;-0,01;-162,41;15366,91;15;351;69;420
0,42;0,11;0,05;0,2;60;-0,3;-0,08;-162,43;15362,34;15;351;69;420
0,42;0,05;0,05;0,2;80;-0,3;0,05;-162,76;14497,31;10;376;44;420
0,42;0,16;0,1;0,2;80;-0,5;-0,08;-162,95;20609,44;15;341;79;420
0,42;0,16;0,1;0,35;105;-0,3;0,05;-163,01;29253,57;15;334;86;420
0,42;0,21;0,1;0,25;60;-0,3;-0,08;-163,13;15477,94;10;335;85;420
0,42;0,16;0,15;0,3;80;-0,5;-0,08;-163,15;24171,43;15;313;107;420
0,42;0,05;0,15;0,2;60;-0,3;-0,01;-163,41;15680,91;10;331;89;420
0,42;0,21;0,15;0,25;60;-0,5;-0,01;-163,54;16417,02;10;318;102;420
0,42;0,05;0,1;0,2;60;-0,5;0,05;-163,61;16643,87;15;329;91;420
0,42;0,11;0,15;0,2;80;-0,3;0,05;-164,08;19165,35;10;337;83;420
0,42;0,05;0,15;0,25;60;-0,5;0,05;-164,48;18032,53;15;308;112;420
0,42;0,16;0,1;0,3;60;-0,3;-0,01;-164,98;18172,08;15;313;107;420
0,42;0,21;0,15;0,25;105;-0,5;-0,08;-165,1;28005,35;15;327;93;420
0,42;0,01;0,05;0,35;80;-0,5;0,05;-165,14;19654,14;15;355;65;420
0,42;0,16;0,1;0,2;80;-0,5;-0,01;-165,28;20611,77;15;341;79;420
0,42;0,05;0,05;0,2;80;-0,5;-0,08;-165,36;17799,82;15;368;52;420
0,42;0,11;0,05;0,35;80;-0,5;0,05;-166,08;21320,97;15;351;69;420
0,42;0,21;0,15;0,35;105;-0,5;0,05;-166,12;29138,56;10;325;95;420
0,42;0,05;0,15;0,3;105;-0,5;0,05;-166,77;28910,94;15;326;94;420
0,42;0,21;0,15;0,35;105;-0,5;-0,01;-166,79;29132,15;10;324;96;420
0,42;0,11;0,1;0,2;80;-0,3;0,05;-166,95;20427,35;15;342;78;420
0,42;0,05;0,05;0,2;80;-0,5;-0,01;-167,09;17801,55;15;368;52;420
0,42;0,16;0,1;0,25;105;-0,3;-0,01;-167,43;26143,63;15;344;76;420
0,42;0,16;0,1;0,2;80;-0,5;0,05;-167,78;20614,27;15;341;79;420
0,42;0,05;0,05;0,25;80;-0,3;-0,08;-167,91;15908,22;10;372;48;420
0,42;0,16;0,15;0,2;80;-0,3;-0,01;-167,93;21724,74;15;325;95;420
0,42;0,21;0,15;0,35;105;-0,3;-0,08;-168,15;29125,32;10;324;96;420
0,42;0,05;0,05;0,3;80;-0,3;0,05;-168,46;20181,46;15;357;63;420
0,42;0,05;0,05;0,25;80;-0,5;-0,08;-168,72;15909,03;10;372;48;420
0,42;0,16;0,1;0,25;105;-0,3;-0,08;-168,72;26136,87;15;344;76;420
0,42;0,05;0,15;0,3;105;-0,3;-0,01;-168,79;28923,09;15;326;94;420
0,42;0,01;0,05;0,35;80;-0,3;0,05;-169,12;19658,12;15;355;65;420
0,42;0,05;0,05;0,2;80;-0,5;0,05;-169,59;17804,05;15;368;52;420
0,42;0,11;0,05;0,35;80;-0,3;0,05;-170,5;21325,39;15;351;69;420
0,42;0,21;0,15;0,25;60;-0,3;0,05;-170,59;16425,7;10;320;100;420
0,42;0,16;0,15;0,2;80;-0,5;-0,01;-170,8;21603,54;15;325;95;420
0,42;0,05;0,15;0,25;60;-0,5;-0,08;-170,9;18030,27;15;305;115;420
0,42;0,16;0,1;0,25;105;-0,3;0,05;-170,9;26154,07;15;344;76;420
0,42;0,21;0,15;0,25;60;-0,5;-0,08;-171,42;16413,53;10;318;102;420
0,42;0,05;0,15;0,2;60;-0,3;-0,08;-171,46;15567,65;10;331;89;420
0,42;0,16;0,1;0,35;80;-0,3;0,05;-171,64;23961,58;15;322;98;420
0,42;0,16;0,15;0,3;80;-0,3;-0,01;-171,84;24192,46;15;313;107;420
0,42;0,11;0,1;0,2;80;-0,3;-0,01;-171,96;20517,51;15;341;79;420
0,42;0,16;0,1;0,2;60;-0,3;0,05;-171,97;14833,19;10;343;77;420
0,42;0,16;0,1;0,3;60;-0,3;0,05;-171,98;18174,09;15;315;105;420
0,42;0,16;0,1;0,35;80;-0,3;-0,01;-172,05;23955,54;15;320;100;420
0,42;0,16;0,1;0,3;60;-0,3;-0,08;-172,49;18166,1;15;313;107;420
0,42;0,16;0,1;0,2;60;-0,3;-0,08;-172,54;14855,69;10;342;78;420
0,42;0,16;0,15;0,35;60;-0,5;-0,08;-172,83;18571,42;10;308;112;420
0,42;0,11;0,1;0,35;60;-0,5;0,05;-172,87;17405,06;10;324;96;420
0,42;0,11;0,1;0,2;80;-0,3;-0,08;-173,12;20512,47;15;341;79;420
0,42;0,05;0,15;0,25;60;-0,5;-0,01;-173,57;18037,59;15;306;114;420
0,42;0,11;0,05;0,3;60;-0,5;-0,08;-174;14532,51;10;358;62;420
0,42;0,05;0,05;0,3;60;-0,5;-0,08;-174,07;14448,58;10;358;62;420
0,42;0,05;0,05;0,3;60;-0,5;-0,01;-174,45;14448,96;10;358;62;420
0,42;0,11;0,05;0,3;60;-0,5;-0,01;-174,65;14533,16;10;358;62;420
0,42;0,21;0,15;0,25;105;-0,5;-0,01;-174,68;27993,32;15;327;93;420
0,42;0,16;0,1;0,2;80;-0,3;-0,08;-174,69;20621,18;15;341;79;420
0,42;0,11;0,15;0,2;105;-0,3;-0,01;-175,19;27045,27;15;334;86;420
0,42;0,11;0,15;0,35;105;-0,3;0,05;-175,39;32035,72;15;316;104;420
0,42;0,05;0,05;0,3;60;-0,3;-0,08;-175,42;14449,93;10;358;62;420
0,42;0,11;0,05;0,3;60;-0,3;-0,08;-175,78;14534,29;10;358;62;420
0,42;0,21;0,15;0,35;105;-0,3;0,05;-175,89;29148,33;10;325;95;420
0,42;0,16;0,1;0,3;105;-0,5;-0,01;-176,07;27763,61;15;335;85;420
0,42;0,16;0,15;0,35;60;-0,5;-0,01;-176,1;18579,09;10;308;112;420
0,42;0,11;0,1;0,2;60;-0,5;0,05;-176,11;16686,99;15;324;96;420
0,42;0,05;0,05;0,3;60;-0,3;-0,01;-176,21;14450,72;10;358;62;420
0,42;0,16;0,1;0,2;60;-0,3;-0,01;-176,44;14833,7;10;342;78;420
0,42;0,01;0,05;0,2;80;-0,5;-0,08;-176,46;17041,37;15;369;51;420
0,42;0,11;0,05;0,3;60;-0,3;-0,01;-176,46;14534,97;10;358;62;420
0,42;0,05;0,15;0,3;105;-0,3;0,05;-176,87;28921,04;15;326;94;420
0,42;0,21;0,15;0,35;105;-0,3;-0,01;-176,91;29142,27;10;324;96;420
0,42;0,11;0,1;0,2;60;-0,5;-0,01;-176,93;16683,83;15;323;97;420
0,42;0,11;0,1;0,2;60;-0,5;-0,08;-177,12;16679,43;15;323;97;420
0,42;0,11;0,05;0,3;60;-0,5;0,05;-177,24;14535,75;10;358;62;420
0,42;0,16;0,15;0,2;80;-0,3;0,05;-177,27;21378,85;15;327;93;420
0,42;0,16;0,1;0,35;80;-0,3;-0,08;-177,38;23949,01;15;320;100;420
0,42;0,21;0,15;0,25;60;-0,3;-0,01;-177,4;16430,88;10;318;102;420
0,42;0,16;0,1;0,3;105;-0,5;-0,08;-177,65;27759,94;15;335;85;420
0,42;0,05;0,15;0,3;80;-0,3;0,05;-178,52;23494,66;15;319;101;420
0,42;0,05;0,05;0,3;60;-0,5;0,05;-179,57;14454,08;10;358;62;420
0,42;0,11;0,05;0,3;60;-0,3;0,05;-179,95;14538,46;10;358;62;420
0,42;0,01;0,05;0,2;80;-0,5;-0,01;-180,11;17045,02;15;369;51;420
0,42;0,16;0,15;0,3;80;-0,3;-0,08;-180,13;24189,14;15;313;107;420
0,42;0,11;0,1;0,35;60;-0,3;0,05;-180,4;17409,61;10;324;96;420
0,42;0,05;0,15;0,25;105;-0,5;-0,08;-180,48;24920,09;10;346;74;420
0,42;0,16;0,1;0,3;60;-0,5;0,05;-180,52;18157,65;15;314;106;420
0,42;0,16;0,1;0,3;60;-0,5;-0,01;-180,7;18153,93;15;313;107;420
0,42;0,16;0,1;0,2;80;-0,3;-0,01;-181,09;20627,58;15;341;79;420
0,42;0,16;0,1;0,3;60;-0,5;-0,08;-181,16;18149,89;15;313;107;420
0,42;0,11;0,1;0,2;60;-0,3;0,05;-181,52;16692,4;15;324;96;420
0,42;0,05;0,05;0,3;60;-0,3;0,05;-181,69;14456,2;10;358;62;420
0,42;0,21;0,1;0,35;80;-0,5;-0,08;-181,92;21093,11;10;334;86;420
0,42;0,01;0,05;0,2;80;-0,3;-0,08;-182,45;17047,36;15;369;51;420
0,42;0,21;0,15;0,25;60;-0,3;-0,08;-182,73;16424,84;10;318;102;420
0,42;0,21;0,15;0,25;105;-0,3;-0,08;-183,24;28021,3;15;327;93;420
0,42;0,16;0,15;0,3;80;-0,5;0,05;-183,55;24182,65;15;313;107;420
0,42;0,01;0,05;0,2;80;-0,5;0,05;-183,59;17048,5;15;369;51;420
0,42;0,11;0,1;0,2;60;-0,3;-0,08;-183,63;16685,94;15;323;97;420
0,42;0,05;0,15;0,25;60;-0,3;-0,08;-184;18046,91;15;305;115;420
0,42;0,05;0,15;0,25;60;-0,3;-0,01;-184,08;18060,4;15;306;114;420
0,42;0,21;0,1;0,35;80;-0,5;-0,01;-184,68;21101,59;10;334;86;420
0,42;0,01;0,05;0,3;80;-0,5;0,05;-184,79;15488,39;10;371;49;420
0,42;0,01;0,05;0,3;80;-0,5;-0,01;-185,04;15482,4;10;370;50;420
0,42;0,21;0,15;0,25;105;-0,5;0,05;-185,65;27958,45;15;327;93;420
0,42;0,05;0,15;0,25;105;-0,3;-0,08;-185,83;24925,44;10;346;74;420
0,42;0,11;0,1;0,2;60;-0,3;-0,01;-186,19;16693,09;15;323;97;420
0,42;0,21;0,15;0,3;60;-0,5;-0,08;-186,4;18538,39;15;295;125;420
0,42;0,21;0,1;0,35;80;-0,3;-0,08;-186,46;21097,65;10;334;86;420
0,42;0,05;0,05;0,35;80;-0,5;0,05;-186,83;18110,72;10;364;56;420
0,42;0,01;0,05;0,2;80;-0,3;-0,01;-186,98;17051,89;15;369;51;420
0,42;0,01;0,1;0,25;105;-0,5;-0,08;-188,01;23903,45;15;355;65;420
0,42;0,21;0,15;0,3;60;-0,3;0,05;-188,08;18569,96;15;297;123;420
0,42;0,05;0,05;0,25;105;-0,5;-0,08;-188,16;18127,56;10;379;41;420
0,42;0,05;0,05;0,35;80;-0,3;0,05;-188,34;18112,23;10;364;56;420
0,42;0,11;0,1;0,2;80;-0,5;-0,08;-188,36;20501,18;15;341;79;420
0,42;0,11;0,15;0,2;80;-0,3;-0,01;-188,38;19550,55;10;334;86;420
0,42;0,05;0,05;0,3;80;-0,5;0,05;-188,96;16930,42;10;364;56;420
0,42;0,01;0,15;0,25;80;-0,5;0,05;-189,07;18597,35;10;347;73;420
0,42;0,01;0,05;0,3;80;-0,5;-0,08;-189,09;15479,24;10;370;50;420
0,42;0,05;0,15;0,25;105;-0,5;-0,01;-189,18;24913,13;10;346;74;420
0,42;0,21;0,15;0,3;60;-0,5;-0,01;-189,22;18545,81;15;295;125;420
0,42;0,11;0,15;0,3;60;-0,5;-0,01;-189,72;17912,77;10;313;107;420
0,42;0,11;0,15;0,3;80;-0,5;0,05;-190,14;22368,42;10;324;96;420
0,42;0,05;0,05;0,3;80;-0,5;-0,01;-190,15;16926,28;10;363;57;420
0,42;0,21;0,1;0,35;80;-0,3;-0,01;-190,3;21107,21;10;334;86;420
0,42;0,11;0,15;0,3;60;-0,5;-0,08;-190,41;17909,59;10;313;107;420
0,42;0,11;0,15;0,3;80;-0,5;-0,08;-190,93;22357,5;10;323;97;420
0,42;0,05;0,05;0,35;80;-0,5;-0,01;-191,13;18104,39;10;362;58;420
0,42;0,05;0,05;0,25;105;-0,5;-0,01;-191,21;18132,01;10;379;41;420
0,42;0,21;0,15;0,3;60;-0,5;0,05;-191,46;18552,03;15;296;124;420
0,42;0,16;0,15;0,2;80;-0,5;-0,08;-191,78;21613,53;15;325;95;420
0,42;0,11;0,1;0,2;80;-0,5;0,05;-191,86;20504,68;15;341;79;420
0,42;0,05;0,15;0,2;60;-0,5;-0,01;-192,18;15581,9;10;331;89;420
0,42;0,01;0,05;0,2;80;-0,3;0,05;-192,22;17057,13;15;369;51;420
0,42;0,11;0,1;0,2;80;-0,5;-0,01;-192,26;20505,08;15;341;79;420
0,42;0,05;0,05;0,25;105;-0,3;-0,08;-192,33;18131,73;10;379;41;420
0,42;0,01;0,05;0,3;80;-0,3;-0,01;-192,44;15489,8;10;370;50;420
0,42;0,05;0,15;0,25;105;-0,5;0,05;-192,57;24865,9;10;346;74;420
0,42;0,11;0,15;0,2;105;-0,3;0,05;-192,58;26226,83;15;335;85;420
0,42;0,05;0,05;0,35;80;-0,3;-0,01;-192,67;18105,93;10;362;58;420
0,42;0,01;0,1;0,35;105;-0,5;-0,01;-192,73;25918,52;15;343;77;420
0,42;0,05;0,05;0,3;80;-0,5;-0,08;-192,8;16922,78;10;363;57;420
0,42;0,01;0,05;0,3;80;-0,3;0,05;-192,9;15496,5;10;371;49;420
0,42;0,05;0,05;0,3;80;-0,3;-0,01;-192,96;16929,09;10;363;57;420
0,42;0,01;0,1;0,35;105;-0,5;-0,08;-193;25911,16;15;343;77;420
0,42;0,05;0,05;0,3;80;-0,3;0,05;-193,17;16934,63;10;364;56;420
0,42;0,21;0,1;0,3;60;-0,3;0,05;-193,58;18094,42;15;317;103;420
0,42;0,11;0,05;0,3;80;-0,5;-0,08;-193,59;17192,01;10;366;54;420
0,42;0,11;0,15;0,3;80;-0,5;-0,01;-193,88;22366,73;10;323;97;420
0,42;0,11;0,05;0,3;80;-0,5;-0,01;-193,89;17198,59;10;366;54;420
0,42;0,05;0,05;0,25;105;-0,5;0,05;-194,25;18136,25;10;379;41;420
0,42;0,11;0,05;0,3;80;-0,5;0,05;-194,62;17204,75;10;367;53;420
0,42;0,05;0,15;0,25;105;-0,3;-0,01;-194,78;24918,73;10;346;74;420
0,42;0,01;0,05;0,3;80;-0,3;-0,08;-195,63;15485,78;10;370;50;420
0,42;0,01;0,15;0,25;80;-0,3;0,05;-195,65;18603,93;10;347;73;420
0,42;0,16;0,15;0,35;60;-0,5;0,05;-195,67;18582,48;10;308;112;420
0,42;0,16;0,15;0,3;60;-0,5;0,05;-195,82;18733,83;15;298;122;420
0,42;0,05;0,05;0,3;80;-0,3;-0,08;-195,98;16925,96;10;363;57;420
0,42;0,01;0,1;0,25;105;-0,5;-0,01;-196,32;23912,98;15;355;65;420
0,42;0,05;0,15;0,3;60;-0,5;-0,01;-196,59;17008,79;10;316;104;420
0,42;0,11;0,05;0,35;60;-0,5;-0,08;-196,74;15322,94;10;353;67;420
0,42;0,11;0,05;0,3;80;-0,3;-0,08;-196,98;17195,4;10;366;54;420
0,42;0,16;0,15;0,3;60;-0,5;-0,01;-197,36;18731,47;15;297;123;420
0,42;0,05;0,05;0,25;105;-0,3;-0,01;-197,39;18138,19;10;379;41;420
0,42;0,11;0,15;0,3;60;-0,3;-0,01;-197,4;17922,26;10;313;107;420
0,42;0,11;0,15;0,3;60;-0,3;-0,08;-197,54;17919,28;10;313;107;420
0,42;0,01;0,15;0,25;80;-0,5;-0,01;-197,56;18599,64;10;346;74;420
0,42;0,05;0,15;0,25;60;-0,3;0,05;-198,18;18046,11;15;308;112;420
0,42;0,01;0,1;0,35;105;-0,3;-0,08;-198,33;25916,49;15;343;77;420
0,42;0,21;0,15;0,25;105;-0,3;-0,01;-198,72;28015,17;15;327;93;420
0,42;0,05;0,15;0,3;60;-0,5;-0,08;-198,79;17007,19;10;316;104;420
0,42;0,11;0,05;0,35;60;-0,3;-0,08;-198,81;15325,01;10;353;67;420
0,42;0,01;0,15;0,25;80;-0,5;-0,08;-199,32;18605,47;10;346;74;420
0,42;0,01;0,1;0,35;105;-0,3;-0,01;-199,33;25925,12;15;343;77;420
0,42;0,11;0,05;0,3;80;-0,3;-0,01;-199,45;17204,15;10;366;54;420
0,42;0,16;0,15;0,3;60;-0,5;-0,08;-199,53;18729,14;15;297;123;420
0,42;0,05;0,15;0,25;105;-0,3;0,05;-199,57;24872,9;10;346;74;420
0,42;0,16;0,15;0,3;60;-0,3;-0,01;-199,78;18757,65;15;297;123;420
0,42;0,11;0,05;0,35;60;-0,5;-0,01;-199,9;15326,1;10;353;67;420
0,42;0,11;0,15;0,2;105;-0,3;-0,08;-199,93;26850,84;15;333;87;420
0,42;0,21;0,15;0,3;60;-0,3;-0,01;-199,99;18570,05;15;294;126;420
0,42;0,11;0,15;0,2;105;-0,5;-0,01;-200,24;26905,82;15;333;87;420
0,42;0,21;0,1;0,3;60;-0,3;-0,01;-200,41;18089,43;15;314;106;420
0,42;0,21;0,15;0,3;60;-0,3;-0,08;-200,46;18556,85;15;294;126;420
0,42;0,01;0,1;0,25;105;-0,5;0,05;-200,49;23918,2;15;355;65;420
0,42;0,05;0,15;0,2;60;-0,5;-0,08;-200,77;15550,27;10;331;89;420
0,42;0,05;0,05;0,25;105;-0,3;0,05;-200,93;18142,93;10;379;41;420
0,42;0,11;0,05;0,3;80;-0,3;0,05;-202,05;17212,18;10;367;53;420
0,42;0,11;0,05;0,35;60;-0,3;-0,01;-202,2;15328,4;10;353;67;420
0,42;0,16;0,15;0,2;80;-0,3;-0,08;-202,67;21650,4;15;324;96;420
0,42;0,21;0,1;0,3;60;-0,5;-0,08;-203,69;18071,43;15;315;105;420
0,42;0,11;0,05;0,35;60;-0,5;0,05;-204,09;15330,29;10;353;67;420
0,42;0,11;0,15;0,3;60;-0,5;0,05;-204,1;17910,5;10;313;107;420
0,42;0,16;0,15;0,2;80;-0,5;0,05;-204,19;21377,26;15;326;94;420
0,42;0,16;0,15;0,3;60;-0,3;0,05;-204,47;18752,46;15;300;120;420
0,42;0,21;0,1;0,3;60;-0,3;-0,08;-204,52;18079,87;15;314;106;420
0,42;0,21;0,1;0,3;60;-0,5;-0,01;-204,97;18077,31;15;315;105;420
0,42;0,16;0,15;0,3;80;-0,3;0,05;-205,13;24195,79;15;313;107;420
0,42;0,11;0,15;0,2;80;-0,5;-0,01;-205,91;19405,93;10;334;86;420
0,42;0,21;0,1;0,3;60;-0,5;0,05;-206;18082,32;15;316;104;420
0,42;0,01;0,15;0,25;80;-0,3;-0,01;-206,23;18608,31;10;346;74;420
0,42;0,11;0,15;0,3;80;-0,3;-0,08;-206,3;22372,87;10;323;97;420
0,42;0,01;0,15;0,25;80;-0,3;-0,08;-206,49;18612,64;10;346;74;420
0,42;0,11;0,15;0,3;105;-0,3;-0,08;-207,18;27877,56;10;331;89;420
0,42;0,11;0,05;0,35;60;-0,3;0,05;-207,28;15333,48;10;353;67;420
0,42;0,21;0,15;0,25;105;-0,3;0,05;-207,88;27978,49;15;327;93;420
0,42;0,05;0,15;0,2;60;-0,5;0,05;-208,8;15424,83;10;332;88;420
0,42;0,11;0,15;0,3;80;-0,3;0,05;-209,32;22387,6;10;324;96;420
0,42;0,05;0,15;0,3;60;-0,5;0,05;-209,4;17004,89;10;316;104;420
0,42;0,16;0,15;0,3;80;-0,5;0,05;-209,69;22151,14;10;323;97;420
0,42;0,01;0,1;0,35;80;-0,5;0,05;-210,01;19080,41;10;347;73;420
0,42;0,01;0,1;0,35;80;-0,3;-0,01;-210,07;21459,57;15;331;89;420
0,42;0,05;0,15;0,3;60;-0,3;-0,01;-210,26;17022,46;10;316;104;420
0,42;0,05;0,15;0,3;60;-0,3;-0,08;-211,3;17019,7;10;316;104;420
0,42;0,01;0,1;0,35;105;-0,5;0,05;-211,93;25927,88;15;343;77;420
0,42;0,16;0,15;0,3;60;-0,3;-0,08;-212,27;18752,68;15;297;123;420
0,42;0,16;0,15;0,35;60;-0,3;-0,08;-212,42;18586,94;10;308;112;420
0,42;0,01;0,1;0,35;80;-0,3;0,05;-212,46;19082,86;10;347;73;420
0,42;0,11;0,15;0,3;80;-0,3;-0,01;-213,05;22385,9;10;323;97;420
0,42;0,16;0,15;0,35;60;-0,3;-0,01;-213,51;18596,31;10;308;112;420
0,42;0,01;0,05;0,2;105;-0,3;-0,08;-213,52;15656,15;10;386;34;420
0,42;0,01;0,05;0,2;105;-0,5;-0,08;-213,59;15656,22;10;386;34;420
0,42;0,01;0,1;0,35;80;-0,5;-0,01;-214,85;19073,84;10;345;75;420
0,42;0,16;0,15;0,3;80;-0,5;-0,08;-215,84;22146,01;10;322;98;420
0,42;0,11;0,15;0,3;105;-0,3;0,05;-216,02;27900,89;10;331;89;420
0,42;0,01;0,1;0,2;60;-0,5;-0,08;-216,29;13603,42;10;352;68;420
0,42;0,01;0,1;0,2;60;-0,3;-0,08;-217,05;13604,18;10;352;68;420
0,42;0,16;0,15;0,3;80;-0,5;-0,01;-217,43;22153,65;10;322;98;420
0,42;0,21;0,15;0,25;80;-0,5;-0,08;-217,7;22773,73;15;316;104;420
0,42;0,01;0,05;0,2;105;-0,5;-0,01;-217,75;15660,38;10;386;34;420
0,42;0,05;0,15;0,3;60;-0,3;0,05;-217,82;17013,3;10;316;104;420
0,42;0,01;0,1;0,2;60;-0,5;-0,01;-217,87;13605,69;10;352;68;420
0,42;0,01;0,1;0,35;80;-0,3;-0,01;-218,18;19077,17;10;345;75;420
0,42;0,01;0,05;0,2;80;-0,5;-0,01;-218,23;13592,5;10;378;42;420
0,42;0,11;0,05;0,2;80;-0,3;0,05;-218,25;18194,8;15;364;56;420
0,42;0,01;0,1;0,35;105;-0,3;0,05;-218,72;25934,67;15;343;77;420
0,42;0,11;0,15;0,3;60;-0,3;0,05;-218,76;17901,86;10;313;107;420
0,42;0,01;0,1;0,35;80;-0,3;-0,08;-219,03;21450,65;15;331;89;420
0,42;0,01;0,05;0,2;105;-0,3;-0,01;-219,14;15661,77;10;386;34;420
0,42;0,11;0,15;0,3;105;-0,3;-0,01;-219,71;27897,86;10;331;89;420
0,42;0,11;0,05;0,3;80;-0,5;-0,08;-220,24;20177,63;15;353;67;420
0,42;0,01;0,05;0,2;80;-0,5;-0,08;-220,5;13593,67;10;378;42;420
0,42;0,11;0,05;0,2;80;-0,3;-0,01;-221;18192,34;15;363;57;420
0,42;0,01;0,05;0,2;105;-0,5;0,05;-221,09;15663,72;10;386;34;420
0,42;0,11;0,05;0,3;80;-0,3;-0,08;-221,18;20178,57;15;353;67;420
0,42;0,01;0,1;0,35;80;-0,5;-0,01;-221,22;21447,74;15;331;89;420
0,42;0,01;0,1;0,2;60;-0,3;-0,01;-221,28;13609,1;10;352;68;420
0,42;0,01;0,1;0,35;80;-0,5;-0,08;-221,46;19067,27;10;345;75;420
0,42;0,11;0,05;0,2;80;-0,3;-0,08;-221,55;18186,88;15;363;57;420
0,42;0,01;0,1;0,2;60;-0,5;0,05;-221,64;13576,18;10;351;69;420
0,42;0,01;0,05;0,2;80;-0,5;0,05;-221,83;13597,05;10;378;42;420
0,42;0,01;0,15;0,3;80;-0,5;-0,08;-222,23;21271,46;15;329;91;420
0,42;0,01;0,1;0,35;80;-0,5;-0,08;-222,24;21442,61;15;331;89;420
0,42;0,01;0,05;0,2;105;-0,3;0,05;-222,33;15664,96;10;386;34;420
0,42;0,01;0,1;0,2;60;-0,3;0,05;-222,35;13576,89;10;351;69;420
0,42;0,05;0,15;0,25;105;-0,3;0,05;-222,59;27763,75;15;331;89;420
0,42;0,01;0,15;0,25;105;-0,5;-0,08;-223,34;22545,45;10;353;67;420
0,42;0,05;0,15;0,25;105;-0,3;-0,08;-223,58;27750,51;15;330;90;420
0,42;0,01;0,05;0,2;80;-0,3;-0,01;-223,66;13597,93;10;378;42;420
0,42;0,01;0,05;0,2;80;-0,3;-0,08;-223,76;13596,93;10;378;42;420
0,42;0,01;0,1;0,35;80;-0,3;-0,08;-224,09;19069,9;10;345;75;420
0,42;0,21;0,15;0,25;80;-0,5;-0,01;-224,12;22749,59;15;316;104;420
0,42;0,01;0,1;0,35;80;-0,5;0,05;-224,41;21456,25;15;332;88;420
0,42;0,11;0,05;0,3;80;-0,5;-0,01;-224,84;20182,23;15;353;67;420
0,42;0,05;0,15;0,3;80;-0,5;0,05;-225,36;21347,27;10;327;93;420
0,42;0,01;0,15;0,2;80;-0,3;0,05;-225,45;16873,05;10;350;70;420
0,42;0,21;0,15;0,25;80;-0,5;0,05;-225,47;22749,79;15;317;103;420
0,42;0,01;0,05;0,25;105;-0,3;-0,01;-225,57;20931,11;15;372;48;420
0,42;0,01;0,15;0,3;80;-0,5;-0,01;-225,66;21280,51;15;329;91;420
0,42;0,11;0,05;0,3;80;-0,3;-0,01;-226,44;20183,83;15;353;67;420
0,42;0,01;0,1;0,35;60;-0,3;0,05;-226,62;15603,9;10;339;81;420
0,42;0,01;0,05;0,25;105;-0,3;0,05;-226,63;20940,1;15;373;47;420
0,42;0,01;0,05;0,2;80;-0,3;0,05;-226,96;13602,18;10;378;42;420
0,42;0,01;0,1;0,3;105;-0,5;-0,08;-227,32;24415,27;15;347;73;420
0,42;0,01;0,15;0,25;105;-0,3;-0,08;-228,09;22550,2;10;353;67;420
0,42;0,11;0,15;0,2;105;-0,5;0,05;-228,14;26315,69;15;334;86;420
0,42;0,16;0,15;0,3;80;-0,3;0,05;-228,15;22169,6;10;323;97;420
0,42;0,11;0,05;0,2;80;-0,5;-0,08;-228,36;14825,26;10;373;47;420
0,42;0,11;0,15;0,2;80;-0,5;0,05;-228,36;19177,1;10;335;85;420
0,42;0,11;0,05;0,3;80;-0,5;0,05;-228,57;20185,96;15;353;67;420
0,42;0,05;0,15;0,2;105;-0,3;0,05;-228,94;25251,42;15;339;81;420
0,42;0,01;0,05;0,25;105;-0,3;-0,08;-230,03;20926,4;15;372;48;420
0,42;0,11;0,05;0,2;80;-0,5;-0,01;-230,56;14827,46;10;373;47;420
0,42;0,16;0,15;0,3;80;-0,3;-0,08;-230,58;22160,75;10;322;98;420
0,42;0,21;0,15;0,35;80;-0,5;-0,01;-231,02;23240,83;10;314;106;420
0,42;0,01;0,15;0,25;105;-0,5;0,05;-231,84;22485,02;10;353;67;420
0,42;0,11;0,1;0,35;80;-0,5;0,05;-231,85;21908,87;10;336;84;420
0,42;0,01;0,1;0,35;60;-0,5;0,05;-231,94;15596,25;10;338;82;420
0,42;0,21;0,15;0,25;80;-0,3;-0,08;-231,95;22787,98;15;316;104;420
0,42;0,05;0,15;0,3;80;-0,3;0,05;-232,01;21353,92;10;327;93;420
0,42;0,01;0,1;0,35;60;-0,5;-0,01;-232,56;15592,95;10;337;83;420
0,42;0,01;0,15;0,25;105;-0,3;0,05;-233,19;22486,37;10;353;67;420
0,42;0,05;0,15;0,3;80;-0,5;-0,08;-233,5;21343,93;10;326;94;420
0,42;0,01;0,1;0,3;105;-0,5;-0,01;-233,6;24422,68;15;347;73;420
0,42;0,01;0,1;0,3;105;-0,3;-0,08;-233,79;24421,74;15;347;73;420
0,42;0,01;0,1;0,35;60;-0,3;-0,01;-233,86;15603,29;10;337;83;420
0,42;0,21;0,15;0,35;80;-0,5;-0,08;-234,03;23232,18;10;313;107;420
0,42;0,01;0,1;0,35;60;-0,5;-0,08;-234,37;15590,22;10;337;83;420
0,42;0,05;0,15;0,25;105;-0,3;-0,01;-235,7;27770,26;15;330;90;420
0,42;0,11;0,15;0,3;105;-0,5;-0,08;-235,71;27862,83;10;331;89;420
0,42;0,05;0,15;0,2;105;-0,3;-0,01;-235,77;26064,26;15;337;83;420
0,42;0,16;0,15;0,3;80;-0,3;-0,01;-236,01;22172,23;10;322;98;420
0,42;0,05;0,15;0,3;80;-0,5;-0,01;-236,22;21352,8;10;326;94;420
0,42;0,11;0,1;0,35;80;-0,3;0,05;-236,7;21913,72;10;336;84;420
0,42;0,11;0,15;0,2;105;-0,5;-0,08;-237,12;26717,71;15;332;88;420
0,42;0,01;0,15;0,25;105;-0,5;-0,01;-237,2;22538,76;10;353;67;420
0,42;0,01;0,15;0,2;80;-0,5;-0,01;-237,21;17133,95;10;348;72;420
0,42;0,01;0,1;0,35;60;-0,3;-0,08;-237,76;15598,11;10;337;83;420
0,42;0,21;0,15;0,25;80;-0,3;0,05;-237,85;22762,17;15;317;103;420
0,42;0,11;0,1;0,35;80;-0,5;-0,01;-238,25;21904,58;10;334;86;420
0,42;0,21;0,15;0,2;60;-0,5;-0,01;-238,66;15883,08;10;323;97;420
0,42;0,21;0,15;0,25;80;-0,3;-0,01;-238,87;22764,34;15;316;104;420
0,42;0,01;0,1;0,35;60;-0,5;0,05;-238,93;16715,72;15;323;97;420
0,42;0,01;0,15;0,25;105;-0,3;-0,01;-239,47;22541,03;10;353;67;420
0,42;0,05;0,15;0,3;80;-0,3;-0,08;-240,28;21350,71;10;326;94;420
0,42;0,05;0,15;0,25;105;-0,5;-0,08;-240,93;27730,59;15;330;90;420
0,42;0,01;0,1;0,35;80;-0,3;0,05;-242,09;21465,4;15;332;88;420
0,42;0,21;0,15;0,35;80;-0,3;-0,01;-242,66;23252,47;10;314;106;420
0,42;0,01;0,15;0,3;80;-0,5;0,05;-242,68;21282,4;15;329;91;420
0,42;0,11;0,1;0,35;80;-0,3;-0,01;-243,18;21909,51;10;334;86;420
0,42;0,01;0,15;0,2;60;-0,3;-0,01;-243,28;14281,58;10;340;80;420
0,42;0,01;0,15;0,3;80;-0,3;-0,01;-243,48;21295,61;15;329;91;420
0,42;0,01;0,05;0,25;80;-0,5;-0,08;-244,11;17468,06;15;363;57;420
0,42;0,01;0,15;0,2;80;-0,3;-0,01;-244,19;17202,75;10;348;72;420
0,42;0,01;0,05;0,25;80;-0,3;-0,08;-244,62;17468,57;15;363;57;420
0,42;0,16;0,15;0,2;80;-0,5;-0,01;-245,03;19317,75;10;329;91;420
0,42;0,11;0,15;0,2;80;-0,3;-0,08;-245,04;19404,98;10;333;87;420
0,42;0,05;0,15;0,3;80;-0,3;-0,01;-245,69;21362,27;10;326;94;420
0,42;0,05;0,15;0,2;80;-0,3;0,05;-246,3;18746,63;10;341;79;420
0,42;0,16;0,15;0,35;60;-0,3;0,05;-247,31;18592,3;10;308;112;420
0,42;0,01;0,15;0,3;80;-0,3;-0,08;-247,85;21284,59;15;329;91;420
0,42;0,01;0,05;0,25;80;-0,5;-0,01;-248,19;17472,14;15;363;57;420
0,42;0,01;0,05;0,25;80;-0,3;-0,01;-248,97;17472,92;15;363;57;420
0,42;0,01;0,05;0,3;105;-0,5;0,05;-249,16;18252,14;10;375;45;420
0,42;0,01;0,05;0,3;105;-0,5;-0,01;-249,21;18244,42;10;375;45;420
0,42;0,01;0,15;0,2;80;-0,5;-0,08;-250,26;17152,43;10;348;72;420
0,42;0,01;0,15;0,25;60;-0,3;-0,01;-250,8;16546,29;15;318;102;420
0,42;0,01;0,15;0,25;60;-0,5;-0,08;-251,61;16524,49;15;318;102;420
0,42;0,01;0,05;0,3;105;-0,5;-0,08;-251,73;18237,96;10;375;45;420
0,42;0,11;0,15;0,3;80;-0,5;-0,08;-251,89;24067,56;15;308;112;420
0,42;0,01;0,15;0,25;60;-0,5;0,05;-252,47;16525,35;15;318;102;420
0,42;0,16;0,15;0,2;80;-0,3;-0,01;-252,51;19420,57;10;329;91;420
0,42;0,01;0,15;0,35;60;-0,5;0,05;-252,62;16915,76;15;310;110;420
0,42;0,01;0,15;0,2;80;-0,5;0,05;-252,69;16887,44;10;349;71;420
0,42;0,05;0,15;0,25;105;-0,5;0,05;-252,7;27742,36;15;330;90;420
0,42;0,01;0,05;0,3;105;-0,3;-0,01;-253,06;18248,27;10;375;45;420
0,42;0,11;0,15;0,3;105;-0,5;-0,01;-253,18;27880,3;10;331;89;420
0,42;0,01;0,05;0,25;80;-0,3;0,05;-253,75;17477,7;15;363;57;420
0,42;0,01;0,05;0,25;80;-0,5;0,05;-253,75;17477,7;15;363;57;420
0,42;0,01;0,15;0,25;60;-0,5;-0,01;-254,16;16527,04;15;318;102;420
0,42;0,01;0,05;0,3;105;-0,3;0,05;-254,3;18257,28;10;375;45;420
0,42;0,01;0,15;0,2;60;-0,3;-0,08;-254,64;14236,07;10;340;80;420
0,42;0,01;0,05;0,3;105;-0,3;-0,08;-255,09;18241,32;10;375;45;420
0,42;0,16;0,15;0,25;80;-0,5;-0,08;-255,24;22708,64;15;312;108;420
0,42;0,16;0,15;0,25;80;-0,5;0,05;-255,42;22720,15;15;313;107;420
0,42;0,01;0,15;0,2;60;-0,3;0,05;-255,97;14077,64;10;340;80;420
0,42;0,05;0,15;0,25;105;-0,5;-0,01;-257,53;27747,19;15;330;90;420
0,42;0,01;0,15;0,35;60;-0,3;0,05;-258,07;16921,21;15;310;110;420
0,42;0,01;0,15;0,25;60;-0,3;-0,08;-258,47;16540,65;15;318;102;420
0,42;0,01;0,05;0,3;80;-0,5;-0,08;-258,89;18746,72;15;362;58;420
0,42;0,16;0,15;0,25;80;-0,5;-0,01;-258,91;22718,38;15;312;108;420
0,42;0,11;0,15;0,3;80;-0,5;-0,01;-259,4;24080,79;15;308;112;420
0,42;0,01;0,15;0,35;60;-0,5;-0,01;-260,16;16915,27;15;308;112;420
0,42;0,11;0,15;0,3;105;-0,5;0,05;-260,43;27887,55;10;330;90;420
0,42;0,01;0,05;0,35;105;-0,5;-0,08;-260,84;18779,82;10;372;48;420
0,42;0,01;0,15;0,2;80;-0,3;-0,08;-261,15;17201,1;10;348;72;420
0,42;0,01;0,05;0,3;80;-0,3;-0,08;-262,03;18749,86;15;362;58;420
0,42;0,01;0,05;0,3;80;-0,5;-0,01;-262,37;18750,2;15;362;58;420
0,42;0,01;0,05;0,3;105;-0,5;-0,08;-262,59;21501,38;15;368;52;420
0,42;0,01;0,05;0,35;105;-0,3;-0,08;-263;18781,98;10;372;48;420
0,42;0,05;0,15;0,35;80;-0,5;0,05;-263,46;22914,31;10;323;97;420
0,42;0,01;0,05;0,3;105;-0,3;-0,08;-263,79;21502,58;15;368;52;420
0,42;0,01;0,05;0,25;105;-0,5;-0,08;-263,8;20917,57;15;372;48;420
0,42;0,01;0,05;0,25;105;-0,5;-0,01;-264,89;20919,88;15;372;48;420
0,42;0,01;0,05;0,3;105;-0,5;-0,01;-265,02;21504,94;15;368;52;420
0,42;0,01;0,15;0,35;60;-0,3;-0,01;-265,64;16920,75;15;308;112;420
0,42;0,01;0,05;0,3;80;-0,3;-0,01;-266,6;18754,43;15;362;58;420
0,42;0,01;0,05;0,35;105;-0,5;-0,01;-266,76;18786,97;10;372;48;420
0,42;0,01;0,15;0,2;60;-0,5;-0,01;-266,87;14209,3;10;340;80;420
0,42;0,05;0,15;0,35;80;-0,5;-0,01;-267,23;22907,45;10;321;99;420
0,42;0,01;0,05;0,3;105;-0,3;-0,01;-267,38;21507,3;15;368;52;420
0,42;0,11;0,15;0,35;60;-0,5;0,05;-267,64;19379,53;15;295;125;420
0,42;0,01;0,15;0,35;60;-0,5;-0,08;-268,11;16913,93;15;308;112;420
0,42;0,11;0,15;0,2;80;-0,5;-0,08;-268,79;19334,75;10;333;87;420
0,42;0,05;0,15;0,35;60;-0,5;0,05;-269,22;18576,71;15;299;121;420
0,42;0,01;0,15;0,2;60;-0,5;-0,08;-269,85;14223,94;10;340;80;420
0,42;0,01;0,15;0,25;60;-0,3;0,05;-270,58;16537,58;15;319;101;420
0,42;0,05;0,15;0,35;80;-0,5;-0,08;-271,74;22899,68;10;321;99;420
0,42;0,11;0,15;0,3;80;-0,3;-0,08;-272,07;24057,78;15;308;112;420
0,42;0,05;0,15;0,35;60;-0,3;0,05;-272,87;18580,36;15;299;121;420
0,42;0,11;0,15;0,3;80;-0,5;0,05;-273,79;24080,13;15;308;112;420
0,42;0,01;0,15;0,35;60;-0,3;-0,08;-274,11;16919,93;15;308;112;420
0,42;0,05;0,15;0,35;80;-0,3;-0,01;-274,13;22921,79;10;321;99;420
0,42;0,16;0,15;0,2;80;-0,5;0,05;-274,15;19026,18;10;331;89;420
0,42;0,11;0,15;0,35;60;-0,5;-0,01;-274,26;19378,05;15;293;127;420
0,42;0,16;0,15;0,25;80;-0,3;0,05;-274,59;22721,31;15;313;107;420
0,42;0,05;0,15;0,35;60;-0,5;-0,01;-274,65;18574,08;15;296;124;420
0,42;0,16;0,15;0,25;80;-0,3;-0,08;-274,84;22710,23;15;312;108;420
0,42;0,11;0,15;0,3;80;-0,3;-0,01;-274,9;24072,09;15;308;112;420
0,42;0,11;0,15;0,35;60;-0,3;0,05;-275,75;19387,64;15;295;125;420
0,42;0,11;0,15;0,35;60;-0,5;-0,08;-278,76;19373,19;15;293;127;420
0,42;0,16;0,15;0,2;80;-0,5;-0,08;-279,45;19361,42;10;328;92;420
0,42;0,16;0,15;0,2;80;-0,3;0,05;-279,46;18988,54;10;331;89;420
0,42;0,16;0,15;0,25;80;-0,3;-0,01;-281,01;22722,47;15;312;108;420
0,42;0,11;0,15;0,35;60;-0,3;-0,01;-285,36;19389,15;15;293;127;420
0,42;0,01;0,15;0,2;60;-0,5;0,05;-289,15;14084,01;10;339;81;420
0,42;0,01;0,15;0,2;105;-0,3;-0,01;-289,46;24016,71;15;346;74;420
0,42;0,16;0,15;0,2;80;-0,3;-0,08;-293,99;19376,08;10;328;92;420
0,42;0,01;0,15;0,2;80;-0,3;-0,01;-295,47;19932,65;15;335;85;420
0,42;0,16;0,15;0,3;60;-0,5;-0,08;-296,54;17681,39;10;310;110;420
0,42;0,01;0,15;0,35;60;-0,3;0,05;-297,69;16189,72;10;327;93;420
0,42;0,16;0,15;0,3;60;-0,5;-0,01;-300,78;17689,57;10;310;110;420
0,42;0,16;0,15;0,3;60;-0,3;-0,08;-301,29;17686,14;10;310;110;420
0,42;0,01;0,15;0,3;80;-0,3;0,05;-302,61;21270,84;15;329;91;420
0,42;0,01;0,15;0,35;60;-0,5;0,05;-305,4;16184,46;10;326;94;420
0,42;0,01;0,15;0,2;105;-0,5;-0,01;-305,46;23608,84;15;346;74;420
0,42;0,16;0,15;0,3;60;-0,3;-0,01;-305,83;17694,62;10;310;110;420
0,42;0,16;0,15;0,35;60;-0,5;-0,08;-308,41;19457,67;15;288;132;420
0,42;0,01;0,15;0,2;80;-0,3;-0,08;-309,88;19771,62;15;334;86;420
0,42;0,01;0,15;0,35;60;-0,5;-0,01;-310,87;16186,01;10;325;95;420
0,42;0,16;0,15;0,3;60;-0,5;0,05;-312,12;17684,32;10;310;110;420
0,42;0,16;0,15;0,3;60;-0,3;0,05;-312,28;17684,48;10;310;110;420
0,42;0,01;0,15;0,35;60;-0,5;-0,08;-312,8;16183,4;10;325;95;420
0,42;0,16;0,15;0,35;60;-0,3;-0,08;-313,23;19467,77;15;288;132;420
0,42;0,16;0,15;0,35;60;-0,5;-0,01;-313,23;19466,84;15;288;132;420
0,42;0,01;0,15;0,35;60;-0,3;-0,01;-314,75;16198,93;10;325;95;420
0,42;0,16;0,15;0,25;105;-0,5;-0,08;-315,09;25665,74;10;336;84;420
0,42;0,01;0,15;0,2;105;-0,3;0,05;-316,08;23141,96;15;347;73;420
0,42;0,01;0,15;0,2;80;-0,5;-0,08;-316,33;19659,06;15;335;85;420
0,42;0,01;0,15;0,35;60;-0,3;-0,08;-319,09;16194,19;10;325;95;420
0,42;0,01;0,15;0,2;80;-0,5;-0,01;-321,25;19681,71;15;335;85;420
0,42;0,01;0,15;0,35;80;-0,5;-0,08;-326,92;22256,3;15;317;103;420
0,42;0,01;0,15;0,2;80;-0,3;0,05;-328,82;19451,44;15;336;84;420
0,42;0,01;0,15;0,35;80;-0,5;-0,01;-329,15;22264,68;15;317;103;420
0,42;0,01;0,15;0,35;80;-0,5;0,05;-330,89;22271,74;15;318;102;420
0,42;0,01;0,15;0,2;105;-0,3;-0,08;-334,84;23609,4;15;345;75;420
0,42;0,01;0,15;0,2;105;-0,5;-0,08;-345,98;23528,02;15;345;75;420
0,42;0,01;0,15;0,35;80;-0,3;-0,01;-349,7;22284,82;15;317;103;420
0,42;0,01;0,15;0,3;60;-0,5;-0,01;-351,5;15308,6;10;326;94;420
0,42;0,01;0,15;0,2;105;-0,5;0,05;-352,98;23160,62;15;346;74;420
0,42;0,01;0,15;0,35;80;-0,3;-0,08;-355,32;22272,56;15;317;103;420
0,42;0,01;0,15;0,3;60;-0,5;-0,08;-356,26;15305;10;326;94;420
0,42;0,01;0,15;0,2;80;-0,5;0,05;-356,62;19445,14;15;335;85;420
0,42;0,01;0,15;0,25;80;-0,5;-0,08;-357,91;20139,54;15;330;90;420
0,42;0,01;0,15;0,3;60;-0,3;-0,01;-358,02;15315,12;10;326;94;420
0,42;0,01;0,15;0,3;60;-0,5;0,05;-361,33;15305,67;10;327;93;420
0,42;0,01;0,15;0,3;60;-0,3;-0,08;-362;15310,74;10;326;94;420
0,42;0,01;0,15;0,25;80;-0,5;-0,01;-365,47;20152,93;15;330;90;420
0,42;0,01;0,15;0,3;60;-0,3;0,05;-366,48;15310,82;10;327;93;420
0,42;0,01;0,15;0,25;80;-0,3;-0,08;-367,47;20149,1;15;330;90;420
0,42;0,01;0,15;0,35;80;-0,5;0,05;-369,22;20250,86;10;334;86;420
0,42;0,01;0,15;0,35;80;-0,5;-0,01;-376,72;20246,95;10;332;88;420
